
===== PIPELINE RUN START 2026-08-13T00:01:12 [run_pipeline_persistent] =====

===== PIPELINE RUN START 2026-08-13T00:02:24 [run_pipeline_persistent] =====

--- RSS Fetch Errors at 2026-08-13 00:05:58 ---
Error fetching https://aihirfolyam.hu/feed: Failed to perform, curl: (28) Connection timed out after 10002 milliseconds. See https://curl.se/libcurl/c/libcurl-errors.html first for more details.
Error fetching https://player.hu/feed: Failed to perform, curl: (28) Connection timed out after 10002 milliseconds. See https://curl.se/libcurl/c/libcurl-errors.html first for more details.

--- RSS Fetch Errors at 2026-08-13 00:06:04 ---
Error fetching https://sorozatjunkie.hu/feed: Failed to perform, curl: (28) Connection timed out after 10002 milliseconds. See https://curl.se/libcurl/c/libcurl-errors.html first for more details.
Error fetching https://index.hu/tudomany/til/rss/: Failed to perform, curl: (28) Connection timed out after 10001 milliseconds. See https://curl.se/libcurl/c/libcurl-errors.html first for more details.
Error fetching https://sokszinuvidek.24.hu/feed/: Failed to perform, curl: (28) Connection timed out after 10001 milliseconds. See https://curl.se/libcurl/c/libcurl-errors.html first for more details.

===== PIPELINE RUN START 2026-08-13T00:07:30 [run_pipeline_persistent] =====

===== PIPELINE RUN START 2026-08-13T00:08:49 [run_pipeline_persistent] =====

--- RSS Fetch Errors at 2026-08-13 00:10:05 ---
Error fetching https://aihirfolyam.hu/feed: Failed to perform, curl: (28) Connection timed out after 10002 milliseconds. See https://curl.se/libcurl/c/libcurl-errors.html first for more details.
Error fetching https://player.hu/feed: Failed to perform, curl: (28) Connection timed out after 10002 milliseconds. See https://curl.se/libcurl/c/libcurl-errors.html first for more details.
Error fetching https://index.hu/tudomany/til/rss/: Failed to perform, curl: (28) Operation timed out after 25002 milliseconds with 0 bytes received. See https://curl.se/libcurl/c/libcurl-errors.html first for more details.
[00:10:38] Image_Downloader: Download failed (https://kep.cdn.index.hu/1/0/7097/70975/709758/70975853_5234671_b7c00efe7aa29f65623f339e13e58bc9_wm.jpg): HTTPSConnectionPool(host='kep.cdn.index.hu', port=443): Read timed out. (read timeout=5)
[00:11:11] Summarizer: [Batch] No response from API (attempt 1/3)

===== PIPELINE RUN START 2026-08-13T00:12:30 [run_pipeline_persistent] =====

===== PIPELINE RUN START 2026-08-13T00:13:49 [run_pipeline_persistent] =====

===== PIPELINE RUN START 2026-08-13T00:17:30 [run_pipeline_persistent] =====

===== PIPELINE RUN START 2026-08-13T00:18:49 [run_pipeline_persistent] =====

--- RSS Fetch Errors at 2026-08-13 00:19:39 ---
Error fetching https://sorozatjunkie.hu/feed: Failed to perform, curl: (28) Connection timed out after 10003 milliseconds. See https://curl.se/libcurl/c/libcurl-errors.html first for more details.

===== PIPELINE RUN START 2026-08-13T00:22:30 [run_pipeline_persistent] =====

===== PIPELINE RUN START 2026-08-13T00:23:49 [run_pipeline_persistent] =====

--- RSS Fetch Errors at 2026-08-13 00:25:18 ---
Error fetching https://femina.hu/24ora/rss.xml: Failed to perform, curl: (28) Connection timed out after 10001 milliseconds. See https://curl.se/libcurl/c/libcurl-errors.html first for more details.
Error fetching https://www.economx.hu/feed: Failed to perform, curl: (28) Connection timed out after 10003 milliseconds. See https://curl.se/libcurl/c/libcurl-errors.html first for more details.

===== PIPELINE RUN START 2026-08-13T00:27:30 [run_pipeline_persistent] =====

===== PIPELINE RUN START 2026-08-13T00:28:49 [run_pipeline_persistent] =====

===== PIPELINE RUN START 2026-08-13T00:33:49 [run_pipeline_persistent] =====

===== PIPELINE RUN START 2026-08-13T00:38:50 [run_pipeline_persistent] =====

--- RSS Fetch Errors at 2026-08-13 00:39:25 ---
Error fetching https://player.hu/feed: Failed to perform, curl: (28) Connection timed out after 10002 milliseconds. See https://curl.se/libcurl/c/libcurl-errors.html first for more details.

===== PIPELINE RUN START 2026-08-13T00:40:47 [run_pipeline_persistent] =====
[00:41:13] Summarizer: [Batch] No response from API (attempt 1/3)

===== PIPELINE RUN START 2026-08-13T00:43:50 [run_pipeline_persistent] =====

===== PIPELINE RUN START 2026-08-13T00:45:47 [run_pipeline_persistent] =====

--- RSS Fetch Errors at 2026-08-13 00:46:43 ---
Error fetching https://femina.hu/24ora/rss.xml: Failed to perform, curl: (28) Connection timed out after 10003 milliseconds. See https://curl.se/libcurl/c/libcurl-errors.html first for more details.
Error fetching https://starity.hu/magazin/rss/: Failed to perform, curl: (28) Connection timed out after 10003 milliseconds. See https://curl.se/libcurl/c/libcurl-errors.html first for more details.

===== PIPELINE RUN START 2026-08-13T00:48:50 [run_pipeline_persistent] =====

===== PIPELINE RUN START 2026-08-13T00:50:47 [run_pipeline_persistent] =====

--- RSS Fetch Errors at 2026-08-13 00:52:31 ---
Error fetching https://www.hwsw.hu/xml/latest_news_rss.xml: Failed to perform, curl: (28) Connection timed out after 10003 milliseconds. See https://curl.se/libcurl/c/libcurl-errors.html first for more details.

===== PIPELINE RUN START 2026-08-13T00:53:50 [run_pipeline_persistent] =====

===== PIPELINE RUN START 2026-08-13T00:55:47 [run_pipeline_persistent] =====

--- RSS Fetch Errors at 2026-08-13 00:57:19 ---
Error fetching https://www.maxim.com/feed: Failed to perform, curl: (28) Connection timed out after 10002 milliseconds. See https://curl.se/libcurl/c/libcurl-errors.html first for more details.

===== PIPELINE RUN START 2026-08-13T00:58:50 [run_pipeline_persistent] =====

===== PIPELINE RUN START 2026-08-13T01:00:48 [run_pipeline_persistent] =====

--- RSS Fetch Errors at 2026-08-13 01:01:58 ---
Error fetching https://www.maxim.com/feed: Failed to perform, curl: (28) Connection timed out after 10002 milliseconds. See https://curl.se/libcurl/c/libcurl-errors.html first for more details.

===== PIPELINE RUN START 2026-08-13T01:03:50 [run_pipeline_persistent] =====

--- RSS Fetch Errors at 2026-08-13 01:05:32 ---
Error fetching https://femina.hu/24ora/rss.xml: Failed to perform, curl: (28) Resolving timed out after 10002 milliseconds. See https://curl.se/libcurl/c/libcurl-errors.html first for more details.
Error fetching https://roadster.hu/feed: Failed to perform, curl: (28) Connection timed out after 10003 milliseconds. See https://curl.se/libcurl/c/libcurl-errors.html first for more details.
Error fetching https://www.playboy.com/read/celebrities/feed: Failed to perform, curl: (28) Connection timed out after 10002 milliseconds. See https://curl.se/libcurl/c/libcurl-errors.html first for more details.

===== PIPELINE RUN START 2026-08-13T01:05:48 [run_pipeline_persistent] =====

--- RSS Fetch Errors at 2026-08-13 01:08:08 ---
Error fetching https://www.hwsw.hu/xml/latest_news_rss.xml: Failed to perform, curl: (28) Connection timed out after 10003 milliseconds. See https://curl.se/libcurl/c/libcurl-errors.html first for more details.
Error fetching https://starity.hu/magazin/rss/: Failed to perform, curl: (28) Connection timed out after 10003 milliseconds. See https://curl.se/libcurl/c/libcurl-errors.html first for more details.

===== PIPELINE RUN START 2026-08-13T01:08:50 [run_pipeline_persistent] =====

===== PIPELINE RUN START 2026-08-13T01:10:48 [run_pipeline_persistent] =====

--- RSS Fetch Errors at 2026-08-13 01:12:01 ---
Error fetching https://sokszinuvidek.24.hu/?oembed=true&format=xml&url=https%3A%2F%2Fsokszinuvidek.24.hu%2F: Failed to perform, curl: (28) Connection timed out after 10003 milliseconds. See https://curl.se/libcurl/c/libcurl-errors.html first for more details.
Error fetching https://aihirfolyam.hu/feed: Failed to perform, curl: (28) Operation timed out after 25003 milliseconds with 0 bytes received. See https://curl.se/libcurl/c/libcurl-errors.html first for more details.

===== PIPELINE RUN START 2026-08-13T01:13:51 [run_pipeline_persistent] =====

===== PIPELINE RUN START 2026-08-13T01:15:48 [run_pipeline_persistent] =====

--- RSS Fetch Errors at 2026-08-13 01:17:16 ---
Error fetching https://sorozatjunkie.hu/feed: Failed to perform, curl: (28) Connection timed out after 10001 milliseconds. See https://curl.se/libcurl/c/libcurl-errors.html first for more details.
Error fetching https://bankless.com/feed: Failed to perform, curl: (28) Connection timed out after 10003 milliseconds. See https://curl.se/libcurl/c/libcurl-errors.html first for more details.
Error fetching https://mafab.hu/rss: Failed to perform, curl: (28) Connection timed out after 10002 milliseconds. See https://curl.se/libcurl/c/libcurl-errors.html first for more details.

===== PIPELINE RUN START 2026-08-13T01:18:51 [run_pipeline_persistent] =====

--- RSS Fetch Errors at 2026-08-13 01:20:16 ---
Error fetching https://aihirfolyam.hu/feed: Failed to perform, curl: (28) Connection timed out after 10003 milliseconds. See https://curl.se/libcurl/c/libcurl-errors.html first for more details.
Error fetching https://sorozatjunkie.hu/feed: Failed to perform, curl: (28) Connection timed out after 10003 milliseconds. See https://curl.se/libcurl/c/libcurl-errors.html first for more details.
Error fetching https://starity.hu/magazin/rss/: Failed to perform, curl: (28) Connection timed out after 10002 milliseconds. See https://curl.se/libcurl/c/libcurl-errors.html first for more details.
Error fetching https://www.playboy.com/read/sex-relationships/feed: Failed to perform, curl: (28) Connection timed out after 10001 milliseconds. See https://curl.se/libcurl/c/libcurl-errors.html first for more details.

===== PIPELINE RUN START 2026-08-13T01:20:48 [run_pipeline_persistent] =====

===== PIPELINE RUN START 2026-08-13T01:23:51 [run_pipeline_persistent] =====

--- RSS Fetch Errors at 2026-08-13 01:25:40 ---
Error fetching https://www.hwsw.hu/xml/latest_news_rss.xml: Failed to perform, curl: (28) Connection timed out after 10003 milliseconds. See https://curl.se/libcurl/c/libcurl-errors.html first for more details.
Error fetching https://www.playboy.com/read/classics/feed: Failed to perform, curl: (28) Connection timed out after 10003 milliseconds. See https://curl.se/libcurl/c/libcurl-errors.html first for more details.
Error fetching https://sokszinuvidek.24.hu/feed/: Failed to perform, curl: (28) Connection timed out after 10002 milliseconds. See https://curl.se/libcurl/c/libcurl-errors.html first for more details.

===== PIPELINE RUN START 2026-08-13T01:25:49 [run_pipeline_persistent] =====

--- RSS Fetch Errors at 2026-08-13 01:27:32 ---
Error fetching https://sorozatjunkie.hu/feed: Failed to perform, curl: (28) Operation timed out after 25002 milliseconds with 0 bytes received. See https://curl.se/libcurl/c/libcurl-errors.html first for more details.
Error fetching https://wallstreetzen.com/blog/feed/: Failed to perform, curl: (28) Operation timed out after 25003 milliseconds with 0 bytes received. See https://curl.se/libcurl/c/libcurl-errors.html first for more details.

===== PIPELINE RUN START 2026-08-13T01:28:51 [run_pipeline_persistent] =====

===== PIPELINE RUN START 2026-08-13T01:30:49 [run_pipeline_persistent] =====

--- RSS Fetch Errors at 2026-08-13 01:31:58 ---
Error fetching https://femina.hu/24ora/rss.xml: Failed to perform, curl: (28) Connection timed out after 10003 milliseconds. See https://curl.se/libcurl/c/libcurl-errors.html first for more details.
Error fetching https://index.hu/tudomany/til/rss/: Failed to perform, curl: (28) Connection timed out after 10003 milliseconds. See https://curl.se/libcurl/c/libcurl-errors.html first for more details.

--- RSS Fetch Errors at 2026-08-13 01:32:42 ---
Error fetching https://aihirfolyam.hu/feed: Failed to perform, curl: (28) Resolving timed out after 10002 milliseconds. See https://curl.se/libcurl/c/libcurl-errors.html first for more details.
Error fetching https://starity.hu/magazin/rss/: Failed to perform, curl: (28) Connection timed out after 10002 milliseconds. See https://curl.se/libcurl/c/libcurl-errors.html first for more details.

===== PIPELINE RUN START 2026-08-13T01:33:51 [run_pipeline_persistent] =====

===== PIPELINE RUN START 2026-08-13T01:35:49 [run_pipeline_persistent] =====

===== PIPELINE RUN START 2026-08-13T01:38:52 [run_pipeline_persistent] =====

===== PIPELINE RUN START 2026-08-13T01:40:49 [run_pipeline_persistent] =====

===== PIPELINE RUN START 2026-08-13T01:43:52 [run_pipeline_persistent] =====

===== PIPELINE RUN START 2026-08-13T01:45:49 [run_pipeline_persistent] =====

--- RSS Fetch Errors at 2026-08-13 01:47:16 ---
Error fetching https://www.hwsw.hu/xml/latest_news_rss.xml: Failed to perform, curl: (28) Connection timed out after 10002 milliseconds. See https://curl.se/libcurl/c/libcurl-errors.html first for more details.
Error fetching https://sokszinuvidek.24.hu/feed/: Failed to perform, curl: (28) Connection timed out after 10002 milliseconds. See https://curl.se/libcurl/c/libcurl-errors.html first for more details.

--- RSS Fetch Errors at 2026-08-13 01:48:14 ---
Error fetching https://femina.hu/24ora/rss.xml: Failed to perform, curl: (28) Connection timed out after 10002 milliseconds. See https://curl.se/libcurl/c/libcurl-errors.html first for more details.
Error fetching https://www.economx.hu/feed: Failed to perform, curl: (28) Connection timed out after 10002 milliseconds. See https://curl.se/libcurl/c/libcurl-errors.html first for more details.

===== PIPELINE RUN START 2026-08-13T01:48:52 [run_pipeline_persistent] =====

===== PIPELINE RUN START 2026-08-13T01:50:50 [run_pipeline_persistent] =====

===== PIPELINE RUN START 2026-08-13T01:53:52 [run_pipeline_persistent] =====

--- RSS Fetch Errors at 2026-08-13 01:55:21 ---
Error fetching https://sorozatjunkie.hu/feed: Failed to perform, curl: (28) Connection timed out after 10001 milliseconds. See https://curl.se/libcurl/c/libcurl-errors.html first for more details.

===== PIPELINE RUN START 2026-08-13T01:55:50 [run_pipeline_persistent] =====

--- RSS Fetch Errors at 2026-08-13 01:57:52 ---
Error fetching https://www.playboy.com/read/celebrities/feed: Failed to perform, curl: (28) Connection timed out after 10003 milliseconds. See https://curl.se/libcurl/c/libcurl-errors.html first for more details.
Error fetching https://www.economx.hu/feed: Failed to perform, curl: (28) Operation timed out after 25002 milliseconds with 0 bytes received. See https://curl.se/libcurl/c/libcurl-errors.html first for more details.

===== PIPELINE RUN START 2026-08-13T01:58:52 [run_pipeline_persistent] =====

===== PIPELINE RUN START 2026-08-13T02:00:50 [run_pipeline_persistent] =====

--- RSS Fetch Errors at 2026-08-13 02:01:46 ---
Error fetching https://www.economx.hu/feed: Failed to perform, curl: (28) Connection timed out after 10003 milliseconds. See https://curl.se/libcurl/c/libcurl-errors.html first for more details.

===== PIPELINE RUN START 2026-08-13T02:03:52 [run_pipeline_persistent] =====

--- RSS Fetch Errors at 2026-08-13 02:05:31 ---
Error fetching https://sorozatjunkie.hu/feed: Failed to perform, curl: (28) Connection timed out after 10001 milliseconds. See https://curl.se/libcurl/c/libcurl-errors.html first for more details.
Error fetching https://azutazo.hu/feed: Failed to perform, curl: (28) Connection timed out after 10002 milliseconds. See https://curl.se/libcurl/c/libcurl-errors.html first for more details.
Error fetching https://aihirfolyam.hu/feed: Failed to perform, curl: (28) Operation timed out after 25003 milliseconds with 0 bytes received. See https://curl.se/libcurl/c/libcurl-errors.html first for more details.

===== PIPELINE RUN START 2026-08-13T02:05:50 [run_pipeline_persistent] =====

===== PIPELINE RUN START 2026-08-13T02:08:53 [run_pipeline_persistent] =====

--- RSS Fetch Errors at 2026-08-13 02:10:27 ---
Error fetching https://femina.hu/24ora/rss.xml: Failed to perform, curl: (28) Connection timed out after 10003 milliseconds. See https://curl.se/libcurl/c/libcurl-errors.html first for more details.
Error fetching https://www.economx.hu/feed: Failed to perform, curl: (28) Operation timed out after 25003 milliseconds with 0 bytes received. See https://curl.se/libcurl/c/libcurl-errors.html first for more details.

===== PIPELINE RUN START 2026-08-13T02:10:50 [run_pipeline_persistent] =====

--- RSS Fetch Errors at 2026-08-13 02:12:27 ---
Error fetching https://aihirfolyam.hu/feed: Failed to perform, curl: (28) Connection timed out after 10003 milliseconds. See https://curl.se/libcurl/c/libcurl-errors.html first for more details.
Error fetching https://www.hwsw.hu/xml/latest_news_rss.xml: Failed to perform, curl: (28) Connection timed out after 10003 milliseconds. See https://curl.se/libcurl/c/libcurl-errors.html first for more details.
Error fetching https://starity.hu/magazin/rss/: Failed to perform, curl: (28) Operation timed out after 25003 milliseconds with 0 bytes received. See https://curl.se/libcurl/c/libcurl-errors.html first for more details.

===== PIPELINE RUN START 2026-08-13T02:13:53 [run_pipeline_persistent] =====

===== PIPELINE RUN START 2026-08-13T02:15:51 [run_pipeline_persistent] =====

===== PIPELINE RUN START 2026-08-13T02:18:53 [run_pipeline_persistent] =====

===== PIPELINE RUN START 2026-08-13T02:20:51 [run_pipeline_persistent] =====

--- RSS Fetch Errors at 2026-08-13 02:22:10 ---
Error fetching https://femina.hu/24ora/rss.xml: Failed to perform, curl: (28) Connection timed out after 10002 milliseconds. See https://curl.se/libcurl/c/libcurl-errors.html first for more details.
Error fetching https://aihirfolyam.hu/feed: Failed to perform, curl: (28) Operation timed out after 25002 milliseconds with 0 bytes received. See https://curl.se/libcurl/c/libcurl-errors.html first for more details.

--- RSS Fetch Errors at 2026-08-13 02:22:38 ---
Error fetching https://sorozatjunkie.hu/feed: Failed to perform, curl: (28) Connection timed out after 10003 milliseconds. See https://curl.se/libcurl/c/libcurl-errors.html first for more details.

===== PIPELINE RUN START 2026-08-13T02:23:53 [run_pipeline_persistent] =====

--- RSS Fetch Errors at 2026-08-13 02:25:22 ---
Error fetching https://sokszinuvidek.24.hu/feed/: Failed to perform, curl: (28) Connection timed out after 10003 milliseconds. See https://curl.se/libcurl/c/libcurl-errors.html first for more details.
Error fetching https://mafab.hu/rss: Failed to perform, curl: (28) Resolving timed out after 10002 milliseconds. See https://curl.se/libcurl/c/libcurl-errors.html first for more details.

===== PIPELINE RUN START 2026-08-13T02:25:51 [run_pipeline_persistent] =====

--- RSS Fetch Errors at 2026-08-13 02:27:25 ---
Error fetching https://www.economx.hu/feed: Failed to perform, curl: (28) Connection timed out after 10003 milliseconds. See https://curl.se/libcurl/c/libcurl-errors.html first for more details.
Error fetching https://www.hwsw.hu/xml/latest_news_rss.xml: Failed to perform, curl: (28) Connection timed out after 10002 milliseconds. See https://curl.se/libcurl/c/libcurl-errors.html first for more details.

===== PIPELINE RUN START 2026-08-13T02:28:53 [run_pipeline_persistent] =====

--- RSS Fetch Errors at 2026-08-13 02:30:26 ---
Error fetching https://www.economx.hu/feed: Failed to perform, curl: (28) Operation timed out after 25003 milliseconds with 0 bytes received. See https://curl.se/libcurl/c/libcurl-errors.html first for more details.

===== PIPELINE RUN START 2026-08-13T02:30:51 [run_pipeline_persistent] =====

--- RSS Fetch Errors at 2026-08-13 02:32:30 ---
Error fetching https://www.vice.com/feed/: HTTP Error 404: 
Error fetching https://aihirfolyam.hu/feed: Failed to perform, curl: (28) Connection timed out after 10003 milliseconds. See https://curl.se/libcurl/c/libcurl-errors.html first for more details.

===== PIPELINE RUN START 2026-08-13T02:33:53 [run_pipeline_persistent] =====

--- RSS Fetch Errors at 2026-08-13 02:35:22 ---
Error fetching https://sorozatjunkie.hu/feed: Failed to perform, curl: (28) Connection timed out after 10003 milliseconds. See https://curl.se/libcurl/c/libcurl-errors.html first for more details.

===== PIPELINE RUN START 2026-08-13T02:35:51 [run_pipeline_persistent] =====

--- RSS Fetch Errors at 2026-08-13 02:37:21 ---
Error fetching https://femina.hu/24ora/rss.xml: Failed to perform, curl: (28) Connection timed out after 10003 milliseconds. See https://curl.se/libcurl/c/libcurl-errors.html first for more details.
Error fetching https://www.maxim.com/feed: Failed to perform, curl: (28) Connection timed out after 10002 milliseconds. See https://curl.se/libcurl/c/libcurl-errors.html first for more details.
Error fetching https://prog.hu/hirek/rss: Failed to perform, curl: (28) Operation timed out after 25249 milliseconds with 0 bytes received. See https://curl.se/libcurl/c/libcurl-errors.html first for more details.

===== PIPELINE RUN START 2026-08-13T02:38:54 [run_pipeline_persistent] =====

--- RSS Fetch Errors at 2026-08-13 02:40:20 ---
Error fetching https://www.hwsw.hu/xml/latest_news_rss.xml: Failed to perform, curl: (28) Connection timed out after 10003 milliseconds. See https://curl.se/libcurl/c/libcurl-errors.html first for more details.
Error fetching https://starity.hu/magazin/rss/: Failed to perform, curl: (28) Connection timed out after 10003 milliseconds. See https://curl.se/libcurl/c/libcurl-errors.html first for more details.
Error fetching https://www.playboy.com/read/celebrities/feed: Failed to perform, curl: (28) Connection timed out after 10002 milliseconds. See https://curl.se/libcurl/c/libcurl-errors.html first for more details.
Error fetching https://www.vice.com/feed/: HTTP Error 404: 

===== PIPELINE RUN START 2026-08-13T02:40:52 [run_pipeline_persistent] =====

--- RSS Fetch Errors at 2026-08-13 02:42:26 ---
Error fetching https://player.hu/feed: Failed to perform, curl: (28) Connection timed out after 10003 milliseconds. See https://curl.se/libcurl/c/libcurl-errors.html first for more details.
Error fetching https://www.economx.hu/feed: Failed to perform, curl: (28) Operation timed out after 25003 milliseconds with 0 bytes received. See https://curl.se/libcurl/c/libcurl-errors.html first for more details.
Error fetching https://www.hwsw.hu/xml/latest_news_rss.xml: Failed to perform, curl: (28) Operation timed out after 25003 milliseconds with 0 bytes received. See https://curl.se/libcurl/c/libcurl-errors.html first for more details.

===== PIPELINE RUN START 2026-08-13T02:43:54 [run_pipeline_persistent] =====

--- RSS Fetch Errors at 2026-08-13 02:45:19 ---
Error fetching https://roadster.hu/feed: Failed to perform, curl: (28) Connection timed out after 10001 milliseconds. See https://curl.se/libcurl/c/libcurl-errors.html first for more details.

===== PIPELINE RUN START 2026-08-13T02:45:52 [run_pipeline_persistent] =====

--- RSS Fetch Errors at 2026-08-13 02:47:22 ---
Error fetching https://femina.hu/24ora/rss.xml: Failed to perform, curl: (28) Connection timed out after 10002 milliseconds. See https://curl.se/libcurl/c/libcurl-errors.html first for more details.
Error fetching https://index.hu/tudomany/til/rss/: Failed to perform, curl: (28) Connection timed out after 10003 milliseconds. See https://curl.se/libcurl/c/libcurl-errors.html first for more details.
Error fetching https://azutazo.hu/feed: Failed to perform, curl: (28) Connection timed out after 10000 milliseconds. See https://curl.se/libcurl/c/libcurl-errors.html first for more details.

===== PIPELINE RUN START 2026-08-13T02:48:54 [run_pipeline_persistent] =====

--- RSS Fetch Errors at 2026-08-13 02:50:22 ---
Error fetching https://starity.hu/magazin/rss/: Failed to perform, curl: (28) Connection timed out after 10002 milliseconds. See https://curl.se/libcurl/c/libcurl-errors.html first for more details.
Error fetching https://sokszinuvidek.24.hu/?oembed=true&format=xml&url=https%3A%2F%2Fsokszinuvidek.24.hu%2F: Failed to perform, curl: (28) Connection timed out after 10003 milliseconds. See https://curl.se/libcurl/c/libcurl-errors.html first for more details.

===== PIPELINE RUN START 2026-08-13T02:50:52 [run_pipeline_persistent] =====

--- RSS Fetch Errors at 2026-08-13 02:52:31 ---
Error fetching https://www.economx.hu/feed: Failed to perform, curl: (28) Connection timed out after 10002 milliseconds. See https://curl.se/libcurl/c/libcurl-errors.html first for more details.
Error fetching https://www.hwsw.hu/xml/latest_news_rss.xml: Failed to perform, curl: (28) Connection timed out after 10002 milliseconds. See https://curl.se/libcurl/c/libcurl-errors.html first for more details.
Error fetching https://sokszinuvidek.24.hu/feed/: Failed to perform, curl: (28) Connection timed out after 10001 milliseconds. See https://curl.se/libcurl/c/libcurl-errors.html first for more details.

===== PIPELINE RUN START 2026-08-13T02:53:54 [run_pipeline_persistent] =====

===== PIPELINE RUN START 2026-08-13T02:55:52 [run_pipeline_persistent] =====

--- RSS Fetch Errors at 2026-08-13 02:56:56 ---
Error fetching https://index.hu/tudomany/til/rss/: Failed to perform, curl: (28) Connection timed out after 10002 milliseconds. See https://curl.se/libcurl/c/libcurl-errors.html first for more details.
Error fetching https://www.playboy.com/read/sex-relationships/feed: Failed to perform, curl: (28) Connection timed out after 10002 milliseconds. See https://curl.se/libcurl/c/libcurl-errors.html first for more details.
Error fetching https://sokszinuvidek.24.hu/feed/: Failed to perform, curl: (28) Connection timed out after 10003 milliseconds. See https://curl.se/libcurl/c/libcurl-errors.html first for more details.
Error fetching https://mafab.hu/rss: Failed to perform, curl: (28) Operation timed out after 25003 milliseconds with 0 bytes received. See https://curl.se/libcurl/c/libcurl-errors.html first for more details.

--- RSS Fetch Errors at 2026-08-13 02:57:33 ---
Error fetching https://sorozatjunkie.hu/feed: Failed to perform, curl: (28) Connection timed out after 10003 milliseconds. See https://curl.se/libcurl/c/libcurl-errors.html first for more details.
Error fetching https://sokszinuvidek.24.hu/?oembed=true&format=xml&url=https%3A%2F%2Fsokszinuvidek.24.hu%2F: Failed to perform, curl: (28) Connection timed out after 10003 milliseconds. See https://curl.se/libcurl/c/libcurl-errors.html first for more details.

===== PIPELINE RUN START 2026-08-13T02:58:54 [run_pipeline_persistent] =====

--- RSS Fetch Errors at 2026-08-13 03:00:42 ---
Error fetching https://www.maxim.com/feed: Failed to perform, curl: (28) Connection timed out after 10003 milliseconds. See https://curl.se/libcurl/c/libcurl-errors.html first for more details.
Error fetching https://sokszinuvidek.24.hu/?oembed=true&format=xml&url=https%3A%2F%2Fsokszinuvidek.24.hu%2F: Failed to perform, curl: (28) Connection timed out after 10002 milliseconds. See https://curl.se/libcurl/c/libcurl-errors.html first for more details.

===== PIPELINE RUN START 2026-08-13T03:00:52 [run_pipeline_persistent] =====

===== PIPELINE RUN START 2026-08-13T03:03:54 [run_pipeline_persistent] =====

===== PIPELINE RUN START 2026-08-13T03:05:53 [run_pipeline_persistent] =====

===== PIPELINE RUN START 2026-08-13T03:08:55 [run_pipeline_persistent] =====

--- RSS Fetch Errors at 2026-08-13 03:10:21 ---
Error fetching https://sorozatjunkie.hu/feed: Failed to perform, curl: (28) Connection timed out after 10002 milliseconds. See https://curl.se/libcurl/c/libcurl-errors.html first for more details.

===== PIPELINE RUN START 2026-08-13T03:10:53 [run_pipeline_persistent] =====

--- RSS Fetch Errors at 2026-08-13 03:13:07 ---
Error fetching https://sorozatjunkie.hu/feed: Failed to perform, curl: (28) Connection timed out after 10003 milliseconds. See https://curl.se/libcurl/c/libcurl-errors.html first for more details.
Error fetching https://www.maxim.com/feed: Failed to perform, curl: (28) Connection timed out after 10003 milliseconds. See https://curl.se/libcurl/c/libcurl-errors.html first for more details.
Error fetching https://www.playboy.com/read/celebrities/feed: Failed to perform, curl: (28) Connection timed out after 10002 milliseconds. See https://curl.se/libcurl/c/libcurl-errors.html first for more details.
Error fetching https://sokszinuvidek.24.hu/feed/: Failed to perform, curl: (28) Connection timed out after 10003 milliseconds. See https://curl.se/libcurl/c/libcurl-errors.html first for more details.

===== PIPELINE RUN START 2026-08-13T03:13:55 [run_pipeline_persistent] =====

--- RSS Fetch Errors at 2026-08-13 03:15:33 ---
Error fetching https://index.hu/tudomany/til/rss/: Failed to perform, curl: (28) Connection timed out after 10002 milliseconds. See https://curl.se/libcurl/c/libcurl-errors.html first for more details.
Error fetching https://mafab.hu/rss: Failed to perform, curl: (28) Connection timed out after 10002 milliseconds. See https://curl.se/libcurl/c/libcurl-errors.html first for more details.
Error fetching https://aihirfolyam.hu/feed: Failed to perform, curl: (28) Operation timed out after 25003 milliseconds with 0 bytes received. See https://curl.se/libcurl/c/libcurl-errors.html first for more details.

===== PIPELINE RUN START 2026-08-13T03:15:53 [run_pipeline_persistent] =====

--- RSS Fetch Errors at 2026-08-13 03:17:21 ---
Error fetching https://aihirfolyam.hu/feed: Failed to perform, curl: (28) Connection timed out after 10003 milliseconds. See https://curl.se/libcurl/c/libcurl-errors.html first for more details.
Error fetching https://sokszinuvidek.24.hu/?oembed=true&format=xml&url=https%3A%2F%2Fsokszinuvidek.24.hu%2F: Failed to perform, curl: (28) Connection timed out after 10001 milliseconds. See https://curl.se/libcurl/c/libcurl-errors.html first for more details.

===== PIPELINE RUN START 2026-08-13T03:18:55 [run_pipeline_persistent] =====

--- RSS Fetch Errors at 2026-08-13 03:20:39 ---
Error fetching https://www.economx.hu/feed: Failed to perform, curl: (28) Connection timed out after 10003 milliseconds. See https://curl.se/libcurl/c/libcurl-errors.html first for more details.
Error fetching https://www.maxim.com/feed: Failed to perform, curl: (28) Connection timed out after 10003 milliseconds. See https://curl.se/libcurl/c/libcurl-errors.html first for more details.
Error fetching https://roadster.hu/feed: Failed to perform, curl: (28) Connection timed out after 10002 milliseconds. See https://curl.se/libcurl/c/libcurl-errors.html first for more details.
Error fetching https://www.playboy.com/read/celebrities/feed: Failed to perform, curl: (28) Connection timed out after 10003 milliseconds. See https://curl.se/libcurl/c/libcurl-errors.html first for more details.
Error fetching https://www.playboy.com/read/classics/feed: Failed to perform, curl: (28) Connection timed out after 10003 milliseconds. See https://curl.se/libcurl/c/libcurl-errors.html first for more details.

===== PIPELINE RUN START 2026-08-13T03:20:53 [run_pipeline_persistent] =====

--- RSS Fetch Errors at 2026-08-13 03:22:37 ---
Error fetching https://www.economx.hu/feed: Failed to perform, curl: (28) Connection timed out after 10003 milliseconds. See https://curl.se/libcurl/c/libcurl-errors.html first for more details.
Error fetching https://www.playboy.com/read/celebrities/feed: Failed to perform, curl: (28) Connection timed out after 10003 milliseconds. See https://curl.se/libcurl/c/libcurl-errors.html first for more details.
Error fetching https://sorozatjunkie.hu/feed: Failed to perform, curl: (28) Connection timed out after 370 milliseconds. See https://curl.se/libcurl/c/libcurl-errors.html first for more details.

===== PIPELINE RUN START 2026-08-13T03:23:55 [run_pipeline_persistent] =====

--- RSS Fetch Errors at 2026-08-13 03:25:33 ---
Error fetching https://aihirfolyam.hu/feed: Failed to perform, curl: (28) Connection timed out after 10002 milliseconds. See https://curl.se/libcurl/c/libcurl-errors.html first for more details.
Error fetching https://index.hu/tudomany/til/rss/: Failed to perform, curl: (28) Connection timed out after 10002 milliseconds. See https://curl.se/libcurl/c/libcurl-errors.html first for more details.
Error fetching https://sorozatjunkie.hu/feed: Failed to perform, curl: (28) Connection timed out after 10002 milliseconds. See https://curl.se/libcurl/c/libcurl-errors.html first for more details.

===== PIPELINE RUN START 2026-08-13T03:25:53 [run_pipeline_persistent] =====

===== PIPELINE RUN START 2026-08-13T03:28:56 [run_pipeline_persistent] =====

===== PIPELINE RUN START 2026-08-13T03:30:53 [run_pipeline_persistent] =====

--- RSS Fetch Errors at 2026-08-13 03:33:19 ---
Error fetching https://www.economx.hu/feed: Failed to perform, curl: (28) Connection timed out after 10002 milliseconds. See https://curl.se/libcurl/c/libcurl-errors.html first for more details.

===== PIPELINE RUN START 2026-08-13T03:33:56 [run_pipeline_persistent] =====

--- RSS Fetch Errors at 2026-08-13 03:35:20 ---
Error fetching https://roadster.hu/feed: Failed to perform, curl: (28) Connection timed out after 10002 milliseconds. See https://curl.se/libcurl/c/libcurl-errors.html first for more details.
Error fetching https://sokszinuvidek.24.hu/?oembed=true&format=xml&url=https%3A%2F%2Fsokszinuvidek.24.hu%2F: Failed to perform, curl: (28) Connection timed out after 10003 milliseconds. See https://curl.se/libcurl/c/libcurl-errors.html first for more details.

===== PIPELINE RUN START 2026-08-13T03:35:54 [run_pipeline_persistent] =====

===== PIPELINE RUN START 2026-08-13T03:38:56 [run_pipeline_persistent] =====

--- RSS Fetch Errors at 2026-08-13 03:40:24 ---
Error fetching https://www.economx.hu/feed: Failed to perform, curl: (28) Connection timed out after 10003 milliseconds. See https://curl.se/libcurl/c/libcurl-errors.html first for more details.
Error fetching https://www.hwsw.hu/xml/latest_news_rss.xml: Failed to perform, curl: (28) Connection timed out after 10002 milliseconds. See https://curl.se/libcurl/c/libcurl-errors.html first for more details.
Error fetching https://starity.hu/magazin/rss/: Failed to perform, curl: (28) Connection timed out after 10002 milliseconds. See https://curl.se/libcurl/c/libcurl-errors.html first for more details.

===== PIPELINE RUN START 2026-08-13T03:40:54 [run_pipeline_persistent] =====

--- RSS Fetch Errors at 2026-08-13 03:42:22 ---
Error fetching https://index.hu/tudomany/til/rss/: Failed to perform, curl: (28) Connection timed out after 10003 milliseconds. See https://curl.se/libcurl/c/libcurl-errors.html first for more details.
Error fetching https://roadster.hu/feed: Failed to perform, curl: (28) Connection timed out after 10003 milliseconds. See https://curl.se/libcurl/c/libcurl-errors.html first for more details.
Error fetching https://sokszinuvidek.24.hu/?oembed=true&format=xml&url=https%3A%2F%2Fsokszinuvidek.24.hu%2F: Failed to perform, curl: (28) Connection timed out after 10003 milliseconds. See https://curl.se/libcurl/c/libcurl-errors.html first for more details.

===== PIPELINE RUN START 2026-08-13T03:43:56 [run_pipeline_persistent] =====

--- RSS Fetch Errors at 2026-08-13 03:45:26 ---
Error fetching https://femina.hu/24ora/rss.xml: Failed to perform, curl: (28) Connection timed out after 10003 milliseconds. See https://curl.se/libcurl/c/libcurl-errors.html first for more details.
Error fetching https://sorozatjunkie.hu/feed: Failed to perform, curl: (28) Connection timed out after 10003 milliseconds. See https://curl.se/libcurl/c/libcurl-errors.html first for more details.
Error fetching https://www.playboy.com/read/celebrities/feed: Failed to perform, curl: (28) Connection timed out after 10003 milliseconds. See https://curl.se/libcurl/c/libcurl-errors.html first for more details.

===== PIPELINE RUN START 2026-08-13T03:45:54 [run_pipeline_persistent] =====

===== PIPELINE RUN START 2026-08-13T03:48:56 [run_pipeline_persistent] =====

--- RSS Fetch Errors at 2026-08-13 03:50:32 ---
Error fetching https://www.hwsw.hu/xml/latest_news_rss.xml: Failed to perform, curl: (28) Connection timed out after 10003 milliseconds. See https://curl.se/libcurl/c/libcurl-errors.html first for more details.
Error fetching https://starity.hu/magazin/rss/: Failed to perform, curl: (28) Connection timed out after 10000 milliseconds. See https://curl.se/libcurl/c/libcurl-errors.html first for more details.
Error fetching https://www.playboy.com/read/sex-relationships/feed: Failed to perform, curl: (28) Connection timed out after 10003 milliseconds. See https://curl.se/libcurl/c/libcurl-errors.html first for more details.
Error fetching https://sokszinuvidek.24.hu/feed/: Failed to perform, curl: (28) Connection timed out after 10003 milliseconds. See https://curl.se/libcurl/c/libcurl-errors.html first for more details.

===== PIPELINE RUN START 2026-08-13T03:50:54 [run_pipeline_persistent] =====

--- RSS Fetch Errors at 2026-08-13 03:52:41 ---
Error fetching https://www.hwsw.hu/xml/latest_news_rss.xml: Failed to perform, curl: (28) Connection timed out after 10002 milliseconds. See https://curl.se/libcurl/c/libcurl-errors.html first for more details.

===== PIPELINE RUN START 2026-08-13T03:53:56 [run_pipeline_persistent] =====

--- RSS Fetch Errors at 2026-08-13 03:55:24 ---
Error fetching https://femina.hu/24ora/rss.xml: Failed to perform, curl: (28) Connection timed out after 10002 milliseconds. See https://curl.se/libcurl/c/libcurl-errors.html first for more details.
Error fetching https://www.economx.hu/feed: Failed to perform, curl: (28) Connection timed out after 10002 milliseconds. See https://curl.se/libcurl/c/libcurl-errors.html first for more details.
Error fetching https://index.hu/tudomany/til/rss/: Failed to perform, curl: (28) Connection timed out after 10003 milliseconds. See https://curl.se/libcurl/c/libcurl-errors.html first for more details.
Error fetching https://roadster.hu/feed: Failed to perform, curl: (28) Connection timed out after 10001 milliseconds. See https://curl.se/libcurl/c/libcurl-errors.html first for more details.

===== PIPELINE RUN START 2026-08-13T03:55:55 [run_pipeline_persistent] =====

--- RSS Fetch Errors at 2026-08-13 03:57:21 ---
Error fetching https://www.economx.hu/feed: Failed to perform, curl: (28) Connection timed out after 10003 milliseconds. See https://curl.se/libcurl/c/libcurl-errors.html first for more details.

===== PIPELINE RUN START 2026-08-13T03:58:57 [run_pipeline_persistent] =====

--- RSS Fetch Errors at 2026-08-13 04:00:21 ---
Error fetching https://www.playboy.com/read/sex-relationships/feed: Failed to perform, curl: (28) Connection timed out after 10002 milliseconds. See https://curl.se/libcurl/c/libcurl-errors.html first for more details.
Error fetching https://player.hu/feed: Failed to perform, curl: (28) Connection timed out after 10003 milliseconds. See https://curl.se/libcurl/c/libcurl-errors.html first for more details.
Error fetching https://wallstreetzen.com/blog/feed/: Failed to perform, curl: (28) Connection timed out after 10002 milliseconds. See https://curl.se/libcurl/c/libcurl-errors.html first for more details.

===== PIPELINE RUN START 2026-08-13T04:00:55 [run_pipeline_persistent] =====

--- RSS Fetch Errors at 2026-08-13 04:02:24 ---
Error fetching https://aihirfolyam.hu/feed: Failed to perform, curl: (28) Connection timed out after 10003 milliseconds. See https://curl.se/libcurl/c/libcurl-errors.html first for more details.
Error fetching https://index.hu/tudomany/til/rss/: Failed to perform, curl: (28) Connection timed out after 10003 milliseconds. See https://curl.se/libcurl/c/libcurl-errors.html first for more details.
Error fetching https://sorozatjunkie.hu/feed: Failed to perform, curl: (28) Connection timed out after 10003 milliseconds. See https://curl.se/libcurl/c/libcurl-errors.html first for more details.

===== PIPELINE RUN START 2026-08-13T04:03:57 [run_pipeline_persistent] =====

===== PIPELINE RUN START 2026-08-13T04:05:55 [run_pipeline_persistent] =====

--- RSS Fetch Errors at 2026-08-13 04:06:50 ---
Error fetching https://www.economx.hu/feed: Failed to perform, curl: (28) Connection timed out after 10003 milliseconds. See https://curl.se/libcurl/c/libcurl-errors.html first for more details.
Error fetching https://sorozatjunkie.hu/feed: Failed to perform, curl: (28) Connection timed out after 10003 milliseconds. See https://curl.se/libcurl/c/libcurl-errors.html first for more details.

--- RSS Fetch Errors at 2026-08-13 04:07:34 ---
Error fetching https://femina.hu/24ora/rss.xml: Failed to perform, curl: (28) Connection timed out after 10001 milliseconds. See https://curl.se/libcurl/c/libcurl-errors.html first for more details.
Error fetching https://www.playboy.com/read/classics/feed: Failed to perform, curl: (28) Connection timed out after 10000 milliseconds. See https://curl.se/libcurl/c/libcurl-errors.html first for more details.

===== PIPELINE RUN START 2026-08-13T04:08:57 [run_pipeline_persistent] =====

--- RSS Fetch Errors at 2026-08-13 04:10:32 ---
Error fetching https://aihirfolyam.hu/feed: Failed to perform, curl: (28) Connection timed out after 10003 milliseconds. See https://curl.se/libcurl/c/libcurl-errors.html first for more details.
Error fetching https://starity.hu/magazin/rss/: Failed to perform, curl: (28) Connection timed out after 10003 milliseconds. See https://curl.se/libcurl/c/libcurl-errors.html first for more details.

===== PIPELINE RUN START 2026-08-13T04:10:55 [run_pipeline_persistent] =====

--- RSS Fetch Errors at 2026-08-13 04:12:34 ---
Error fetching https://sorozatjunkie.hu/feed: Failed to perform, curl: (28) Connection timed out after 10003 milliseconds. See https://curl.se/libcurl/c/libcurl-errors.html first for more details.

===== PIPELINE RUN START 2026-08-13T04:13:57 [run_pipeline_persistent] =====

===== PIPELINE RUN START 2026-08-13T04:15:55 [run_pipeline_persistent] =====

--- RSS Fetch Errors at 2026-08-13 04:17:31 ---
Error fetching https://femina.hu/24ora/rss.xml: Failed to perform, curl: (28) Connection timed out after 10003 milliseconds. See https://curl.se/libcurl/c/libcurl-errors.html first for more details.

===== PIPELINE RUN START 2026-08-13T04:18:57 [run_pipeline_persistent] =====

--- RSS Fetch Errors at 2026-08-13 04:20:26 ---
Error fetching https://aihirfolyam.hu/feed: Failed to perform, curl: (28) Connection timed out after 10003 milliseconds. See https://curl.se/libcurl/c/libcurl-errors.html first for more details.

===== PIPELINE RUN START 2026-08-13T04:20:56 [run_pipeline_persistent] =====

--- RSS Fetch Errors at 2026-08-13 04:22:32 ---
Error fetching https://femina.hu/24ora/rss.xml: Failed to perform, curl: (28) Connection timed out after 10001 milliseconds. See https://curl.se/libcurl/c/libcurl-errors.html first for more details.
Error fetching https://www.playboy.com/read/celebrities/feed: Failed to perform, curl: (28) Connection timed out after 10003 milliseconds. See https://curl.se/libcurl/c/libcurl-errors.html first for more details.

===== PIPELINE RUN START 2026-08-13T04:23:57 [run_pipeline_persistent] =====

--- RSS Fetch Errors at 2026-08-13 04:25:55 ---
Error fetching https://prog.hu/hirek/rss: Failed to perform, curl: (28) Resolving timed out after 10002 milliseconds. See https://curl.se/libcurl/c/libcurl-errors.html first for more details.

===== PIPELINE RUN START 2026-08-13T04:25:56 [run_pipeline_persistent] =====

===== PIPELINE RUN START 2026-08-13T04:28:57 [run_pipeline_persistent] =====

===== PIPELINE RUN START 2026-08-13T04:30:56 [run_pipeline_persistent] =====

--- RSS Fetch Errors at 2026-08-13 04:32:07 ---
Error fetching https://www.hwsw.hu/xml/latest_news_rss.xml: Failed to perform, curl: (28) Connection timed out after 10003 milliseconds. See https://curl.se/libcurl/c/libcurl-errors.html first for more details.

--- RSS Fetch Errors at 2026-08-13 04:32:43 ---
Error fetching https://www.playboy.com/read/celebrities/feed: Failed to perform, curl: (28) Connection timed out after 10003 milliseconds. See https://curl.se/libcurl/c/libcurl-errors.html first for more details.
Error fetching https://sokszinuvidek.24.hu/feed/: Failed to perform, curl: (28) Connection timed out after 10003 milliseconds. See https://curl.se/libcurl/c/libcurl-errors.html first for more details.

===== PIPELINE RUN START 2026-08-13T04:33:57 [run_pipeline_persistent] =====

--- RSS Fetch Errors at 2026-08-13 04:35:29 ---
Error fetching https://www.playboy.com/read/classics/feed: Failed to perform, curl: (28) Connection timed out after 10002 milliseconds. See https://curl.se/libcurl/c/libcurl-errors.html first for more details.
Error fetching https://www.economx.hu/feed: Failed to perform, curl: (28) Operation timed out after 25571 milliseconds with 0 bytes received. See https://curl.se/libcurl/c/libcurl-errors.html first for more details.

===== PIPELINE RUN START 2026-08-13T04:35:56 [run_pipeline_persistent] =====

===== PIPELINE RUN START 2026-08-13T04:38:58 [run_pipeline_persistent] =====

--- RSS Fetch Errors at 2026-08-13 04:40:26 ---
Error fetching https://roadster.hu/feed: Failed to perform, curl: (28) Connection timed out after 10002 milliseconds. See https://curl.se/libcurl/c/libcurl-errors.html first for more details.
Error fetching https://www.hwsw.hu/xml/latest_news_rss.xml: Failed to perform, curl: (28) Connection timed out after 10003 milliseconds. See https://curl.se/libcurl/c/libcurl-errors.html first for more details.
Error fetching https://bankless.com/feed: Failed to perform, curl: (28) Connection timed out after 10003 milliseconds. See https://curl.se/libcurl/c/libcurl-errors.html first for more details.

===== PIPELINE RUN START 2026-08-13T04:40:57 [run_pipeline_persistent] =====

--- RSS Fetch Errors at 2026-08-13 04:42:26 ---
Error fetching https://bankless.com/feed: Failed to perform, curl: (28) Connection timed out after 10002 milliseconds. See https://curl.se/libcurl/c/libcurl-errors.html first for more details.
Error fetching https://sokszinuvidek.24.hu/?oembed=true&format=xml&url=https%3A%2F%2Fsokszinuvidek.24.hu%2F: Failed to perform, curl: (28) Connection timed out after 10003 milliseconds. See https://curl.se/libcurl/c/libcurl-errors.html first for more details.

===== PIPELINE RUN START 2026-08-13T04:43:58 [run_pipeline_persistent] =====

--- RSS Fetch Errors at 2026-08-13 04:45:43 ---
Error fetching https://www.economx.hu/feed: Failed to perform, curl: (28) Connection timed out after 10004 milliseconds. See https://curl.se/libcurl/c/libcurl-errors.html first for more details.
Error fetching https://sokszinuvidek.24.hu/?oembed=true&format=xml&url=https%3A%2F%2Fsokszinuvidek.24.hu%2F: Failed to perform, curl: (28) Connection timed out after 10003 milliseconds. See https://curl.se/libcurl/c/libcurl-errors.html first for more details.

===== PIPELINE RUN START 2026-08-13T04:45:57 [run_pipeline_persistent] =====

===== PIPELINE RUN START 2026-08-13T04:48:58 [run_pipeline_persistent] =====

===== PIPELINE RUN START 2026-08-13T04:50:57 [run_pipeline_persistent] =====

--- RSS Fetch Errors at 2026-08-13 04:52:26 ---
Error fetching https://femina.hu/24ora/rss.xml: Failed to perform, curl: (28) Connection timed out after 10003 milliseconds. See https://curl.se/libcurl/c/libcurl-errors.html first for more details.
Error fetching https://roadster.hu/feed: Failed to perform, curl: (28) Connection timed out after 10002 milliseconds. See https://curl.se/libcurl/c/libcurl-errors.html first for more details.
Error fetching https://sokszinuvidek.24.hu/?oembed=true&format=xml&url=https%3A%2F%2Fsokszinuvidek.24.hu%2F: Failed to perform, curl: (28) Connection timed out after 10003 milliseconds. See https://curl.se/libcurl/c/libcurl-errors.html first for more details.

===== PIPELINE RUN START 2026-08-13T04:53:58 [run_pipeline_persistent] =====

--- RSS Fetch Errors at 2026-08-13 04:55:28 ---
Error fetching https://sokszinuvidek.24.hu/?oembed=true&format=xml&url=https%3A%2F%2Fsokszinuvidek.24.hu%2F: Failed to perform, curl: (28) Connection timed out after 10003 milliseconds. See https://curl.se/libcurl/c/libcurl-errors.html first for more details.

===== PIPELINE RUN START 2026-08-13T04:55:57 [run_pipeline_persistent] =====

--- RSS Fetch Errors at 2026-08-13 04:57:34 ---
Error fetching https://www.playboy.com/read/sex-relationships/feed: Failed to perform, curl: (28) Connection timed out after 10003 milliseconds. See https://curl.se/libcurl/c/libcurl-errors.html first for more details.

===== PIPELINE RUN START 2026-08-13T04:58:58 [run_pipeline_persistent] =====

--- RSS Fetch Errors at 2026-08-13 05:00:32 ---
Error fetching https://www.hwsw.hu/xml/latest_news_rss.xml: Failed to perform, curl: (28) Connection timed out after 10003 milliseconds. See https://curl.se/libcurl/c/libcurl-errors.html first for more details.
Error fetching https://index.hu/tudomany/til/rss/: Failed to perform, curl: (28) Connection timed out after 10002 milliseconds. See https://curl.se/libcurl/c/libcurl-errors.html first for more details.
Error fetching https://roadster.hu/feed: Failed to perform, curl: (28) Connection timed out after 10003 milliseconds. See https://curl.se/libcurl/c/libcurl-errors.html first for more details.

===== PIPELINE RUN START 2026-08-13T05:00:57 [run_pipeline_persistent] =====

===== PIPELINE RUN START 2026-08-13T05:03:59 [run_pipeline_persistent] =====

--- RSS Fetch Errors at 2026-08-13 05:05:26 ---
Error fetching https://www.economx.hu/feed: Failed to perform, curl: (28) Connection timed out after 10001 milliseconds. See https://curl.se/libcurl/c/libcurl-errors.html first for more details.
Error fetching https://femina.hu/24ora/rss.xml: Failed to perform, curl: (28) Connection timed out after 10003 milliseconds. See https://curl.se/libcurl/c/libcurl-errors.html first for more details.
Error fetching https://sorozatjunkie.hu/feed: Failed to perform, curl: (28) Connection timed out after 10003 milliseconds. See https://curl.se/libcurl/c/libcurl-errors.html first for more details.
Error fetching https://www.playboy.com/read/classics/feed: Failed to perform, curl: (28) Connection timed out after 10003 milliseconds. See https://curl.se/libcurl/c/libcurl-errors.html first for more details.
Error fetching https://www.playboy.com/read/sex-relationships/feed: Failed to perform, curl: (28) Connection timed out after 10003 milliseconds. See https://curl.se/libcurl/c/libcurl-errors.html first for more details.

===== PIPELINE RUN START 2026-08-13T05:05:58 [run_pipeline_persistent] =====

--- RSS Fetch Errors at 2026-08-13 05:07:27 ---
Error fetching https://mafab.hu/rss: Failed to perform, curl: (28) Resolving timed out after 10002 milliseconds. See https://curl.se/libcurl/c/libcurl-errors.html first for more details.

===== PIPELINE RUN START 2026-08-13T05:08:59 [run_pipeline_persistent] =====

===== PIPELINE RUN START 2026-08-13T05:10:58 [run_pipeline_persistent] =====

--- RSS Fetch Errors at 2026-08-13 05:12:40 ---
Error fetching https://azutazo.hu/feed: Failed to perform, curl: (28) Connection timed out after 10002 milliseconds. See https://curl.se/libcurl/c/libcurl-errors.html first for more details.

===== PIPELINE RUN START 2026-08-13T05:13:59 [run_pipeline_persistent] =====

--- RSS Fetch Errors at 2026-08-13 05:15:30 ---
Error fetching https://index.hu/tudomany/til/rss/: Failed to perform, curl: (28) Connection timed out after 10002 milliseconds. See https://curl.se/libcurl/c/libcurl-errors.html first for more details.
Error fetching https://bankless.com/feed: Failed to perform, curl: (28) Operation timed out after 25179 milliseconds with 0 bytes received. See https://curl.se/libcurl/c/libcurl-errors.html first for more details.

===== PIPELINE RUN START 2026-08-13T05:15:58 [run_pipeline_persistent] =====

--- RSS Fetch Errors at 2026-08-13 05:17:26 ---
Error fetching https://www.maxim.com/feed: Failed to perform, curl: (28) Connection timed out after 10002 milliseconds. See https://curl.se/libcurl/c/libcurl-errors.html first for more details.

===== PIPELINE RUN START 2026-08-13T05:18:59 [run_pipeline_persistent] =====

--- RSS Fetch Errors at 2026-08-13 05:20:48 ---
Error fetching https://azutazo.hu/feed: Failed to perform, curl: (28) Connection timed out after 10002 milliseconds. See https://curl.se/libcurl/c/libcurl-errors.html first for more details.
Error fetching https://wmn.hu/feed/: Failed to perform, curl: (28) Connection timed out after 10002 milliseconds. See https://curl.se/libcurl/c/libcurl-errors.html first for more details.
Error fetching https://www.maxim.com/feed: Failed to perform, curl: (28) Operation timed out after 25003 milliseconds with 0 bytes received. See https://curl.se/libcurl/c/libcurl-errors.html first for more details.

===== PIPELINE RUN START 2026-08-13T05:20:58 [run_pipeline_persistent] =====

===== PIPELINE RUN START 2026-08-13T05:23:59 [run_pipeline_persistent] =====

===== PIPELINE RUN START 2026-08-13T05:25:58 [run_pipeline_persistent] =====

===== PIPELINE RUN START 2026-08-13T05:30:59 [run_pipeline_persistent] =====

--- RSS Fetch Errors at 2026-08-13 05:32:49 ---
Error fetching https://femina.hu/24ora/rss.xml: Failed to perform, curl: (28) Connection timed out after 10003 milliseconds. See https://curl.se/libcurl/c/libcurl-errors.html first for more details.
Error fetching https://roadster.hu/feed: Failed to perform, curl: (28) Connection timed out after 10001 milliseconds. See https://curl.se/libcurl/c/libcurl-errors.html first for more details.
Error fetching https://sokszinuvidek.24.hu/feed/: Failed to perform, curl: (28) Connection timed out after 10003 milliseconds. See https://curl.se/libcurl/c/libcurl-errors.html first for more details.

===== PIPELINE RUN START 2026-08-13T05:34:04 [run_pipeline_persistent] =====

--- RSS Fetch Errors at 2026-08-13 05:35:39 ---
Error fetching https://index.hu/tudomany/til/rss/: Failed to perform, curl: (28) Connection timed out after 10002 milliseconds. See https://curl.se/libcurl/c/libcurl-errors.html first for more details.

===== PIPELINE RUN START 2026-08-13T05:39:04 [run_pipeline_persistent] =====

--- RSS Fetch Errors at 2026-08-13 05:40:33 ---
Error fetching https://femina.hu/24ora/rss.xml: Failed to perform, curl: (28) Connection timed out after 10002 milliseconds. See https://curl.se/libcurl/c/libcurl-errors.html first for more details.
Error fetching https://player.hu/feed: Failed to perform, curl: (28) Connection timed out after 10003 milliseconds. See https://curl.se/libcurl/c/libcurl-errors.html first for more details.
Error fetching https://starity.hu/magazin/rss/: Failed to perform, curl: (28) Connection timed out after 10002 milliseconds. See https://curl.se/libcurl/c/libcurl-errors.html first for more details.

===== PIPELINE RUN START 2026-08-13T05:41:53 [run_pipeline_persistent] =====

--- RSS Fetch Errors at 2026-08-13 05:43:47 ---
Error fetching https://roadster.hu/feed: Failed to perform, curl: (28) Connection timed out after 10003 milliseconds. See https://curl.se/libcurl/c/libcurl-errors.html first for more details.
Error fetching https://azutazo.hu/feed: Failed to perform, curl: (28) Resolving timed out after 10002 milliseconds. See https://curl.se/libcurl/c/libcurl-errors.html first for more details.
Error fetching https://bankless.com/feed: Failed to perform, curl: (28) Connection timed out after 10002 milliseconds. See https://curl.se/libcurl/c/libcurl-errors.html first for more details.

===== PIPELINE RUN START 2026-08-13T05:45:01 [run_pipeline_persistent] =====

--- RSS Fetch Errors at 2026-08-13 05:46:31 ---
Error fetching https://velvet.hu/24ora/rss/: Failed to perform, curl: (28) Connection timed out after 10001 milliseconds. See https://curl.se/libcurl/c/libcurl-errors.html first for more details.
Error fetching https://www.hwsw.hu/xml/latest_news_rss.xml: Failed to perform, curl: (28) Connection timed out after 10002 milliseconds. See https://curl.se/libcurl/c/libcurl-errors.html first for more details.
Error fetching https://funzine.hu/feed: Failed to perform, curl: (28) Resolving timed out after 10001 milliseconds. See https://curl.se/libcurl/c/libcurl-errors.html first for more details.
Error fetching https://nlc.hu/feed: Failed to perform, curl: (28) Resolving timed out after 10003 milliseconds. See https://curl.se/libcurl/c/libcurl-errors.html first for more details.
Error fetching https://fhm.com/feed: Failed to perform, curl: (28) Connection timed out after 10002 milliseconds. See https://curl.se/libcurl/c/libcurl-errors.html first for more details.
Error fetching https://www.maxim.com/feed: Failed to perform, curl: (28) Connection timed out after 10000 milliseconds. See https://curl.se/libcurl/c/libcurl-errors.html first for more details.
Error fetching https://femina.hu/24ora/rss.xml: Failed to perform, curl: (28) Resolving timed out after 10003 milliseconds. See https://curl.se/libcurl/c/libcurl-errors.html first for more details.
Error fetching https://player.hu/feed: Failed to perform, curl: (28) Resolving timed out after 10002 milliseconds. See https://curl.se/libcurl/c/libcurl-errors.html first for more details.
Error fetching https://roadster.hu/feed: Failed to perform, curl: (28) Connection timed out after 10002 milliseconds. See https://curl.se/libcurl/c/libcurl-errors.html first for more details.
Error fetching https://www.playboy.com/read/celebrities/feed: Failed to perform, curl: (28) Resolving timed out after 10002 milliseconds. See https://curl.se/libcurl/c/libcurl-errors.html first for more details.
Error fetching https://mafab.hu/rss: Failed to perform, curl: (28) Connection timed out after 10000 milliseconds. See https://curl.se/libcurl/c/libcurl-errors.html first for more details.
Error fetching https://sokszinuvidek.24.hu/feed/: Failed to perform, curl: (28) Connection timed out after 10000 milliseconds. See https://curl.se/libcurl/c/libcurl-errors.html first for more details.
Error fetching https://sorozatjunkie.hu/feed: Failed to perform, curl: (28) Operation timed out after 25632 milliseconds with 1360 out of 5456 bytes received. See https://curl.se/libcurl/c/libcurl-errors.html first for more details.

===== PIPELINE RUN START 2026-08-13T05:47:44 [run_pipeline_persistent] =====

--- RSS Fetch Errors at 2026-08-13 05:49:11 ---
Error fetching https://www.economx.hu/feed: Failed to perform, curl: (28) Connection timed out after 10003 milliseconds. See https://curl.se/libcurl/c/libcurl-errors.html first for more details.
Error fetching https://www.maxim.com/feed: Failed to perform, curl: (28) Connection timed out after 10003 milliseconds. See https://curl.se/libcurl/c/libcurl-errors.html first for more details.
Error fetching https://bankless.com/feed: Failed to perform, curl: (28) Connection timed out after 10003 milliseconds. See https://curl.se/libcurl/c/libcurl-errors.html first for more details.

===== PIPELINE RUN START 2026-08-13T05:50:34 [run_pipeline_persistent] =====

--- RSS Fetch Errors at 2026-08-13 05:51:22 ---
Error fetching https://www.hwsw.hu/xml/latest_news_rss.xml: Failed to perform, curl: (28) Connection timed out after 10003 milliseconds. See https://curl.se/libcurl/c/libcurl-errors.html first for more details.

===== PIPELINE RUN START 2026-08-13T05:52:44 [run_pipeline_persistent] =====

===== PIPELINE RUN START 2026-08-13T05:55:34 [run_pipeline_persistent] =====

--- RSS Fetch Errors at 2026-08-13 05:57:10 ---
Error fetching https://www.economx.hu/feed: Failed to perform, curl: (28) Connection timed out after 10002 milliseconds. See https://curl.se/libcurl/c/libcurl-errors.html first for more details.

===== PIPELINE RUN START 2026-08-13T05:58:23 [run_pipeline_persistent] =====

--- RSS Fetch Errors at 2026-08-13 05:59:53 ---
Error fetching https://www.economx.hu/feed: Failed to perform, curl: (28) Connection timed out after 10002 milliseconds. See https://curl.se/libcurl/c/libcurl-errors.html first for more details.
Error fetching https://roadster.hu/feed: Failed to perform, curl: (28) Connection timed out after 10002 milliseconds. See https://curl.se/libcurl/c/libcurl-errors.html first for more details.
Error fetching https://index.hu/tudomany/til/rss/: Failed to perform, curl: (28) Connection timed out after 10001 milliseconds. See https://curl.se/libcurl/c/libcurl-errors.html first for more details.
Error fetching https://www.penzcentrum.hu/rss/all.xml: Failed to perform, curl: (28) Resolving timed out after 10002 milliseconds. See https://curl.se/libcurl/c/libcurl-errors.html first for more details.

===== PIPELINE RUN START 2026-08-13T06:03:23 [run_pipeline_persistent] =====

===== PIPELINE RUN START 2026-08-13T06:08:23 [run_pipeline_persistent] =====

--- RSS Fetch Errors at 2026-08-13 06:09:52 ---
Error fetching https://starity.hu/magazin/rss/: Failed to perform, curl: (28) Resolving timed out after 10002 milliseconds. See https://curl.se/libcurl/c/libcurl-errors.html first for more details.
Error fetching https://player.hu/feed: Failed to perform, curl: (28) Connection timed out after 10002 milliseconds. See https://curl.se/libcurl/c/libcurl-errors.html first for more details.
Error fetching https://index.hu/tudomany/til/rss/: Failed to perform, curl: (28) Connection timed out after 10002 milliseconds. See https://curl.se/libcurl/c/libcurl-errors.html first for more details.
Error fetching https://www.playboy.com/read/classics/feed: Failed to perform, curl: (28) Connection timed out after 10001 milliseconds. See https://curl.se/libcurl/c/libcurl-errors.html first for more details.

===== PIPELINE RUN START 2026-08-13T06:11:15 [run_pipeline_persistent] =====

===== PIPELINE RUN START 2026-08-13T06:16:15 [run_pipeline_persistent] =====

===== PIPELINE RUN START 2026-08-13T06:21:15 [run_pipeline_persistent] =====

--- RSS Fetch Errors at 2026-08-13 06:21:57 ---
Error fetching https://player.hu/feed: Failed to perform, curl: (28) Connection timed out after 10003 milliseconds. See https://curl.se/libcurl/c/libcurl-errors.html first for more details.
Error fetching https://www.playboy.com/read/sex-relationships/feed: Failed to perform, curl: (28) Connection timed out after 10002 milliseconds. See https://curl.se/libcurl/c/libcurl-errors.html first for more details.

===== PIPELINE RUN START 2026-08-13T06:23:24 [run_pipeline_persistent] =====

===== PIPELINE RUN START 2026-08-13T06:26:15 [run_pipeline_persistent] =====

===== PIPELINE RUN START 2026-08-13T06:31:16 [run_pipeline_persistent] =====

--- RSS Fetch Errors at 2026-08-13 06:32:45 ---
Error fetching https://aihirfolyam.hu/feed: Failed to perform, curl: (28) Connection timed out after 10001 milliseconds. See https://curl.se/libcurl/c/libcurl-errors.html first for more details.

===== PIPELINE RUN START 2026-08-13T06:34:06 [run_pipeline_persistent] =====

===== PIPELINE RUN START 2026-08-13T06:39:06 [run_pipeline_persistent] =====

--- RSS Fetch Errors at 2026-08-13 06:40:30 ---
Error fetching https://www.hwsw.hu/xml/latest_news_rss.xml: Failed to perform, curl: (28) Connection timed out after 10003 milliseconds. See https://curl.se/libcurl/c/libcurl-errors.html first for more details.
Error fetching https://starity.hu/magazin/rss/: Failed to perform, curl: (28) Connection timed out after 10002 milliseconds. See https://curl.se/libcurl/c/libcurl-errors.html first for more details.

===== PIPELINE RUN START 2026-08-13T06:41:56 [run_pipeline_persistent] =====

--- RSS Fetch Errors at 2026-08-13 06:42:37 ---
Error fetching https://wmn.hu/feed/: Failed to perform, curl: (28) Connection timed out after 10003 milliseconds. See https://curl.se/libcurl/c/libcurl-errors.html first for more details.

===== PIPELINE RUN START 2026-08-13T06:44:06 [run_pipeline_persistent] =====

===== PIPELINE RUN START 2026-08-13T06:49:07 [run_pipeline_persistent] =====

--- RSS Fetch Errors at 2026-08-13 06:50:28 ---
Error fetching https://wallstreetzen.com/blog/feed/: Failed to perform, curl: (28) Connection timed out after 10002 milliseconds. See https://curl.se/libcurl/c/libcurl-errors.html first for more details.

===== PIPELINE RUN START 2026-08-13T06:54:07 [run_pipeline_persistent] =====

--- RSS Fetch Errors at 2026-08-13 06:55:35 ---
Error fetching https://www.economx.hu/feed: Failed to perform, curl: (28) Connection timed out after 10000 milliseconds. See https://curl.se/libcurl/c/libcurl-errors.html first for more details.
Error fetching https://femina.hu/24ora/rss.xml: Failed to perform, curl: (28) Connection timed out after 10003 milliseconds. See https://curl.se/libcurl/c/libcurl-errors.html first for more details.
Error fetching https://www.maxim.com/feed: Failed to perform, curl: (28) Operation timed out after 25003 milliseconds with 0 bytes received. See https://curl.se/libcurl/c/libcurl-errors.html first for more details.

===== PIPELINE RUN START 2026-08-13T06:56:14 [run_pipeline_persistent] =====

--- RSS Fetch Errors at 2026-08-13 06:57:43 ---
Error fetching https://www.economx.hu/feed: Failed to perform, curl: (28) Connection timed out after 10002 milliseconds. See https://curl.se/libcurl/c/libcurl-errors.html first for more details.

===== PIPELINE RUN START 2026-08-13T06:59:07 [run_pipeline_persistent] =====

--- RSS Fetch Errors at 2026-08-13 07:00:41 ---
Error fetching https://sorozatjunkie.hu/feed: Failed to perform, curl: (28) Connection timed out after 10003 milliseconds. See https://curl.se/libcurl/c/libcurl-errors.html first for more details.

===== PIPELINE RUN START 2026-08-13T07:01:14 [run_pipeline_persistent] =====

===== PIPELINE RUN START 2026-08-13T07:04:07 [run_pipeline_persistent] =====

--- RSS Fetch Errors at 2026-08-13 07:05:37 ---
Error fetching https://firstclass.hu/feed: Failed to perform, curl: (28) Resolving timed out after 10002 milliseconds. See https://curl.se/libcurl/c/libcurl-errors.html first for more details.
Error fetching https://www.playboy.com/read/classics/feed: Failed to perform, curl: (28) Connection timed out after 10004 milliseconds. See https://curl.se/libcurl/c/libcurl-errors.html first for more details.
Error fetching https://index.hu/tudomany/til/rss/: Failed to perform, curl: (28) Connection timed out after 10003 milliseconds. See https://curl.se/libcurl/c/libcurl-errors.html first for more details.

===== PIPELINE RUN START 2026-08-13T07:06:14 [run_pipeline_persistent] =====

===== PIPELINE RUN START 2026-08-13T07:09:07 [run_pipeline_persistent] =====

===== PIPELINE RUN START 2026-08-13T07:11:15 [run_pipeline_persistent] =====

===== PIPELINE RUN START 2026-08-13T07:14:08 [run_pipeline_persistent] =====

--- RSS Fetch Errors at 2026-08-13 07:15:47 ---
Error fetching https://sorozatjunkie.hu/feed: Failed to perform, curl: (28) Connection timed out after 10002 milliseconds. See https://curl.se/libcurl/c/libcurl-errors.html first for more details.

===== PIPELINE RUN START 2026-08-13T07:16:15 [run_pipeline_persistent] =====

--- RSS Fetch Errors at 2026-08-13 07:17:53 ---
Error fetching https://femina.hu/24ora/rss.xml: Failed to perform, curl: (28) Connection timed out after 10003 milliseconds. See https://curl.se/libcurl/c/libcurl-errors.html first for more details.
Error fetching https://aihirfolyam.hu/feed: Failed to perform, curl: (28) Connection timed out after 10003 milliseconds. See https://curl.se/libcurl/c/libcurl-errors.html first for more details.
Error fetching https://www.economx.hu/feed: Failed to perform, curl: (28) Resolving timed out after 10003 milliseconds. See https://curl.se/libcurl/c/libcurl-errors.html first for more details.
Error fetching https://www.maxim.com/feed: Failed to perform, curl: (28) Connection timed out after 10003 milliseconds. See https://curl.se/libcurl/c/libcurl-errors.html first for more details.
Error fetching https://starity.hu/magazin/rss/: Failed to perform, curl: (28) Connection timed out after 10003 milliseconds. See https://curl.se/libcurl/c/libcurl-errors.html first for more details.
Error fetching https://index.hu/tudomany/til/rss/: Failed to perform, curl: (28) Connection timed out after 10001 milliseconds. See https://curl.se/libcurl/c/libcurl-errors.html first for more details.
Error fetching https://sokszinuvidek.24.hu/feed/: Failed to perform, curl: (28) Connection timed out after 10003 milliseconds. See https://curl.se/libcurl/c/libcurl-errors.html first for more details.

===== PIPELINE RUN START 2026-08-13T07:19:08 [run_pipeline_persistent] =====

--- RSS Fetch Errors at 2026-08-13 07:20:25 ---
Error fetching https://www.economx.hu/feed: Failed to perform, curl: (28) Connection timed out after 10003 milliseconds. See https://curl.se/libcurl/c/libcurl-errors.html first for more details.
Error fetching https://mafab.hu/rss: Failed to perform, curl: (28) Connection timed out after 10003 milliseconds. See https://curl.se/libcurl/c/libcurl-errors.html first for more details.
Error fetching https://azutazo.hu/feed: Failed to perform, curl: (28) Operation timed out after 25870 milliseconds with 0 bytes received. See https://curl.se/libcurl/c/libcurl-errors.html first for more details.

===== PIPELINE RUN START 2026-08-13T07:21:15 [run_pipeline_persistent] =====

===== PIPELINE RUN START 2026-08-13T07:24:08 [run_pipeline_persistent] =====

--- RSS Fetch Errors at 2026-08-13 07:26:15 ---
Error fetching https://femina.hu/24ora/rss.xml: Failed to perform, curl: (28) Connection timed out after 10003 milliseconds. See https://curl.se/libcurl/c/libcurl-errors.html first for more details.
Error fetching https://player.hu/feed: Failed to perform, curl: (28) Operation timed out after 25001 milliseconds with 0 bytes received. See https://curl.se/libcurl/c/libcurl-errors.html first for more details.

===== PIPELINE RUN START 2026-08-13T07:26:15 [run_pipeline_persistent] =====

--- RSS Fetch Errors at 2026-08-13 07:27:55 ---
Error fetching https://player.hu/feed: Failed to perform, curl: (28) Connection timed out after 10001 milliseconds. See https://curl.se/libcurl/c/libcurl-errors.html first for more details.
Error fetching https://roadster.hu/feed: Failed to perform, curl: (28) Connection timed out after 10001 milliseconds. See https://curl.se/libcurl/c/libcurl-errors.html first for more details.

===== PIPELINE RUN START 2026-08-13T07:29:08 [run_pipeline_persistent] =====

===== PIPELINE RUN START 2026-08-13T07:31:15 [run_pipeline_persistent] =====

--- RSS Fetch Errors at 2026-08-13 07:32:12 ---
Error fetching https://index.hu/tudomany/til/rss/: Failed to perform, curl: (28) Connection timed out after 10002 milliseconds. See https://curl.se/libcurl/c/libcurl-errors.html first for more details.

--- RSS Fetch Errors at 2026-08-13 07:33:12 ---
Error fetching https://www.economx.hu/feed: Failed to perform, curl: (28) Connection timed out after 10003 milliseconds. See https://curl.se/libcurl/c/libcurl-errors.html first for more details.
Error fetching https://www.maxim.com/feed: Failed to perform, curl: (28) Connection timed out after 10003 milliseconds. See https://curl.se/libcurl/c/libcurl-errors.html first for more details.

===== PIPELINE RUN START 2026-08-13T07:34:08 [run_pipeline_persistent] =====

--- RSS Fetch Errors at 2026-08-13 07:35:37 ---
Error fetching https://femina.hu/24ora/rss.xml: Failed to perform, curl: (28) Connection timed out after 10002 milliseconds. See https://curl.se/libcurl/c/libcurl-errors.html first for more details.
Error fetching https://starity.hu/magazin/rss/: Failed to perform, curl: (28) Connection timed out after 10002 milliseconds. See https://curl.se/libcurl/c/libcurl-errors.html first for more details.
Error fetching https://sokszinuvidek.24.hu/?oembed=true&format=xml&url=https%3A%2F%2Fsokszinuvidek.24.hu%2F: Failed to perform, curl: (28) Connection timed out after 10003 milliseconds. See https://curl.se/libcurl/c/libcurl-errors.html first for more details.

===== PIPELINE RUN START 2026-08-13T07:36:16 [run_pipeline_persistent] =====

===== PIPELINE RUN START 2026-08-13T07:39:08 [run_pipeline_persistent] =====

===== PIPELINE RUN START 2026-08-13T07:41:16 [run_pipeline_persistent] =====

--- RSS Fetch Errors at 2026-08-13 07:42:50 ---
Error fetching https://www.hwsw.hu/xml/latest_news_rss.xml: Failed to perform, curl: (28) Connection timed out after 10003 milliseconds. See https://curl.se/libcurl/c/libcurl-errors.html first for more details.

===== PIPELINE RUN START 2026-08-13T07:44:09 [run_pipeline_persistent] =====

===== PIPELINE RUN START 2026-08-13T07:46:16 [run_pipeline_persistent] =====

--- RSS Fetch Errors at 2026-08-13 07:47:09 ---
Error fetching https://www.hwsw.hu/xml/latest_news_rss.xml: Failed to perform, curl: (28) Connection timed out after 10003 milliseconds. See https://curl.se/libcurl/c/libcurl-errors.html first for more details.

--- RSS Fetch Errors at 2026-08-13 07:48:40 ---
Error fetching https://www.maxim.com/feed: Failed to perform, curl: (28) Connection timed out after 10002 milliseconds. See https://curl.se/libcurl/c/libcurl-errors.html first for more details.
Error fetching https://player.hu/feed: Failed to perform, curl: (28) Connection timed out after 10002 milliseconds. See https://curl.se/libcurl/c/libcurl-errors.html first for more details.
[07:48:43] Summarizer: [DownloadWorker-3] SKIP (duplicate title): Csütörtök reggeli túlélőcsomag: időjárás...

===== PIPELINE RUN START 2026-08-13T07:49:09 [run_pipeline_persistent] =====

--- RSS Fetch Errors at 2026-08-13 07:50:45 ---
Error fetching https://www.economx.hu/feed: Failed to perform, curl: (28) Connection timed out after 10001 milliseconds. See https://curl.se/libcurl/c/libcurl-errors.html first for more details.
Error fetching https://sokszinuvidek.24.hu/?oembed=true&format=xml&url=https%3A%2F%2Fsokszinuvidek.24.hu%2F: Failed to perform, curl: (28) Connection timed out after 10001 milliseconds. See https://curl.se/libcurl/c/libcurl-errors.html first for more details.
[07:50:48] Summarizer: [DownloadWorker-2] SKIP (duplicate title): Csütörtök reggeli túlélőcsomag: időjárás...

===== PIPELINE RUN START 2026-08-13T07:51:16 [run_pipeline_persistent] =====

--- RSS Fetch Errors at 2026-08-13 07:52:51 ---
Error fetching https://www.hwsw.hu/xml/latest_news_rss.xml: Failed to perform, curl: (28) Connection timed out after 10003 milliseconds. See https://curl.se/libcurl/c/libcurl-errors.html first for more details.
Error fetching https://roadster.hu/feed: Failed to perform, curl: (28) Connection timed out after 10003 milliseconds. See https://curl.se/libcurl/c/libcurl-errors.html first for more details.

===== PIPELINE RUN START 2026-08-13T07:54:09 [run_pipeline_persistent] =====

--- RSS Fetch Errors at 2026-08-13 07:55:38 ---
Error fetching https://aihirfolyam.hu/feed: Failed to perform, curl: (28) Connection timed out after 10001 milliseconds. See https://curl.se/libcurl/c/libcurl-errors.html first for more details.
Error fetching https://femina.hu/24ora/rss.xml: Failed to perform, curl: (28) Connection timed out after 10003 milliseconds. See https://curl.se/libcurl/c/libcurl-errors.html first for more details.
Error fetching https://www.playboy.com/read/sex-relationships/feed: Failed to perform, curl: (28) Connection timed out after 10003 milliseconds. See https://curl.se/libcurl/c/libcurl-errors.html first for more details.

===== PIPELINE RUN START 2026-08-13T07:56:16 [run_pipeline_persistent] =====

--- RSS Fetch Errors at 2026-08-13 07:57:45 ---
Error fetching https://index.hu/tudomany/til/rss/: Failed to perform, curl: (28) Connection timed out after 10002 milliseconds. See https://curl.se/libcurl/c/libcurl-errors.html first for more details.
Error fetching https://sorozatjunkie.hu/feed: Failed to perform, curl: (28) Connection timed out after 10002 milliseconds. See https://curl.se/libcurl/c/libcurl-errors.html first for more details.

===== PIPELINE RUN START 2026-08-13T07:59:09 [run_pipeline_persistent] =====

--- RSS Fetch Errors at 2026-08-13 08:00:37 ---
Error fetching https://www.economx.hu/feed: Failed to perform, curl: (28) Connection timed out after 10003 milliseconds. See https://curl.se/libcurl/c/libcurl-errors.html first for more details.
Error fetching https://www.maxim.com/feed: Failed to perform, curl: (28) Connection timed out after 10003 milliseconds. See https://curl.se/libcurl/c/libcurl-errors.html first for more details.

===== PIPELINE RUN START 2026-08-13T08:01:17 [run_pipeline_persistent] =====

--- RSS Fetch Errors at 2026-08-13 08:03:08 ---
Error fetching https://www.maxim.com/feed: Failed to perform, curl: (28) Connection timed out after 10002 milliseconds. See https://curl.se/libcurl/c/libcurl-errors.html first for more details.
Error fetching https://player.hu/feed: Failed to perform, curl: (28) Connection timed out after 10002 milliseconds. See https://curl.se/libcurl/c/libcurl-errors.html first for more details.

===== PIPELINE RUN START 2026-08-13T08:04:09 [run_pipeline_persistent] =====

--- RSS Fetch Errors at 2026-08-13 08:05:39 ---
Error fetching https://www.hwsw.hu/xml/latest_news_rss.xml: Failed to perform, curl: (28) Connection timed out after 10003 milliseconds. See https://curl.se/libcurl/c/libcurl-errors.html first for more details.
Error fetching https://starity.hu/magazin/rss/: Failed to perform, curl: (28) Connection timed out after 10000 milliseconds. See https://curl.se/libcurl/c/libcurl-errors.html first for more details.
Error fetching https://index.hu/tudomany/til/rss/: Failed to perform, curl: (28) Connection timed out after 10002 milliseconds. See https://curl.se/libcurl/c/libcurl-errors.html first for more details.
Error fetching https://www.playboy.com/read/classics/feed: Failed to perform, curl: (28) Connection timed out after 10003 milliseconds. See https://curl.se/libcurl/c/libcurl-errors.html first for more details.

===== PIPELINE RUN START 2026-08-13T08:06:17 [run_pipeline_persistent] =====

--- RSS Fetch Errors at 2026-08-13 08:07:58 ---
Error fetching https://sorozatjunkie.hu/feed: Failed to perform, curl: (28) Resolving timed out after 10002 milliseconds. See https://curl.se/libcurl/c/libcurl-errors.html first for more details.
Error fetching https://hetediksor.hu/feed/: Failed to perform, curl: (28) Resolving timed out after 10003 milliseconds. See https://curl.se/libcurl/c/libcurl-errors.html first for more details.
Error fetching https://sokszinuvidek.24.hu/feed/: Failed to perform, curl: (28) Connection timed out after 10003 milliseconds. See https://curl.se/libcurl/c/libcurl-errors.html first for more details.
Error fetching https://sokszinuvidek.24.hu/?oembed=true&format=xml&url=https%3A%2F%2Fsokszinuvidek.24.hu%2F: Failed to perform, curl: (28) Connection timed out after 10003 milliseconds. See https://curl.se/libcurl/c/libcurl-errors.html first for more details.

===== PIPELINE RUN START 2026-08-13T08:09:10 [run_pipeline_persistent] =====

--- RSS Fetch Errors at 2026-08-13 08:10:36 ---
Error fetching https://roadster.hu/feed: Failed to perform, curl: (28) Connection timed out after 10003 milliseconds. See https://curl.se/libcurl/c/libcurl-errors.html first for more details.

===== PIPELINE RUN START 2026-08-13T08:11:17 [run_pipeline_persistent] =====

--- RSS Fetch Errors at 2026-08-13 08:12:41 ---
Error fetching https://bankless.com/feed: Failed to perform, curl: (28) Connection timed out after 10003 milliseconds. See https://curl.se/libcurl/c/libcurl-errors.html first for more details.

===== PIPELINE RUN START 2026-08-13T08:14:10 [run_pipeline_persistent] =====

===== PIPELINE RUN START 2026-08-13T08:16:17 [run_pipeline_persistent] =====

===== PIPELINE RUN START 2026-08-13T08:19:10 [run_pipeline_persistent] =====

--- RSS Fetch Errors at 2026-08-13 08:20:38 ---
Error fetching https://sokszinuvidek.24.hu/feed/: Failed to perform, curl: (28) Resolving timed out after 10003 milliseconds. See https://curl.se/libcurl/c/libcurl-errors.html first for more details.
Error fetching https://sokszinuvidek.24.hu/?oembed=true&format=xml&url=https%3A%2F%2Fsokszinuvidek.24.hu%2F: Failed to perform, curl: (28) Resolving timed out after 10003 milliseconds. See https://curl.se/libcurl/c/libcurl-errors.html first for more details.

===== PIPELINE RUN START 2026-08-13T08:21:17 [run_pipeline_persistent] =====

===== PIPELINE RUN START 2026-08-13T08:24:10 [run_pipeline_persistent] =====

===== PIPELINE RUN START 2026-08-13T08:26:18 [run_pipeline_persistent] =====

===== PIPELINE RUN START 2026-08-13T08:29:10 [run_pipeline_persistent] =====

===== PIPELINE RUN START 2026-08-13T08:31:18 [run_pipeline_persistent] =====

===== PIPELINE RUN START 2026-08-13T08:34:11 [run_pipeline_persistent] =====

--- RSS Fetch Errors at 2026-08-13 08:34:59 ---
Error fetching https://www.vice.com/feed/: HTTP Error 404: 

===== PIPELINE RUN START 2026-08-13T08:36:18 [run_pipeline_persistent] =====

--- RSS Fetch Errors at 2026-08-13 08:37:54 ---
Error fetching https://sokszinuvidek.24.hu/feed/: Failed to perform, curl: (28) Connection timed out after 10002 milliseconds. See https://curl.se/libcurl/c/libcurl-errors.html first for more details.
Error fetching https://bankless.com/feed: Failed to perform, curl: (28) Connection timed out after 10003 milliseconds. See https://curl.se/libcurl/c/libcurl-errors.html first for more details.

===== PIPELINE RUN START 2026-08-13T08:39:11 [run_pipeline_persistent] =====

--- RSS Fetch Errors at 2026-08-13 08:40:34 ---
Error fetching https://aihirfolyam.hu/feed: Failed to perform, curl: (28) Connection timed out after 10002 milliseconds. See https://curl.se/libcurl/c/libcurl-errors.html first for more details.

===== PIPELINE RUN START 2026-08-13T08:41:18 [run_pipeline_persistent] =====

--- RSS Fetch Errors at 2026-08-13 08:42:40 ---
Error fetching https://www.vice.com/feed/: HTTP Error 404: 

===== PIPELINE RUN START 2026-08-13T08:44:11 [run_pipeline_persistent] =====

--- RSS Fetch Errors at 2026-08-13 08:45:44 ---
Error fetching https://www.maxim.com/feed: Failed to perform, curl: (28) Connection timed out after 10003 milliseconds. See https://curl.se/libcurl/c/libcurl-errors.html first for more details.
Error fetching https://player.hu/feed: Failed to perform, curl: (28) Connection timed out after 10003 milliseconds. See https://curl.se/libcurl/c/libcurl-errors.html first for more details.

===== PIPELINE RUN START 2026-08-13T08:46:18 [run_pipeline_persistent] =====

===== PIPELINE RUN START 2026-08-13T08:49:11 [run_pipeline_persistent] =====

--- RSS Fetch Errors at 2026-08-13 08:50:47 ---
Error fetching https://femina.hu/24ora/rss.xml: Failed to perform, curl: (28) Connection timed out after 10002 milliseconds. See https://curl.se/libcurl/c/libcurl-errors.html first for more details.
Error fetching https://aihirfolyam.hu/feed: Failed to perform, curl: (28) Connection timed out after 10003 milliseconds. See https://curl.se/libcurl/c/libcurl-errors.html first for more details.
Error fetching https://sorozatjunkie.hu/feed: Failed to perform, curl: (28) Connection timed out after 10002 milliseconds. See https://curl.se/libcurl/c/libcurl-errors.html first for more details.

===== PIPELINE RUN START 2026-08-13T08:51:19 [run_pipeline_persistent] =====

===== PIPELINE RUN START 2026-08-13T08:54:12 [run_pipeline_persistent] =====

--- RSS Fetch Errors at 2026-08-13 08:55:41 ---
Error fetching https://www.maxim.com/feed: Failed to perform, curl: (28) Connection timed out after 10002 milliseconds. See https://curl.se/libcurl/c/libcurl-errors.html first for more details.
Error fetching https://index.hu/tudomany/til/rss/: Failed to perform, curl: (28) Connection timed out after 10003 milliseconds. See https://curl.se/libcurl/c/libcurl-errors.html first for more details.

===== PIPELINE RUN START 2026-08-13T08:56:19 [run_pipeline_persistent] =====

===== PIPELINE RUN START 2026-08-13T08:59:12 [run_pipeline_persistent] =====

===== PIPELINE RUN START 2026-08-13T09:01:19 [run_pipeline_persistent] =====

===== PIPELINE RUN START 2026-08-13T09:04:12 [run_pipeline_persistent] =====

--- RSS Fetch Errors at 2026-08-13 09:05:14 ---
Error fetching https://techpowerup.com/rss/news: HTTP Error 403: 
Error fetching https://ng.24.hu/feed: Failed to perform, curl: (7) Failed to connect to ng.24.hu port 443 after 2222 ms: Could not connect to server. See https://curl.se/libcurl/c/libcurl-errors.html first for more details.
Error fetching https://totalcar.hu/feed: Failed to perform, curl: (7) Failed to connect to totalcar.hu port 443 after 2222 ms: Could not connect to server. See https://curl.se/libcurl/c/libcurl-errors.html first for more details.
Error fetching https://firstclass.hu/feed: Failed to perform, curl: (7) Failed to connect to firstclass.hu port 443 after 2212 ms: Could not connect to server. See https://curl.se/libcurl/c/libcurl-errors.html first for more details.
Error fetching https://marieclaire.hu/feed: Failed to perform, curl: (7) Failed to connect to marieclaire.hu port 443 after 2221 ms: Could not connect to server. See https://curl.se/libcurl/c/libcurl-errors.html first for more details.
Error fetching https://velvet.hu/24ora/rss/: Failed to perform, curl: (7) Failed to connect to velvet.hu port 443 after 2228 ms: Could not connect to server. See https://curl.se/libcurl/c/libcurl-errors.html first for more details.
Error fetching https://the-zone.hu/feed: Failed to perform, curl: (7) Failed to connect to the-zone.hu port 443 after 2220 ms: Could not connect to server. See https://curl.se/libcurl/c/libcurl-errors.html first for more details.
Error fetching https://prog.hu/hirek/rss: Failed to perform, curl: (7) Failed to connect to prog.hu port 443 after 2224 ms: Could not connect to server. See https://curl.se/libcurl/c/libcurl-errors.html first for more details.
Error fetching https://funzine.hu/feed: Failed to perform, curl: (7) Failed to connect to funzine.hu port 443 after 2221 ms: Could not connect to server. See https://curl.se/libcurl/c/libcurl-errors.html first for more details.
Error fetching https://caravantimes.co.uk/feed: Failed to perform, curl: (7) Failed to connect to caravantimes.co.uk port 443 after 168 ms: Could not connect to server. See https://curl.se/libcurl/c/libcurl-errors.html first for more details.
Error fetching https://hetediksor.hu/feed/: Failed to perform, curl: (7) Failed to connect to hetediksor.hu port 443 after 168 ms: Could not connect to server. See https://curl.se/libcurl/c/libcurl-errors.html first for more details.
Error fetching https://travelmagazin.hu/feed: Failed to perform, curl: (7) Failed to connect to travelmagazin.hu port 443 after 168 ms: Could not connect to server. See https://curl.se/libcurl/c/libcurl-errors.html first for more details.
Error fetching https://fhm.com/feed: Failed to perform, curl: (7) Failed to connect to fhm.com port 443 after 2944 ms: Could not connect to server. See https://curl.se/libcurl/c/libcurl-errors.html first for more details.
Error fetching https://www.koncert.hu/rss/hirek: Failed to perform, curl: (7) Failed to connect to www.koncert.hu port 443 after 157 ms: Could not connect to server. See https://curl.se/libcurl/c/libcurl-errors.html first for more details.
Error fetching https://www.penzcentrum.hu/rss/all.xml: Failed to perform, curl: (7) Failed to connect to www.penzcentrum.hu port 443 after 156 ms: Could not connect to server. See https://curl.se/libcurl/c/libcurl-errors.html first for more details.

--- RSS Fetch Errors at 2026-08-13 09:05:48 ---
Error fetching https://www.economx.hu/feed: Failed to perform, curl: (28) Connection timed out after 10003 milliseconds. See https://curl.se/libcurl/c/libcurl-errors.html first for more details.

===== PIPELINE RUN START 2026-08-13T09:06:28 [run_pipeline_persistent] =====

===== PIPELINE RUN START 2026-08-13T09:09:12 [run_pipeline_persistent] =====

--- RSS Fetch Errors at 2026-08-13 09:11:02 ---
Error fetching https://sokszinuvidek.24.hu/feed/: Failed to perform, curl: (28) Connection timed out after 10001 milliseconds. See https://curl.se/libcurl/c/libcurl-errors.html first for more details.

===== PIPELINE RUN START 2026-08-13T09:11:28 [run_pipeline_persistent] =====

--- RSS Fetch Errors at 2026-08-13 09:12:59 ---
Error fetching https://sorozatjunkie.hu/feed: Failed to perform, curl: (28) Connection timed out after 10003 milliseconds. See https://curl.se/libcurl/c/libcurl-errors.html first for more details.
Error fetching https://www.hwsw.hu/xml/latest_news_rss.xml: Failed to perform, curl: (28) Connection timed out after 10003 milliseconds. See https://curl.se/libcurl/c/libcurl-errors.html first for more details.

===== PIPELINE RUN START 2026-08-13T09:14:12 [run_pipeline_persistent] =====

===== PIPELINE RUN START 2026-08-13T09:16:28 [run_pipeline_persistent] =====

===== PIPELINE RUN START 2026-08-13T09:19:12 [run_pipeline_persistent] =====

--- RSS Fetch Errors at 2026-08-13 09:20:47 ---
Error fetching https://www.playboy.com/read/classics/feed: Failed to perform, curl: (28) Connection timed out after 10003 milliseconds. See https://curl.se/libcurl/c/libcurl-errors.html first for more details.

===== PIPELINE RUN START 2026-08-13T09:21:29 [run_pipeline_persistent] =====

===== PIPELINE RUN START 2026-08-13T09:24:13 [run_pipeline_persistent] =====

===== PIPELINE RUN START 2026-08-13T09:26:29 [run_pipeline_persistent] =====

--- RSS Fetch Errors at 2026-08-13 09:27:55 ---
Error fetching https://www.hwsw.hu/xml/latest_news_rss.xml: Failed to perform, curl: (28) Connection timed out after 10001 milliseconds. See https://curl.se/libcurl/c/libcurl-errors.html first for more details.
Error fetching https://sorozatjunkie.hu/feed: Failed to perform, curl: (28) Connection timed out after 10001 milliseconds. See https://curl.se/libcurl/c/libcurl-errors.html first for more details.
Error fetching https://player.hu/feed: Failed to perform, curl: (28) Connection timed out after 10001 milliseconds. See https://curl.se/libcurl/c/libcurl-errors.html first for more details.
Error fetching https://index.hu/tudomany/til/rss/: Failed to perform, curl: (28) Connection timed out after 10002 milliseconds. See https://curl.se/libcurl/c/libcurl-errors.html first for more details.

===== PIPELINE RUN START 2026-08-13T09:29:13 [run_pipeline_persistent] =====
[09:30:24] Summarizer: [Batch] No response from API (attempt 1/3)

===== PIPELINE RUN START 2026-08-13T09:31:29 [run_pipeline_persistent] =====

===== PIPELINE RUN START 2026-08-13T09:34:13 [run_pipeline_persistent] =====

===== PIPELINE RUN START 2026-08-13T09:36:29 [run_pipeline_persistent] =====

===== PIPELINE RUN START 2026-08-13T09:39:13 [run_pipeline_persistent] =====

===== PIPELINE RUN START 2026-08-13T09:41:29 [run_pipeline_persistent] =====

--- RSS Fetch Errors at 2026-08-13 09:43:02 ---
Error fetching https://www.hwsw.hu/xml/latest_news_rss.xml: Failed to perform, curl: (28) Connection timed out after 10002 milliseconds. See https://curl.se/libcurl/c/libcurl-errors.html first for more details.
Error fetching https://roadster.hu/feed: Failed to perform, curl: (28) Connection timed out after 10001 milliseconds. See https://curl.se/libcurl/c/libcurl-errors.html first for more details.

===== PIPELINE RUN START 2026-08-13T09:44:13 [run_pipeline_persistent] =====

===== PIPELINE RUN START 2026-08-13T09:46:29 [run_pipeline_persistent] =====

--- RSS Fetch Errors at 2026-08-13 09:48:01 ---
Error fetching https://www.playboy.com/read/celebrities/feed: Failed to perform, curl: (28) Connection timed out after 10002 milliseconds. See https://curl.se/libcurl/c/libcurl-errors.html first for more details.
Error fetching https://azutazo.hu/feed: Failed to perform, curl: (28) Connection timed out after 10002 milliseconds. See https://curl.se/libcurl/c/libcurl-errors.html first for more details.

===== PIPELINE RUN START 2026-08-13T09:49:13 [run_pipeline_persistent] =====

===== PIPELINE RUN START 2026-08-13T09:51:29 [run_pipeline_persistent] =====

--- RSS Fetch Errors at 2026-08-13 09:52:55 ---
Error fetching https://www.maxim.com/feed: Failed to perform, curl: (28) Connection timed out after 10001 milliseconds. See https://curl.se/libcurl/c/libcurl-errors.html first for more details.
Error fetching https://player.hu/feed: Failed to perform, curl: (28) Connection timed out after 10002 milliseconds. See https://curl.se/libcurl/c/libcurl-errors.html first for more details.

===== PIPELINE RUN START 2026-08-13T09:54:13 [run_pipeline_persistent] =====

--- RSS Fetch Errors at 2026-08-13 09:55:46 ---
Error fetching https://www.hwsw.hu/xml/latest_news_rss.xml: Failed to perform, curl: (28) Connection timed out after 10002 milliseconds. See https://curl.se/libcurl/c/libcurl-errors.html first for more details.
Error fetching https://femina.hu/24ora/rss.xml: Failed to perform, curl: (28) Connection timed out after 10001 milliseconds. See https://curl.se/libcurl/c/libcurl-errors.html first for more details.
Error fetching https://roadster.hu/feed: Failed to perform, curl: (28) Connection timed out after 10002 milliseconds. See https://curl.se/libcurl/c/libcurl-errors.html first for more details.

===== PIPELINE RUN START 2026-08-13T09:56:29 [run_pipeline_persistent] =====

--- RSS Fetch Errors at 2026-08-13 09:58:48 ---
Error fetching https://www.hwsw.hu/xml/latest_news_rss.xml: Failed to perform, curl: (28) Connection timed out after 10002 milliseconds. See https://curl.se/libcurl/c/libcurl-errors.html first for more details.
Error fetching https://roadster.hu/feed: Failed to perform, curl: (28) Connection timed out after 10002 milliseconds. See https://curl.se/libcurl/c/libcurl-errors.html first for more details.

===== PIPELINE RUN START 2026-08-13T09:59:13 [run_pipeline_persistent] =====

--- RSS Fetch Errors at 2026-08-13 10:00:40 ---
Error fetching https://www.playboy.com/read/sex-relationships/feed: Failed to perform, curl: (28) Connection timed out after 10002 milliseconds. See https://curl.se/libcurl/c/libcurl-errors.html first for more details.
Error fetching https://www.playboy.com/read/classics/feed: Failed to perform, curl: (28) Connection timed out after 10001 milliseconds. See https://curl.se/libcurl/c/libcurl-errors.html first for more details.
Error fetching https://player.hu/feed: Failed to perform, curl: (28) Operation timed out after 25003 milliseconds with 9156 bytes received. See https://curl.se/libcurl/c/libcurl-errors.html first for more details.

===== PIPELINE RUN START 2026-08-13T10:01:29 [run_pipeline_persistent] =====

===== PIPELINE RUN START 2026-08-13T10:04:13 [run_pipeline_persistent] =====

--- RSS Fetch Errors at 2026-08-13 10:05:42 ---
Error fetching https://femina.hu/24ora/rss.xml: Failed to perform, curl: (28) Connection timed out after 10002 milliseconds. See https://curl.se/libcurl/c/libcurl-errors.html first for more details.
Error fetching https://starity.hu/magazin/rss/: Failed to perform, curl: (28) Connection timed out after 10001 milliseconds. See https://curl.se/libcurl/c/libcurl-errors.html first for more details.

===== PIPELINE RUN START 2026-08-13T10:06:29 [run_pipeline_persistent] =====

--- RSS Fetch Errors at 2026-08-13 10:07:57 ---
Error fetching https://www.hwsw.hu/xml/latest_news_rss.xml: Failed to perform, curl: (28) Connection timed out after 10002 milliseconds. See https://curl.se/libcurl/c/libcurl-errors.html first for more details.

===== PIPELINE RUN START 2026-08-13T10:09:14 [run_pipeline_persistent] =====
[10:10:38] Summarizer: [DownloadWorker-3] SKIP (duplicate title): Kirúgták az amerikai Forbes egyik vezető...

===== PIPELINE RUN START 2026-08-13T10:11:29 [run_pipeline_persistent] =====
[10:12:42] Summarizer: [DownloadWorker-0] SKIP (duplicate title): Kirúgták az amerikai Forbes egyik vezető...

===== PIPELINE RUN START 2026-08-13T10:14:14 [run_pipeline_persistent] =====

===== PIPELINE RUN START 2026-08-13T10:16:30 [run_pipeline_persistent] =====

===== PIPELINE RUN START 2026-08-13T10:19:14 [run_pipeline_persistent] =====

===== PIPELINE RUN START 2026-08-13T10:21:30 [run_pipeline_persistent] =====

--- RSS Fetch Errors at 2026-08-13 10:22:55 ---
Error fetching https://femina.hu/24ora/rss.xml: Failed to perform, curl: (28) Connection timed out after 10002 milliseconds. See https://curl.se/libcurl/c/libcurl-errors.html first for more details.
[10:23:05] Image_Downloader: Download failed (https://img.444.hu/2026/08/13/daniel-mihailescu-afp.jpg): 404 Client Error: Not Found for url: https://img.444.hu/2026/08/13/daniel-mihailescu-afp.jpg

===== PIPELINE RUN START 2026-08-13T10:24:14 [run_pipeline_persistent] =====

===== PIPELINE RUN START 2026-08-13T10:26:30 [run_pipeline_persistent] =====

--- RSS Fetch Errors at 2026-08-13 10:27:50 ---
Error fetching https://www.maxim.com/feed: Failed to perform, curl: (28) Connection timed out after 10002 milliseconds. See https://curl.se/libcurl/c/libcurl-errors.html first for more details.
Error fetching https://www.playboy.com/read/celebrities/feed: Failed to perform, curl: (28) Connection timed out after 10001 milliseconds. See https://curl.se/libcurl/c/libcurl-errors.html first for more details.

===== PIPELINE RUN START 2026-08-13T10:29:14 [run_pipeline_persistent] =====

--- RSS Fetch Errors at 2026-08-13 10:30:41 ---
Error fetching https://www.economx.hu/feed: Failed to perform, curl: (28) Connection timed out after 10002 milliseconds. See https://curl.se/libcurl/c/libcurl-errors.html first for more details.
Error fetching https://www.hwsw.hu/xml/latest_news_rss.xml: Failed to perform, curl: (28) Connection timed out after 10002 milliseconds. See https://curl.se/libcurl/c/libcurl-errors.html first for more details.
Error fetching https://player.hu/feed: Failed to perform, curl: (28) Connection timed out after 10002 milliseconds. See https://curl.se/libcurl/c/libcurl-errors.html first for more details.

===== PIPELINE RUN START 2026-08-13T10:31:30 [run_pipeline_persistent] =====

--- RSS Fetch Errors at 2026-08-13 10:33:04 ---
Error fetching https://www.economx.hu/feed: Failed to perform, curl: (28) Connection timed out after 10002 milliseconds. See https://curl.se/libcurl/c/libcurl-errors.html first for more details.
Error fetching https://www.hwsw.hu/xml/latest_news_rss.xml: Failed to perform, curl: (28) Connection timed out after 10002 milliseconds. See https://curl.se/libcurl/c/libcurl-errors.html first for more details.
Error fetching https://roadster.hu/feed: Failed to perform, curl: (28) Operation timed out after 25003 milliseconds with 6820 bytes received. See https://curl.se/libcurl/c/libcurl-errors.html first for more details.

===== PIPELINE RUN START 2026-08-13T10:34:14 [run_pipeline_persistent] =====

===== PIPELINE RUN START 2026-08-13T10:36:30 [run_pipeline_persistent] =====

===== PIPELINE RUN START 2026-08-13T10:39:14 [run_pipeline_persistent] =====

===== PIPELINE RUN START 2026-08-13T10:41:30 [run_pipeline_persistent] =====

===== PIPELINE RUN START 2026-08-13T10:44:14 [run_pipeline_persistent] =====

--- RSS Fetch Errors at 2026-08-13 10:45:39 ---
Error fetching https://index.hu/tudomany/til/rss/: Failed to perform, curl: (28) Connection timed out after 10002 milliseconds. See https://curl.se/libcurl/c/libcurl-errors.html first for more details.

===== PIPELINE RUN START 2026-08-13T10:46:30 [run_pipeline_persistent] =====

--- RSS Fetch Errors at 2026-08-13 10:47:56 ---
Error fetching https://bankless.com/feed: HTTP Error 502: 
Error fetching https://femina.hu/24ora/rss.xml: Failed to perform, curl: (28) Connection timed out after 10002 milliseconds. See https://curl.se/libcurl/c/libcurl-errors.html first for more details.
Error fetching https://www.hwsw.hu/xml/latest_news_rss.xml: Failed to perform, curl: (28) Connection timed out after 10002 milliseconds. See https://curl.se/libcurl/c/libcurl-errors.html first for more details.
Error fetching https://sokszinuvidek.24.hu/?oembed=true&format=xml&url=https%3A%2F%2Fsokszinuvidek.24.hu%2F: Failed to perform, curl: (28) Connection timed out after 10002 milliseconds. See https://curl.se/libcurl/c/libcurl-errors.html first for more details.
[10:48:09] Image_Downloader: Download failed (https://images.velvet.hu/checkout/2026/08/13/8-dolog-tilos-huto-teteje-tarolas/): HTTPSConnectionPool(host='images.velvet.hu', port=443): Max retries exceeded with url: /checkout/2026/08/13/8-dolog-tilos-huto-teteje-tarolas/ (Caused by NameResolutionError("HTTPSConnection(host='images.velvet.hu', port=443): Failed to resolve 'images.velvet.hu' ([Errno 8] nodename nor servname provided, or not known)"))
[10:48:28] Image_Downloader: Download failed (https://kep.cdn.index.hu/1/0/7097/70978/709782/70978275_5234857_365f6eca9bc2f67f0ac59ee5a93706d1_wm.jpg): HTTPSConnectionPool(host='kep.cdn.index.hu', port=443): Read timed out. (read timeout=5)

===== PIPELINE RUN START 2026-08-13T10:49:14 [run_pipeline_persistent] =====
[10:49:44] Summarizer: [Batch] No response from API (attempt 1/3)

===== PIPELINE RUN START 2026-08-13T10:51:30 [run_pipeline_persistent] =====

===== PIPELINE RUN START 2026-08-13T10:54:15 [run_pipeline_persistent] =====

--- RSS Fetch Errors at 2026-08-13 10:55:43 ---
Error fetching https://www.economx.hu/feed: Failed to perform, curl: (28) Connection timed out after 10002 milliseconds. See https://curl.se/libcurl/c/libcurl-errors.html first for more details.
Error fetching https://index.hu/tudomany/til/rss/: Failed to perform, curl: (28) Connection timed out after 10001 milliseconds. See https://curl.se/libcurl/c/libcurl-errors.html first for more details.

===== PIPELINE RUN START 2026-08-13T10:56:30 [run_pipeline_persistent] =====

--- RSS Fetch Errors at 2026-08-13 10:58:42 ---
Error fetching https://index.hu/tudomany/til/rss/: Failed to perform, curl: (28) Connection timed out after 10002 milliseconds. See https://curl.se/libcurl/c/libcurl-errors.html first for more details.
Error fetching https://www.playboy.com/read/celebrities/feed: Failed to perform, curl: (28) Connection timed out after 10001 milliseconds. See https://curl.se/libcurl/c/libcurl-errors.html first for more details.
[10:58:46] Summarizer: [DownloadWorker-2] SKIP (duplicate title): Xavi Hernández lett a holland válogatott...

===== PIPELINE RUN START 2026-08-13T10:59:15 [run_pipeline_persistent] =====

--- RSS Fetch Errors at 2026-08-13 11:00:46 ---
Error fetching https://aihirfolyam.hu/feed: Failed to perform, curl: (28) Connection timed out after 10002 milliseconds. See https://curl.se/libcurl/c/libcurl-errors.html first for more details.
Error fetching https://www.playboy.com/read/classics/feed: Failed to perform, curl: (28) Connection timed out after 10002 milliseconds. See https://curl.se/libcurl/c/libcurl-errors.html first for more details.
Error fetching https://femina.hu/24ora/rss.xml: Failed to perform, curl: (28) Operation timed out after 25002 milliseconds with 0 bytes received. See https://curl.se/libcurl/c/libcurl-errors.html first for more details.
Error fetching https://www.hwsw.hu/xml/latest_news_rss.xml: Failed to perform, curl: (28) Operation timed out after 25002 milliseconds with 0 bytes received. See https://curl.se/libcurl/c/libcurl-errors.html first for more details.
[11:00:48] Summarizer: [DownloadWorker-3] SKIP (duplicate title): Xavi Hernández lett a holland válogatott...

===== PIPELINE RUN START 2026-08-13T11:01:30 [run_pipeline_persistent] =====

--- RSS Fetch Errors at 2026-08-13 11:03:42 ---
Error fetching https://www.economx.hu/feed: Failed to perform, curl: (28) Connection timed out after 10001 milliseconds. See https://curl.se/libcurl/c/libcurl-errors.html first for more details.
Error fetching https://www.playboy.com/read/sex-relationships/feed: Failed to perform, curl: (28) Connection timed out after 10001 milliseconds. See https://curl.se/libcurl/c/libcurl-errors.html first for more details.
Error fetching https://www.playboy.com/read/classics/feed: Failed to perform, curl: (28) Connection timed out after 10002 milliseconds. See https://curl.se/libcurl/c/libcurl-errors.html first for more details.
Error fetching https://sokszinuvidek.24.hu/feed/: Failed to perform, curl: (28) Connection timed out after 10001 milliseconds. See https://curl.se/libcurl/c/libcurl-errors.html first for more details.
[11:03:51] Summarizer: [DownloadWorker-9] SKIP (duplicate title): Két brutális kontrollert villantottak a ...

===== PIPELINE RUN START 2026-08-13T11:04:15 [run_pipeline_persistent] =====

--- RSS Fetch Errors at 2026-08-13 11:05:39 ---
Error fetching https://sorozatjunkie.hu/feed: Failed to perform, curl: (28) Connection timed out after 10001 milliseconds. See https://curl.se/libcurl/c/libcurl-errors.html first for more details.
Error fetching https://www.maxim.com/feed: Failed to perform, curl: (28) Connection timed out after 10002 milliseconds. See https://curl.se/libcurl/c/libcurl-errors.html first for more details.
[11:05:43] Summarizer: [DownloadWorker-0] SKIP (duplicate title): Két brutális kontrollert villantottak a ...

===== PIPELINE RUN START 2026-08-13T11:06:30 [run_pipeline_persistent] =====
[11:07:42] Image_Downloader: Download failed (https://www.police.hu/sites/default/files/styles/full_node/public/field/image/tenereife_elfogas_0.jpg): 404 Client Error: Not Found for url: https://www.police.hu/sites/default/files/styles/full_node/public/field/image/tenereife_elfogas_0.jpg

===== PIPELINE RUN START 2026-08-13T11:09:15 [run_pipeline_persistent] =====

===== PIPELINE RUN START 2026-08-13T11:11:31 [run_pipeline_persistent] =====
[11:13:21] Summarizer: [Batch] 1 item(s) missing from response → marked for reprocessing

===== PIPELINE RUN START 2026-08-13T11:14:15 [run_pipeline_persistent] =====

--- RSS Fetch Errors at 2026-08-13 11:15:44 ---
Error fetching https://www.economx.hu/feed: Failed to perform, curl: (28) Connection timed out after 10002 milliseconds. See https://curl.se/libcurl/c/libcurl-errors.html first for more details.
Error fetching https://roadster.hu/feed: Failed to perform, curl: (28) Connection timed out after 10002 milliseconds. See https://curl.se/libcurl/c/libcurl-errors.html first for more details.
Error fetching https://index.hu/tudomany/til/rss/: Failed to perform, curl: (28) Connection timed out after 10002 milliseconds. See https://curl.se/libcurl/c/libcurl-errors.html first for more details.

===== PIPELINE RUN START 2026-08-13T11:16:31 [run_pipeline_persistent] =====

===== PIPELINE RUN START 2026-08-13T11:19:15 [run_pipeline_persistent] =====

===== PIPELINE RUN START 2026-08-13T11:21:31 [run_pipeline_persistent] =====

===== PIPELINE RUN START 2026-08-13T11:26:31 [run_pipeline_persistent] =====

===== PIPELINE RUN START 2026-08-13T11:31:31 [run_pipeline_persistent] =====

--- RSS Fetch Errors at 2026-08-13 11:33:00 ---
Error fetching https://femina.hu/24ora/rss.xml: Failed to perform, curl: (28) Connection timed out after 10000 milliseconds. See https://curl.se/libcurl/c/libcurl-errors.html first for more details.
Error fetching https://sorozatjunkie.hu/feed: Failed to perform, curl: (28) Connection timed out after 10001 milliseconds. See https://curl.se/libcurl/c/libcurl-errors.html first for more details.
Error fetching https://www.maxim.com/feed: Failed to perform, curl: (28) Operation timed out after 25002 milliseconds with 0 bytes received. See https://curl.se/libcurl/c/libcurl-errors.html first for more details.
[11:33:15] Summarizer: [Batch] 1 item(s) missing from response → marked for reprocessing

===== PIPELINE RUN START 2026-08-13T11:36:31 [run_pipeline_persistent] =====

--- RSS Fetch Errors at 2026-08-13 11:38:14 ---
Error fetching https://aihirfolyam.hu/feed: Failed to perform, curl: (28) Connection timed out after 10002 milliseconds. See https://curl.se/libcurl/c/libcurl-errors.html first for more details.
Error fetching https://www.economx.hu/feed: Failed to perform, curl: (28) Connection timed out after 10002 milliseconds. See https://curl.se/libcurl/c/libcurl-errors.html first for more details.

===== PIPELINE RUN START 2026-08-13T11:41:31 [run_pipeline_persistent] =====
[11:42:33] Summarizer: [DownloadWorker-2] SKIP (duplicate title): Elhalasztották a Warhammer 40,000: Dawn ...
[11:45:05] Summarizer: [Batch] No response from API (attempt 1/3)

===== PIPELINE RUN START 2026-08-13T11:46:31 [run_pipeline_persistent] =====
[11:49:16] Summarizer: [Batch] No response from API (attempt 1/3)

===== PIPELINE RUN START 2026-08-13T11:51:31 [run_pipeline_persistent] =====

--- RSS Fetch Errors at 2026-08-13 11:53:06 ---
Error fetching https://roadster.hu/feed: Failed to perform, curl: (28) Connection timed out after 10002 milliseconds. See https://curl.se/libcurl/c/libcurl-errors.html first for more details.
Error fetching https://www.playboy.com/read/celebrities/feed: Failed to perform, curl: (28) Connection timed out after 10003 milliseconds. See https://curl.se/libcurl/c/libcurl-errors.html first for more details.

===== PIPELINE RUN START 2026-08-13T11:56:31 [run_pipeline_persistent] =====

--- RSS Fetch Errors at 2026-08-13 11:57:59 ---
Error fetching https://www.economx.hu/feed: Failed to perform, curl: (28) Connection timed out after 10003 milliseconds. See https://curl.se/libcurl/c/libcurl-errors.html first for more details.
Error fetching https://aihirfolyam.hu/feed: Failed to perform, curl: (28) Connection timed out after 10003 milliseconds. See https://curl.se/libcurl/c/libcurl-errors.html first for more details.
Error fetching https://femina.hu/24ora/rss.xml: Failed to perform, curl: (28) Connection timed out after 10003 milliseconds. See https://curl.se/libcurl/c/libcurl-errors.html first for more details.
Error fetching https://www.hwsw.hu/xml/latest_news_rss.xml: Failed to perform, curl: (28) Connection timed out after 10003 milliseconds. See https://curl.se/libcurl/c/libcurl-errors.html first for more details.
Error fetching https://index.hu/tudomany/til/rss/: Failed to perform, curl: (28) Connection timed out after 10003 milliseconds. See https://curl.se/libcurl/c/libcurl-errors.html first for more details.
Error fetching https://caravantimes.co.uk/feed: Failed to perform, curl: (28) Resolving timed out after 10003 milliseconds. See https://curl.se/libcurl/c/libcurl-errors.html first for more details.
Error fetching https://sokszinuvidek.24.hu/feed/: Failed to perform, curl: (28) Connection timed out after 10002 milliseconds. See https://curl.se/libcurl/c/libcurl-errors.html first for more details.

===== PIPELINE RUN START 2026-08-13T12:01:32 [run_pipeline_persistent] =====

===== PIPELINE RUN START 2026-08-13T12:06:32 [run_pipeline_persistent] =====

--- RSS Fetch Errors at 2026-08-13 12:08:00 ---
Error fetching https://femina.hu/24ora/rss.xml: Failed to perform, curl: (28) Connection timed out after 10003 milliseconds. See https://curl.se/libcurl/c/libcurl-errors.html first for more details.
Error fetching https://index.hu/tudomany/til/rss/: Failed to perform, curl: (28) Connection timed out after 10000 milliseconds. See https://curl.se/libcurl/c/libcurl-errors.html first for more details.

===== PIPELINE RUN START 2026-08-13T12:11:32 [run_pipeline_persistent] =====

--- RSS Fetch Errors at 2026-08-13 12:13:02 ---
Error fetching https://www.hwsw.hu/xml/latest_news_rss.xml: Failed to perform, curl: (28) Connection timed out after 10002 milliseconds. See https://curl.se/libcurl/c/libcurl-errors.html first for more details.
Error fetching https://www.playboy.com/read/sex-relationships/feed: Failed to perform, curl: (28) Connection timed out after 10003 milliseconds. See https://curl.se/libcurl/c/libcurl-errors.html first for more details.
Error fetching https://aihirfolyam.hu/feed: Failed to perform, curl: (28) Operation timed out after 25003 milliseconds with 0 bytes received. See https://curl.se/libcurl/c/libcurl-errors.html first for more details.

===== PIPELINE RUN START 2026-08-13T12:16:32 [run_pipeline_persistent] =====

===== PIPELINE RUN START 2026-08-13T12:21:32 [run_pipeline_persistent] =====

===== PIPELINE RUN START 2026-08-13T12:26:32 [run_pipeline_persistent] =====

--- RSS Fetch Errors at 2026-08-13 12:27:59 ---
Error fetching https://www.hwsw.hu/xml/latest_news_rss.xml: Failed to perform, curl: (28) Connection timed out after 10002 milliseconds. See https://curl.se/libcurl/c/libcurl-errors.html first for more details.
Error fetching https://sorozatjunkie.hu/feed: Failed to perform, curl: (28) Connection timed out after 10002 milliseconds. See https://curl.se/libcurl/c/libcurl-errors.html first for more details.
Error fetching https://player.hu/feed: Failed to perform, curl: (28) Connection timed out after 10002 milliseconds. See https://curl.se/libcurl/c/libcurl-errors.html first for more details.
Error fetching https://index.hu/tudomany/til/rss/: Failed to perform, curl: (28) Connection timed out after 10003 milliseconds. See https://curl.se/libcurl/c/libcurl-errors.html first for more details.

===== PIPELINE RUN START 2026-08-13T12:31:33 [run_pipeline_persistent] =====

--- RSS Fetch Errors at 2026-08-13 12:33:08 ---
Error fetching https://sokszinuvidek.24.hu/?oembed=true&format=xml&url=https%3A%2F%2Fsokszinuvidek.24.hu%2F: Failed to perform, curl: (28) Connection timed out after 10002 milliseconds. See https://curl.se/libcurl/c/libcurl-errors.html first for more details.

===== PIPELINE RUN START 2026-08-13T12:36:33 [run_pipeline_persistent] =====

--- RSS Fetch Errors at 2026-08-13 12:38:51 ---
Error fetching https://sorozatjunkie.hu/feed: Failed to perform, curl: (28) Connection timed out after 10003 milliseconds. See https://curl.se/libcurl/c/libcurl-errors.html first for more details.

===== PIPELINE RUN START 2026-08-13T12:41:33 [run_pipeline_persistent] =====

--- RSS Fetch Errors at 2026-08-13 12:43:05 ---
Error fetching https://www.economx.hu/feed: Failed to perform, curl: (28) Connection timed out after 10002 milliseconds. See https://curl.se/libcurl/c/libcurl-errors.html first for more details.
Error fetching https://femina.hu/24ora/rss.xml: Failed to perform, curl: (28) Connection timed out after 10001 milliseconds. See https://curl.se/libcurl/c/libcurl-errors.html first for more details.
Error fetching https://player.hu/feed: Failed to perform, curl: (28) Connection timed out after 10002 milliseconds. See https://curl.se/libcurl/c/libcurl-errors.html first for more details.

===== PIPELINE RUN START 2026-08-13T12:46:33 [run_pipeline_persistent] =====

===== PIPELINE RUN START 2026-08-13T12:51:33 [run_pipeline_persistent] =====

===== PIPELINE RUN START 2026-08-13T12:56:33 [run_pipeline_persistent] =====

--- RSS Fetch Errors at 2026-08-13 12:58:01 ---
Error fetching https://sorozatjunkie.hu/feed: Failed to perform, curl: (28) Connection timed out after 10003 milliseconds. See https://curl.se/libcurl/c/libcurl-errors.html first for more details.

===== PIPELINE RUN START 2026-08-13T13:01:34 [run_pipeline_persistent] =====

===== PIPELINE RUN START 2026-08-13T13:06:34 [run_pipeline_persistent] =====

===== PIPELINE RUN START 2026-08-13T13:11:34 [run_pipeline_persistent] =====

===== PIPELINE RUN START 2026-08-13T13:16:34 [run_pipeline_persistent] =====

===== PIPELINE RUN START 2026-08-13T13:21:34 [run_pipeline_persistent] =====

===== PIPELINE RUN START 2026-08-13T13:26:35 [run_pipeline_persistent] =====
[13:28:07] Summarizer: [DownloadWorker-3] SKIP (duplicate title): Gigantikus tornyok és elfeledett gyárak:...

===== PIPELINE RUN START 2026-08-13T13:31:35 [run_pipeline_persistent] =====

===== PIPELINE RUN START 2026-08-13T13:36:35 [run_pipeline_persistent] =====

===== PIPELINE RUN START 2026-08-13T13:41:35 [run_pipeline_persistent] =====

--- RSS Fetch Errors at 2026-08-13 13:43:50 ---
Error fetching https://www.playboy.com/read/sex-relationships/feed: Failed to perform, curl: (28) Connection timed out after 10002 milliseconds. See https://curl.se/libcurl/c/libcurl-errors.html first for more details.
Error fetching https://www.hwsw.hu/xml/latest_news_rss.xml: Failed to perform, curl: (28) Operation timed out after 25003 milliseconds with 0 bytes received. See https://curl.se/libcurl/c/libcurl-errors.html first for more details.

===== PIPELINE RUN START 2026-08-13T13:46:35 [run_pipeline_persistent] =====

--- RSS Fetch Errors at 2026-08-13 13:48:07 ---
Error fetching https://femina.hu/24ora/rss.xml: Failed to perform, curl: (28) Connection timed out after 10003 milliseconds. See https://curl.se/libcurl/c/libcurl-errors.html first for more details.

===== PIPELINE RUN START 2026-08-13T13:51:35 [run_pipeline_persistent] =====

===== PIPELINE RUN START 2026-08-13T13:56:36 [run_pipeline_persistent] =====

===== PIPELINE RUN START 2026-08-13T14:01:36 [run_pipeline_persistent] =====

--- RSS Fetch Errors at 2026-08-13 14:03:54 ---
Error fetching https://aihirfolyam.hu/feed: Failed to perform, curl: (28) Connection timed out after 10003 milliseconds. See https://curl.se/libcurl/c/libcurl-errors.html first for more details.
Error fetching https://femina.hu/24ora/rss.xml: Failed to perform, curl: (28) Connection timed out after 10003 milliseconds. See https://curl.se/libcurl/c/libcurl-errors.html first for more details.

===== PIPELINE RUN START 2026-08-13T14:06:36 [run_pipeline_persistent] =====
[14:08:24] Summarizer: [Batch] 1 item(s) missing from response → marked for reprocessing

===== PIPELINE RUN START 2026-08-13T14:11:36 [run_pipeline_persistent] =====

--- RSS Fetch Errors at 2026-08-13 14:13:09 ---
Error fetching https://femina.hu/24ora/rss.xml: Failed to perform, curl: (28) Connection timed out after 10002 milliseconds. See https://curl.se/libcurl/c/libcurl-errors.html first for more details.
Error fetching https://www.economx.hu/feed: Failed to perform, curl: (28) Connection timed out after 10003 milliseconds. See https://curl.se/libcurl/c/libcurl-errors.html first for more details.
Error fetching https://sokszinuvidek.24.hu/feed/: Failed to perform, curl: (28) Connection timed out after 10003 milliseconds. See https://curl.se/libcurl/c/libcurl-errors.html first for more details.
Error fetching https://sokszinuvidek.24.hu/?oembed=true&format=xml&url=https%3A%2F%2Fsokszinuvidek.24.hu%2F: Failed to perform, curl: (28) Connection timed out after 10003 milliseconds. See https://curl.se/libcurl/c/libcurl-errors.html first for more details.

===== PIPELINE RUN START 2026-08-13T14:16:36 [run_pipeline_persistent] =====

--- RSS Fetch Errors at 2026-08-13 14:18:05 ---
Error fetching https://www.hwsw.hu/xml/latest_news_rss.xml: Failed to perform, curl: (28) Connection timed out after 10002 milliseconds. See https://curl.se/libcurl/c/libcurl-errors.html first for more details.
Error fetching https://index.hu/tudomany/til/rss/: Failed to perform, curl: (28) Connection timed out after 10003 milliseconds. See https://curl.se/libcurl/c/libcurl-errors.html first for more details.

===== PIPELINE RUN START 2026-08-13T14:21:36 [run_pipeline_persistent] =====

===== PIPELINE RUN START 2026-08-13T14:26:37 [run_pipeline_persistent] =====

--- RSS Fetch Errors at 2026-08-13 14:28:03 ---
Error fetching https://www.hwsw.hu/xml/latest_news_rss.xml: Failed to perform, curl: (28) Connection timed out after 10003 milliseconds. See https://curl.se/libcurl/c/libcurl-errors.html first for more details.
Error fetching https://starity.hu/magazin/rss/: Failed to perform, curl: (28) Connection timed out after 10002 milliseconds. See https://curl.se/libcurl/c/libcurl-errors.html first for more details.

===== PIPELINE RUN START 2026-08-13T14:31:37 [run_pipeline_persistent] =====

--- RSS Fetch Errors at 2026-08-13 14:33:05 ---
Error fetching https://www.economx.hu/feed: Failed to perform, curl: (28) Connection timed out after 10003 milliseconds. See https://curl.se/libcurl/c/libcurl-errors.html first for more details.

===== PIPELINE RUN START 2026-08-13T14:36:37 [run_pipeline_persistent] =====

===== PIPELINE RUN START 2026-08-13T14:41:37 [run_pipeline_persistent] =====

--- RSS Fetch Errors at 2026-08-13 14:43:05 ---
Error fetching https://www.vice.com/feed/: HTTP Error 404: 
Error fetching https://aihirfolyam.hu/feed: Failed to perform, curl: (28) Connection timed out after 10002 milliseconds. See https://curl.se/libcurl/c/libcurl-errors.html first for more details.
Error fetching https://roadster.hu/feed: Failed to perform, curl: (28) Connection timed out after 10003 milliseconds. See https://curl.se/libcurl/c/libcurl-errors.html first for more details.
Error fetching https://sokszinuvidek.24.hu/?oembed=true&format=xml&url=https%3A%2F%2Fsokszinuvidek.24.hu%2F: Failed to perform, curl: (28) Connection timed out after 10003 milliseconds. See https://curl.se/libcurl/c/libcurl-errors.html first for more details.
Error fetching https://femina.hu/24ora/rss.xml: Failed to perform, curl: (28) Operation timed out after 25003 milliseconds with 0 bytes received. See https://curl.se/libcurl/c/libcurl-errors.html first for more details.

===== PIPELINE RUN START 2026-08-13T14:46:37 [run_pipeline_persistent] =====

===== PIPELINE RUN START 2026-08-13T14:51:37 [run_pipeline_persistent] =====

--- RSS Fetch Errors at 2026-08-13 14:53:40 ---
Error fetching https://femina.hu/24ora/rss.xml: Failed to perform, curl: (28) Connection timed out after 10004 milliseconds. See https://curl.se/libcurl/c/libcurl-errors.html first for more details.
Error fetching https://index.hu/tudomany/til/rss/: Failed to perform, curl: (28) Connection timed out after 10004 milliseconds. See https://curl.se/libcurl/c/libcurl-errors.html first for more details.
Error fetching https://sokszinuvidek.24.hu/?oembed=true&format=xml&url=https%3A%2F%2Fsokszinuvidek.24.hu%2F: Failed to perform, curl: (28) Connection timed out after 10002 milliseconds. See https://curl.se/libcurl/c/libcurl-errors.html first for more details.

===== PIPELINE RUN START 2026-08-13T14:56:38 [run_pipeline_persistent] =====

--- RSS Fetch Errors at 2026-08-13 14:58:11 ---
Error fetching https://the-zone.hu/feed: HTTP Error 529: 

===== PIPELINE RUN START 2026-08-13T15:01:38 [run_pipeline_persistent] =====

--- RSS Fetch Errors at 2026-08-13 15:03:08 ---
Error fetching https://www.hwsw.hu/xml/latest_news_rss.xml: Failed to perform, curl: (28) Connection timed out after 10003 milliseconds. See https://curl.se/libcurl/c/libcurl-errors.html first for more details.

===== PIPELINE RUN START 2026-08-13T15:06:38 [run_pipeline_persistent] =====

--- RSS Fetch Errors at 2026-08-13 15:08:08 ---
Error fetching https://www.economx.hu/feed: Failed to perform, curl: (28) Connection timed out after 10002 milliseconds. See https://curl.se/libcurl/c/libcurl-errors.html first for more details.
Error fetching https://www.maxim.com/feed: Failed to perform, curl: (28) Connection timed out after 10002 milliseconds. See https://curl.se/libcurl/c/libcurl-errors.html first for more details.
Error fetching https://starity.hu/magazin/rss/: Failed to perform, curl: (28) Connection timed out after 10002 milliseconds. See https://curl.se/libcurl/c/libcurl-errors.html first for more details.
Error fetching https://index.hu/tudomany/til/rss/: Failed to perform, curl: (28) Connection timed out after 10002 milliseconds. See https://curl.se/libcurl/c/libcurl-errors.html first for more details.

===== PIPELINE RUN START 2026-08-13T15:11:38 [run_pipeline_persistent] =====

--- RSS Fetch Errors at 2026-08-13 15:14:08 ---
Error fetching https://www.hwsw.hu/xml/latest_news_rss.xml: Failed to perform, curl: (28) Connection timed out after 10002 milliseconds. See https://curl.se/libcurl/c/libcurl-errors.html first for more details.

===== PIPELINE RUN START 2026-08-13T15:16:38 [run_pipeline_persistent] =====

===== PIPELINE RUN START 2026-08-13T15:21:38 [run_pipeline_persistent] =====

--- RSS Fetch Errors at 2026-08-13 15:23:07 ---
Error fetching https://www.maxim.com/feed: Failed to perform, curl: (28) Connection timed out after 10001 milliseconds. See https://curl.se/libcurl/c/libcurl-errors.html first for more details.

===== PIPELINE RUN START 2026-08-13T15:26:38 [run_pipeline_persistent] =====

--- RSS Fetch Errors at 2026-08-13 15:28:59 ---
Error fetching https://femina.hu/24ora/rss.xml: Failed to perform, curl: (28) Connection timed out after 10001 milliseconds. See https://curl.se/libcurl/c/libcurl-errors.html first for more details.

===== PIPELINE RUN START 2026-08-13T15:31:38 [run_pipeline_persistent] =====

--- RSS Fetch Errors at 2026-08-13 15:33:06 ---
Error fetching https://www.hwsw.hu/xml/latest_news_rss.xml: Failed to perform, curl: (28) Connection timed out after 10002 milliseconds. See https://curl.se/libcurl/c/libcurl-errors.html first for more details.

===== PIPELINE RUN START 2026-08-13T15:36:38 [run_pipeline_persistent] =====

===== PIPELINE RUN START 2026-08-13T15:41:39 [run_pipeline_persistent] =====

--- RSS Fetch Errors at 2026-08-13 15:43:08 ---
Error fetching https://index.hu/tudomany/til/rss/: Failed to perform, curl: (28) Connection timed out after 10002 milliseconds. See https://curl.se/libcurl/c/libcurl-errors.html first for more details.
Error fetching https://sokszinuvidek.24.hu/feed/: Failed to perform, curl: (28) Connection timed out after 10001 milliseconds. See https://curl.se/libcurl/c/libcurl-errors.html first for more details.

===== PIPELINE RUN START 2026-08-13T15:46:39 [run_pipeline_persistent] =====

--- RSS Fetch Errors at 2026-08-13 15:48:12 ---
Error fetching https://femina.hu/24ora/rss.xml: Failed to perform, curl: (28) Connection timed out after 10002 milliseconds. See https://curl.se/libcurl/c/libcurl-errors.html first for more details.

===== PIPELINE RUN START 2026-08-13T15:51:39 [run_pipeline_persistent] =====

--- RSS Fetch Errors at 2026-08-13 15:53:10 ---
Error fetching https://www.economx.hu/feed: Failed to perform, curl: (28) Connection timed out after 10001 milliseconds. See https://curl.se/libcurl/c/libcurl-errors.html first for more details.
Error fetching https://www.maxim.com/feed: Failed to perform, curl: (28) Connection timed out after 10001 milliseconds. See https://curl.se/libcurl/c/libcurl-errors.html first for more details.

===== PIPELINE RUN START 2026-08-13T15:56:39 [run_pipeline_persistent] =====

--- RSS Fetch Errors at 2026-08-13 15:59:10 ---
Error fetching https://femina.hu/24ora/rss.xml: Failed to perform, curl: (28) Connection timed out after 10001 milliseconds. See https://curl.se/libcurl/c/libcurl-errors.html first for more details.
Error fetching https://index.hu/tudomany/til/rss/: Failed to perform, curl: (28) Connection timed out after 10002 milliseconds. See https://curl.se/libcurl/c/libcurl-errors.html first for more details.
Error fetching https://www.playboy.com/read/sex-relationships/feed: Failed to perform, curl: (28) Connection timed out after 10001 milliseconds. See https://curl.se/libcurl/c/libcurl-errors.html first for more details.
Error fetching https://www.playboy.com/read/celebrities/feed: Failed to perform, curl: (28) Connection timed out after 10002 milliseconds. See https://curl.se/libcurl/c/libcurl-errors.html first for more details.

===== PIPELINE RUN START 2026-08-13T16:01:39 [run_pipeline_persistent] =====

--- RSS Fetch Errors at 2026-08-13 16:03:08 ---
Error fetching https://www.economx.hu/feed: Failed to perform, curl: (28) Connection timed out after 10002 milliseconds. See https://curl.se/libcurl/c/libcurl-errors.html first for more details.
Error fetching https://www.maxim.com/feed: Failed to perform, curl: (28) Connection timed out after 10001 milliseconds. See https://curl.se/libcurl/c/libcurl-errors.html first for more details.
Error fetching https://roadster.hu/feed: Failed to perform, curl: (28) Connection timed out after 10001 milliseconds. See https://curl.se/libcurl/c/libcurl-errors.html first for more details.
Error fetching https://azutazo.hu/feed: Failed to perform, curl: (28) Connection timed out after 10001 milliseconds. See https://curl.se/libcurl/c/libcurl-errors.html first for more details.

===== PIPELINE RUN START 2026-08-13T16:06:39 [run_pipeline_persistent] =====

===== PIPELINE RUN START 2026-08-13T16:11:39 [run_pipeline_persistent] =====

===== PIPELINE RUN START 2026-08-13T16:16:39 [run_pipeline_persistent] =====

===== PIPELINE RUN START 2026-08-13T16:21:39 [run_pipeline_persistent] =====

--- RSS Fetch Errors at 2026-08-13 16:23:07 ---
Error fetching https://www.playboy.com/read/sex-relationships/feed: Failed to perform, curl: (28) Connection timed out after 10002 milliseconds. See https://curl.se/libcurl/c/libcurl-errors.html first for more details.
Error fetching https://mafab.hu/rss: Failed to perform, curl: (28) Resolving timed out after 10002 milliseconds. See https://curl.se/libcurl/c/libcurl-errors.html first for more details.

===== PIPELINE RUN START 2026-08-13T16:26:39 [run_pipeline_persistent] =====

--- RSS Fetch Errors at 2026-08-13 16:28:10 ---
Error fetching https://aihirfolyam.hu/feed: Failed to perform, curl: (28) Connection timed out after 10002 milliseconds. See https://curl.se/libcurl/c/libcurl-errors.html first for more details.
Error fetching https://www.hwsw.hu/xml/latest_news_rss.xml: Failed to perform, curl: (28) Connection timed out after 10002 milliseconds. See https://curl.se/libcurl/c/libcurl-errors.html first for more details.
Error fetching https://www.economx.hu/feed: Failed to perform, curl: (28) Operation timed out after 25002 milliseconds with 0 bytes received. See https://curl.se/libcurl/c/libcurl-errors.html first for more details.

===== PIPELINE RUN START 2026-08-13T16:31:39 [run_pipeline_persistent] =====

--- RSS Fetch Errors at 2026-08-13 16:33:16 ---
Error fetching https://femina.hu/24ora/rss.xml: Failed to perform, curl: (28) Connection timed out after 10001 milliseconds. See https://curl.se/libcurl/c/libcurl-errors.html first for more details.
Error fetching https://www.playboy.com/read/celebrities/feed: Failed to perform, curl: (28) Connection timed out after 10001 milliseconds. See https://curl.se/libcurl/c/libcurl-errors.html first for more details.
Error fetching https://starity.hu/magazin/rss/: Failed to perform, curl: (28) Connection timed out after 10001 milliseconds. See https://curl.se/libcurl/c/libcurl-errors.html first for more details.
Error fetching https://sorozatjunkie.hu/feed: Failed to perform, curl: (28) Connection timed out after 10002 milliseconds. See https://curl.se/libcurl/c/libcurl-errors.html first for more details.

===== PIPELINE RUN START 2026-08-13T16:36:39 [run_pipeline_persistent] =====

===== PIPELINE RUN START 2026-08-13T16:41:40 [run_pipeline_persistent] =====

--- RSS Fetch Errors at 2026-08-13 16:43:09 ---
Error fetching https://player.hu/feed: Failed to perform, curl: (28) Connection timed out after 10002 milliseconds. See https://curl.se/libcurl/c/libcurl-errors.html first for more details.
Error fetching https://sokszinuvidek.24.hu/feed/: Failed to perform, curl: (28) Connection timed out after 10002 milliseconds. See https://curl.se/libcurl/c/libcurl-errors.html first for more details.

===== PIPELINE RUN START 2026-08-13T16:46:40 [run_pipeline_persistent] =====

--- RSS Fetch Errors at 2026-08-13 16:48:21 ---
Error fetching https://www.economx.hu/feed: Failed to perform, curl: (28) Connection timed out after 10002 milliseconds. See https://curl.se/libcurl/c/libcurl-errors.html first for more details.
Error fetching https://www.hwsw.hu/xml/latest_news_rss.xml: Failed to perform, curl: (28) Operation timed out after 25002 milliseconds with 0 bytes received. See https://curl.se/libcurl/c/libcurl-errors.html first for more details.

===== PIPELINE RUN START 2026-08-13T16:51:40 [run_pipeline_persistent] =====

===== PIPELINE RUN START 2026-08-13T16:56:40 [run_pipeline_persistent] =====

--- RSS Fetch Errors at 2026-08-13 16:58:58 ---
Error fetching https://femina.hu/24ora/rss.xml: Failed to perform, curl: (28) Connection timed out after 10002 milliseconds. See https://curl.se/libcurl/c/libcurl-errors.html first for more details.
Error fetching https://starity.hu/magazin/rss/: Failed to perform, curl: (28) Connection timed out after 10001 milliseconds. See https://curl.se/libcurl/c/libcurl-errors.html first for more details.
Error fetching https://index.hu/tudomany/til/rss/: Failed to perform, curl: (28) Connection timed out after 10002 milliseconds. See https://curl.se/libcurl/c/libcurl-errors.html first for more details.

===== PIPELINE RUN START 2026-08-13T17:01:40 [run_pipeline_persistent] =====
[17:02:27] Summarizer: [DownloadWorker-6] SKIP (duplicate title): Baranyában is megjelent a sertéspestis...
[17:02:36] Summarizer: [Batch] 1 item(s) missing from response → marked for reprocessing

===== PIPELINE RUN START 2026-08-13T17:06:40 [run_pipeline_persistent] =====

--- RSS Fetch Errors at 2026-08-13 17:09:06 ---
Error fetching https://www.economx.hu/feed: Failed to perform, curl: (28) Connection timed out after 10002 milliseconds. See https://curl.se/libcurl/c/libcurl-errors.html first for more details.
Error fetching https://www.hwsw.hu/xml/latest_news_rss.xml: Failed to perform, curl: (28) Connection timed out after 10000 milliseconds. See https://curl.se/libcurl/c/libcurl-errors.html first for more details.
Error fetching https://starity.hu/magazin/rss/: Failed to perform, curl: (28) Connection timed out after 10001 milliseconds. See https://curl.se/libcurl/c/libcurl-errors.html first for more details.

===== PIPELINE RUN START 2026-08-13T17:11:57 [run_pipeline_persistent] =====

--- RSS Fetch Errors at 2026-08-13 17:14:30 ---
Error fetching https://femina.hu/24ora/rss.xml: Failed to perform, curl: (28) Connection timed out after 10003 milliseconds. See https://curl.se/libcurl/c/libcurl-errors.html first for more details.
Error fetching https://www.maxim.com/feed: Failed to perform, curl: (28) Connection timed out after 10002 milliseconds. See https://curl.se/libcurl/c/libcurl-errors.html first for more details.
Error fetching https://index.hu/tudomany/til/rss/: Failed to perform, curl: (28) Connection timed out after 10002 milliseconds. See https://curl.se/libcurl/c/libcurl-errors.html first for more details.
Error fetching https://sokszinuvidek.24.hu/feed/: Failed to perform, curl: (28) Connection timed out after 10004 milliseconds. See https://curl.se/libcurl/c/libcurl-errors.html first for more details.
Error fetching https://sokszinuvidek.24.hu/?oembed=true&format=xml&url=https%3A%2F%2Fsokszinuvidek.24.hu%2F: Failed to perform, curl: (28) Connection timed out after 10003 milliseconds. See https://curl.se/libcurl/c/libcurl-errors.html first for more details.

===== PIPELINE RUN START 2026-08-13T17:16:57 [run_pipeline_persistent] =====

--- RSS Fetch Errors at 2026-08-13 17:19:26 ---
Error fetching https://www.economx.hu/feed: Failed to perform, curl: (28) Connection timed out after 10002 milliseconds. See https://curl.se/libcurl/c/libcurl-errors.html first for more details.
Error fetching https://www.playboy.com/read/celebrities/feed: Failed to perform, curl: (28) Connection timed out after 10001 milliseconds. See https://curl.se/libcurl/c/libcurl-errors.html first for more details.
Error fetching https://wmn.hu/feed/: Failed to perform, curl: (28) Connection timed out after 10002 milliseconds. See https://curl.se/libcurl/c/libcurl-errors.html first for more details.

===== PIPELINE RUN START 2026-08-13T17:21:58 [run_pipeline_persistent] =====

===== PIPELINE RUN START 2026-08-13T17:26:59 [run_pipeline_persistent] =====

--- RSS Fetch Errors at 2026-08-13 17:28:53 ---
Error fetching https://www.economx.hu/feed: Failed to perform, curl: (28) Connection timed out after 10003 milliseconds. See https://curl.se/libcurl/c/libcurl-errors.html first for more details.
Error fetching https://sorozatjunkie.hu/feed: Failed to perform, curl: (28) Connection timed out after 10002 milliseconds. See https://curl.se/libcurl/c/libcurl-errors.html first for more details.
Error fetching https://index.hu/tudomany/til/rss/: Failed to perform, curl: (28) Connection timed out after 10003 milliseconds. See https://curl.se/libcurl/c/libcurl-errors.html first for more details.
Error fetching https://player.hu/feed: Failed to perform, curl: (28) Connection timed out after 10003 milliseconds. See https://curl.se/libcurl/c/libcurl-errors.html first for more details.
Error fetching https://aihirfolyam.hu/feed: Failed to perform, curl: (28) Operation timed out after 25002 milliseconds with 0 bytes received. See https://curl.se/libcurl/c/libcurl-errors.html first for more details.

===== PIPELINE RUN START 2026-08-13T17:31:59 [run_pipeline_persistent] =====

===== PIPELINE RUN START 2026-08-13T17:36:59 [run_pipeline_persistent] =====

--- RSS Fetch Errors at 2026-08-13 17:39:31 ---
Error fetching https://femina.hu/24ora/rss.xml: Failed to perform, curl: (28) Connection timed out after 10002 milliseconds. See https://curl.se/libcurl/c/libcurl-errors.html first for more details.
Error fetching https://sorozatjunkie.hu/feed: Failed to perform, curl: (28) Connection timed out after 10002 milliseconds. See https://curl.se/libcurl/c/libcurl-errors.html first for more details.
Error fetching https://www.maxim.com/feed: Failed to perform, curl: (28) Connection timed out after 10002 milliseconds. See https://curl.se/libcurl/c/libcurl-errors.html first for more details.
Error fetching https://sokszinuvidek.24.hu/feed/: Failed to perform, curl: (28) Connection timed out after 10002 milliseconds. See https://curl.se/libcurl/c/libcurl-errors.html first for more details.

===== PIPELINE RUN START 2026-08-13T17:41:59 [run_pipeline_persistent] =====

===== PIPELINE RUN START 2026-08-13T17:46:59 [run_pipeline_persistent] =====

--- RSS Fetch Errors at 2026-08-13 17:48:30 ---
Error fetching https://www.hwsw.hu/xml/latest_news_rss.xml: Failed to perform, curl: (28) Connection timed out after 10002 milliseconds. See https://curl.se/libcurl/c/libcurl-errors.html first for more details.
Error fetching https://mafab.hu/rss: Failed to perform, curl: (28) Connection timed out after 10002 milliseconds. See https://curl.se/libcurl/c/libcurl-errors.html first for more details.

===== PIPELINE RUN START 2026-08-13T17:51:59 [run_pipeline_persistent] =====

--- RSS Fetch Errors at 2026-08-13 17:53:25 ---
Error fetching https://index.hu/tudomany/til/rss/: Failed to perform, curl: (28) Connection timed out after 10003 milliseconds. See https://curl.se/libcurl/c/libcurl-errors.html first for more details.

===== PIPELINE RUN START 2026-08-13T17:56:59 [run_pipeline_persistent] =====
[17:57:57] Summarizer: [DownloadWorker-6] SKIP (duplicate title): Brad Pitt és a kutyája az alaszkai pokol...

===== PIPELINE RUN START 2026-08-13T18:01:59 [run_pipeline_persistent] =====

--- RSS Fetch Errors at 2026-08-13 18:03:40 ---
Error fetching https://index.hu/tudomany/til/rss/: Failed to perform, curl: (28) Connection timed out after 10002 milliseconds. See https://curl.se/libcurl/c/libcurl-errors.html first for more details.
Error fetching https://sokszinuvidek.24.hu/feed/: Failed to perform, curl: (28) Connection timed out after 10002 milliseconds. See https://curl.se/libcurl/c/libcurl-errors.html first for more details.

===== PIPELINE RUN START 2026-08-13T18:06:59 [run_pipeline_persistent] =====

===== PIPELINE RUN START 2026-08-13T18:12:00 [run_pipeline_persistent] =====

--- RSS Fetch Errors at 2026-08-13 18:13:29 ---
Error fetching https://www.economx.hu/feed: Failed to perform, curl: (28) Connection timed out after 10001 milliseconds. See https://curl.se/libcurl/c/libcurl-errors.html first for more details.
Error fetching https://www.hwsw.hu/xml/latest_news_rss.xml: Failed to perform, curl: (28) Connection timed out after 10002 milliseconds. See https://curl.se/libcurl/c/libcurl-errors.html first for more details.

===== PIPELINE RUN START 2026-08-13T18:17:00 [run_pipeline_persistent] =====

===== PIPELINE RUN START 2026-08-13T18:22:00 [run_pipeline_persistent] =====

===== PIPELINE RUN START 2026-08-13T18:27:00 [run_pipeline_persistent] =====

--- RSS Fetch Errors at 2026-08-13 18:28:34 ---
Error fetching https://www.economx.hu/feed: Failed to perform, curl: (28) Connection timed out after 10000 milliseconds. See https://curl.se/libcurl/c/libcurl-errors.html first for more details.
Error fetching https://femina.hu/24ora/rss.xml: Failed to perform, curl: (28) Connection timed out after 10001 milliseconds. See https://curl.se/libcurl/c/libcurl-errors.html first for more details.
Error fetching https://index.hu/tudomany/til/rss/: Failed to perform, curl: (28) Connection timed out after 10001 milliseconds. See https://curl.se/libcurl/c/libcurl-errors.html first for more details.
Error fetching https://azutazo.hu/feed: Failed to perform, curl: (28) Connection timed out after 10001 milliseconds. See https://curl.se/libcurl/c/libcurl-errors.html first for more details.
Error fetching https://player.hu/feed: Failed to perform, curl: (28) Operation timed out after 25002 milliseconds with 9061 bytes received. See https://curl.se/libcurl/c/libcurl-errors.html first for more details.

===== PIPELINE RUN START 2026-08-13T18:32:00 [run_pipeline_persistent] =====

===== PIPELINE RUN START 2026-08-13T18:37:00 [run_pipeline_persistent] =====

--- RSS Fetch Errors at 2026-08-13 18:39:04 ---
Error fetching https://www.economx.hu/feed: Failed to perform, curl: (28) Connection timed out after 10002 milliseconds. See https://curl.se/libcurl/c/libcurl-errors.html first for more details.
Error fetching https://roadster.hu/feed: Failed to perform, curl: (28) Connection timed out after 10000 milliseconds. See https://curl.se/libcurl/c/libcurl-errors.html first for more details.
Error fetching https://mafab.hu/rss: Failed to perform, curl: (28) Connection timed out after 10002 milliseconds. See https://curl.se/libcurl/c/libcurl-errors.html first for more details.
Error fetching https://sorozatjunkie.hu/feed: Failed to perform, curl: (28) Resolving timed out after 10001 milliseconds. See https://curl.se/libcurl/c/libcurl-errors.html first for more details.
Error fetching https://wallstreetzen.com/blog/feed/: Failed to perform, curl: (28) Resolving timed out after 10002 milliseconds. See https://curl.se/libcurl/c/libcurl-errors.html first for more details.
Error fetching https://bankless.com/feed: Failed to perform, curl: (28) Connection timed out after 10001 milliseconds. See https://curl.se/libcurl/c/libcurl-errors.html first for more details.

===== PIPELINE RUN START 2026-08-13T18:42:00 [run_pipeline_persistent] =====

--- RSS Fetch Errors at 2026-08-13 18:43:31 ---
Error fetching https://player.hu/feed: Failed to perform, curl: (28) Connection timed out after 10003 milliseconds. See https://curl.se/libcurl/c/libcurl-errors.html first for more details.

===== PIPELINE RUN START 2026-08-13T18:47:00 [run_pipeline_persistent] =====

--- RSS Fetch Errors at 2026-08-13 18:48:30 ---
Error fetching https://femina.hu/24ora/rss.xml: Failed to perform, curl: (28) Resolving timed out after 10001 milliseconds. See https://curl.se/libcurl/c/libcurl-errors.html first for more details.
Error fetching https://www.hwsw.hu/xml/latest_news_rss.xml: Failed to perform, curl: (28) Connection timed out after 10002 milliseconds. See https://curl.se/libcurl/c/libcurl-errors.html first for more details.
Error fetching https://aihirfolyam.hu/feed: Failed to perform, curl: (28) Connection timed out after 10002 milliseconds. See https://curl.se/libcurl/c/libcurl-errors.html first for more details.

===== PIPELINE RUN START 2026-08-13T18:52:00 [run_pipeline_persistent] =====

--- RSS Fetch Errors at 2026-08-13 18:54:10 ---
Error fetching https://index.hu/tudomany/til/rss/: Failed to perform, curl: (28) Connection timed out after 10001 milliseconds. See https://curl.se/libcurl/c/libcurl-errors.html first for more details.
Error fetching https://www.playboy.com/read/classics/feed: Failed to perform, curl: (28) Connection timed out after 10002 milliseconds. See https://curl.se/libcurl/c/libcurl-errors.html first for more details.

===== PIPELINE RUN START 2026-08-13T18:57:00 [run_pipeline_persistent] =====

===== PIPELINE RUN START 2026-08-13T19:02:00 [run_pipeline_persistent] =====

--- RSS Fetch Errors at 2026-08-13 19:03:24 ---
Error fetching https://www.hwsw.hu/xml/latest_news_rss.xml: Failed to perform, curl: (28) Connection timed out after 10002 milliseconds. See https://curl.se/libcurl/c/libcurl-errors.html first for more details.
Error fetching https://starity.hu/magazin/rss/: Failed to perform, curl: (28) Connection timed out after 10002 milliseconds. See https://curl.se/libcurl/c/libcurl-errors.html first for more details.

===== PIPELINE RUN START 2026-08-13T19:07:00 [run_pipeline_persistent] =====

--- RSS Fetch Errors at 2026-08-13 19:08:28 ---
Error fetching https://femina.hu/24ora/rss.xml: Failed to perform, curl: (28) Connection timed out after 10002 milliseconds. See https://curl.se/libcurl/c/libcurl-errors.html first for more details.
Error fetching https://offmedia.hu/feed: Failed to perform, curl: (28) Resolving timed out after 10000 milliseconds. See https://curl.se/libcurl/c/libcurl-errors.html first for more details.
Error fetching https://the-zone.hu/feed: Failed to perform, curl: (28) Resolving timed out after 10002 milliseconds. See https://curl.se/libcurl/c/libcurl-errors.html first for more details.
Error fetching https://player.hu/feed: Failed to perform, curl: (28) Connection timed out after 10001 milliseconds. See https://curl.se/libcurl/c/libcurl-errors.html first for more details.
Error fetching https://www.maxim.com/feed: Failed to perform, curl: (28) Resolving timed out after 10001 milliseconds. See https://curl.se/libcurl/c/libcurl-errors.html first for more details.
Error fetching https://firstclass.hu/feed: Failed to perform, curl: (28) Resolving timed out after 10001 milliseconds. See https://curl.se/libcurl/c/libcurl-errors.html first for more details.
Error fetching https://index.hu/tudomany/til/rss/: Failed to perform, curl: (28) Connection timed out after 10002 milliseconds. See https://curl.se/libcurl/c/libcurl-errors.html first for more details.
Error fetching https://www.playboy.com/read/celebrities/feed: Failed to perform, curl: (28) Resolving timed out after 10002 milliseconds. See https://curl.se/libcurl/c/libcurl-errors.html first for more details.
Error fetching https://travelmagazin.hu/feed: Failed to perform, curl: (28) Resolving timed out after 10002 milliseconds. See https://curl.se/libcurl/c/libcurl-errors.html first for more details.
Error fetching https://azutazo.hu/feed: Failed to perform, curl: (28) Connection timed out after 10002 milliseconds. See https://curl.se/libcurl/c/libcurl-errors.html first for more details.
Error fetching https://www.koncert.hu/rss/hirek: Failed to perform, curl: (28) Resolving timed out after 10001 milliseconds. See https://curl.se/libcurl/c/libcurl-errors.html first for more details.

===== PIPELINE RUN START 2026-08-13T19:12:01 [run_pipeline_persistent] =====

--- RSS Fetch Errors at 2026-08-13 19:14:02 ---
Error fetching https://aihirfolyam.hu/feed: Failed to perform, curl: (28) Connection timed out after 10002 milliseconds. See https://curl.se/libcurl/c/libcurl-errors.html first for more details.
Error fetching https://wallstreetzen.com/blog/feed/: Failed to perform, curl: (28) Connection timed out after 10002 milliseconds. See https://curl.se/libcurl/c/libcurl-errors.html first for more details.

===== PIPELINE RUN START 2026-08-13T19:17:01 [run_pipeline_persistent] =====

--- RSS Fetch Errors at 2026-08-13 19:18:29 ---
Error fetching https://player.hu/feed: Failed to perform, curl: (28) Connection timed out after 10002 milliseconds. See https://curl.se/libcurl/c/libcurl-errors.html first for more details.

===== PIPELINE RUN START 2026-08-13T19:22:01 [run_pipeline_persistent] =====

--- RSS Fetch Errors at 2026-08-13 19:23:29 ---
Error fetching https://www.economx.hu/feed: Failed to perform, curl: (28) Connection timed out after 10002 milliseconds. See https://curl.se/libcurl/c/libcurl-errors.html first for more details.
[19:25:06] Image_Downloader: Download failed (https://assets.4cdn.hu/kraken/7DBNpvF5E9fW7k4Aa-lg.gif): HTTPSConnectionPool(host='assets.4cdn.hu', port=443): Read timed out. (read timeout=5)

===== PIPELINE RUN START 2026-08-13T19:27:01 [run_pipeline_persistent] =====

--- RSS Fetch Errors at 2026-08-13 19:29:01 ---
Error fetching https://femina.hu/24ora/rss.xml: Failed to perform, curl: (28) Connection timed out after 10000 milliseconds. See https://curl.se/libcurl/c/libcurl-errors.html first for more details.
Error fetching https://www.economx.hu/feed: Failed to perform, curl: (28) Connection timed out after 10001 milliseconds. See https://curl.se/libcurl/c/libcurl-errors.html first for more details.
Error fetching https://roadster.hu/feed: Failed to perform, curl: (28) Connection timed out after 10001 milliseconds. See https://curl.se/libcurl/c/libcurl-errors.html first for more details.
Error fetching https://sokszinuvidek.24.hu/?oembed=true&format=xml&url=https%3A%2F%2Fsokszinuvidek.24.hu%2F: Failed to perform, curl: (28) Operation timed out after 25002 milliseconds with 0 bytes received. See https://curl.se/libcurl/c/libcurl-errors.html first for more details.
[19:30:40] Image_Downloader: Download failed (https://assets.4cdn.hu/kraken/7DBNpvF5E9fW7k4Aa-lg.gif): HTTPSConnectionPool(host='assets.4cdn.hu', port=443): Read timed out. (read timeout=5)

===== PIPELINE RUN START 2026-08-13T19:32:01 [run_pipeline_persistent] =====

--- RSS Fetch Errors at 2026-08-13 19:34:05 ---
Error fetching https://www.hwsw.hu/xml/latest_news_rss.xml: Failed to perform, curl: (28) Connection timed out after 10002 milliseconds. See https://curl.se/libcurl/c/libcurl-errors.html first for more details.
Error fetching https://starity.hu/magazin/rss/: Failed to perform, curl: (28) Connection timed out after 10001 milliseconds. See https://curl.se/libcurl/c/libcurl-errors.html first for more details.

===== PIPELINE RUN START 2026-08-13T19:37:01 [run_pipeline_persistent] =====

--- RSS Fetch Errors at 2026-08-13 19:38:26 ---
Error fetching https://www.playboy.com/read/celebrities/feed: Failed to perform, curl: (28) Connection timed out after 10003 milliseconds. See https://curl.se/libcurl/c/libcurl-errors.html first for more details.
Error fetching https://bankless.com/feed: Failed to perform, curl: (28) Connection timed out after 10002 milliseconds. See https://curl.se/libcurl/c/libcurl-errors.html first for more details.
Error fetching https://sokszinuvidek.24.hu/feed/: Failed to perform, curl: (28) Connection timed out after 10003 milliseconds. See https://curl.se/libcurl/c/libcurl-errors.html first for more details.
Error fetching https://sokszinuvidek.24.hu/?oembed=true&format=xml&url=https%3A%2F%2Fsokszinuvidek.24.hu%2F: Failed to perform, curl: (28) Connection timed out after 10003 milliseconds. See https://curl.se/libcurl/c/libcurl-errors.html first for more details.

===== PIPELINE RUN START 2026-08-13T19:42:01 [run_pipeline_persistent] =====

--- RSS Fetch Errors at 2026-08-13 19:44:36 ---
Error fetching https://femina.hu/24ora/rss.xml: Failed to perform, curl: (28) Connection timed out after 10001 milliseconds. See https://curl.se/libcurl/c/libcurl-errors.html first for more details.
Error fetching https://www.hwsw.hu/xml/latest_news_rss.xml: Failed to perform, curl: (28) Connection timed out after 10002 milliseconds. See https://curl.se/libcurl/c/libcurl-errors.html first for more details.
Error fetching https://player.hu/feed: Failed to perform, curl: (28) Connection timed out after 10001 milliseconds. See https://curl.se/libcurl/c/libcurl-errors.html first for more details.

===== PIPELINE RUN START 2026-08-13T19:47:01 [run_pipeline_persistent] =====

--- RSS Fetch Errors at 2026-08-13 19:49:33 ---
Error fetching https://roadster.hu/feed: Failed to perform, curl: (28) Connection timed out after 10001 milliseconds. See https://curl.se/libcurl/c/libcurl-errors.html first for more details.
Error fetching https://www.playboy.com/read/sex-relationships/feed: Failed to perform, curl: (28) Connection timed out after 10001 milliseconds. See https://curl.se/libcurl/c/libcurl-errors.html first for more details.

===== PIPELINE RUN START 2026-08-13T19:52:01 [run_pipeline_persistent] =====

===== PIPELINE RUN START 2026-08-13T19:57:01 [run_pipeline_persistent] =====

--- RSS Fetch Errors at 2026-08-13 19:58:35 ---
Error fetching https://www.playboy.com/read/sex-relationships/feed: Failed to perform, curl: (28) Connection timed out after 10003 milliseconds. See https://curl.se/libcurl/c/libcurl-errors.html first for more details.
Error fetching https://player.hu/feed: Failed to perform, curl: (28) Connection timed out after 10003 milliseconds. See https://curl.se/libcurl/c/libcurl-errors.html first for more details.

===== PIPELINE RUN START 2026-08-13T20:02:02 [run_pipeline_persistent] =====

--- RSS Fetch Errors at 2026-08-13 20:04:31 ---
Error fetching https://www.economx.hu/feed: Failed to perform, curl: (28) Connection timed out after 10003 milliseconds. See https://curl.se/libcurl/c/libcurl-errors.html first for more details.
Error fetching https://femina.hu/24ora/rss.xml: Failed to perform, curl: (28) Connection timed out after 10003 milliseconds. See https://curl.se/libcurl/c/libcurl-errors.html first for more details.
Error fetching https://www.hwsw.hu/xml/latest_news_rss.xml: Failed to perform, curl: (28) Connection timed out after 10002 milliseconds. See https://curl.se/libcurl/c/libcurl-errors.html first for more details.
Error fetching https://www.playboy.com/read/classics/feed: Failed to perform, curl: (28) Connection timed out after 10003 milliseconds. See https://curl.se/libcurl/c/libcurl-errors.html first for more details.

===== PIPELINE RUN START 2026-08-13T20:07:02 [run_pipeline_persistent] =====

--- RSS Fetch Errors at 2026-08-13 20:09:31 ---
Error fetching https://sorozatjunkie.hu/feed: Failed to perform, curl: (28) Connection timed out after 10003 milliseconds. See https://curl.se/libcurl/c/libcurl-errors.html first for more details.
Error fetching https://www.playboy.com/read/celebrities/feed: Failed to perform, curl: (28) Connection timed out after 10003 milliseconds. See https://curl.se/libcurl/c/libcurl-errors.html first for more details.

===== PIPELINE RUN START 2026-08-13T20:12:02 [run_pipeline_persistent] =====

--- RSS Fetch Errors at 2026-08-13 20:13:31 ---
Error fetching https://player.hu/feed: Failed to perform, curl: (28) Connection timed out after 10001 milliseconds. See https://curl.se/libcurl/c/libcurl-errors.html first for more details.
Error fetching https://azutazo.hu/feed: Failed to perform, curl: (28) Connection timed out after 10002 milliseconds. See https://curl.se/libcurl/c/libcurl-errors.html first for more details.

===== PIPELINE RUN START 2026-08-13T20:17:02 [run_pipeline_persistent] =====

--- RSS Fetch Errors at 2026-08-13 20:19:30 ---
Error fetching https://www.economx.hu/feed: Failed to perform, curl: (28) Connection timed out after 10002 milliseconds. See https://curl.se/libcurl/c/libcurl-errors.html first for more details.
Error fetching https://index.hu/tudomany/til/rss/: Failed to perform, curl: (28) Connection timed out after 10003 milliseconds. See https://curl.se/libcurl/c/libcurl-errors.html first for more details.

===== PIPELINE RUN START 2026-08-13T20:22:02 [run_pipeline_persistent] =====

--- RSS Fetch Errors at 2026-08-13 20:24:07 ---
Error fetching https://femina.hu/24ora/rss.xml: Failed to perform, curl: (28) Connection timed out after 10003 milliseconds. See https://curl.se/libcurl/c/libcurl-errors.html first for more details.
Error fetching https://www.playboy.com/read/celebrities/feed: Failed to perform, curl: (28) Connection timed out after 10003 milliseconds. See https://curl.se/libcurl/c/libcurl-errors.html first for more details.
Error fetching https://www.playboy.com/read/classics/feed: Failed to perform, curl: (28) Connection timed out after 10002 milliseconds. See https://curl.se/libcurl/c/libcurl-errors.html first for more details.

===== PIPELINE RUN START 2026-08-13T20:27:02 [run_pipeline_persistent] =====

--- RSS Fetch Errors at 2026-08-13 20:28:31 ---
Error fetching https://starity.hu/magazin/rss/: Failed to perform, curl: (28) Connection timed out after 10001 milliseconds. See https://curl.se/libcurl/c/libcurl-errors.html first for more details.
Error fetching https://index.hu/tudomany/til/rss/: Failed to perform, curl: (28) Connection timed out after 10002 milliseconds. See https://curl.se/libcurl/c/libcurl-errors.html first for more details.

===== PIPELINE RUN START 2026-08-13T20:32:02 [run_pipeline_persistent] =====

--- RSS Fetch Errors at 2026-08-13 20:34:30 ---
Error fetching https://roadster.hu/feed: Failed to perform, curl: (28) Connection timed out after 10001 milliseconds. See https://curl.se/libcurl/c/libcurl-errors.html first for more details.

===== PIPELINE RUN START 2026-08-13T20:37:02 [run_pipeline_persistent] =====

--- RSS Fetch Errors at 2026-08-13 20:42:25 ---
Error fetching https://www.pcwplus.hu/site/rss/rss.xml: Failed to perform, curl: (28) Connection timed out after 10000 milliseconds. See https://curl.se/libcurl/c/libcurl-errors.html first for more details.
Error fetching https://444.hu/category/belfold/feed: Failed to perform, curl: (28) Connection timed out after 10001 milliseconds. See https://curl.se/libcurl/c/libcurl-errors.html first for more details.
Error fetching https://hwsw.hu/xml/latest_news_rss.xml: Failed to perform, curl: (28) Connection timed out after 10002 milliseconds. See https://curl.se/libcurl/c/libcurl-errors.html first for more details.
Error fetching https://totalcar.hu/24ora/rss/: Failed to perform, curl: (28) Connection timed out after 10002 milliseconds. See https://curl.se/libcurl/c/libcurl-errors.html first for more details.
Error fetching https://raketa.hu/feed: Failed to perform, curl: (28) Connection timed out after 10001 milliseconds. See https://curl.se/libcurl/c/libcurl-errors.html first for more details.
Error fetching https://welovebudapest.com/feed/: Failed to perform, curl: (28) Connection timed out after 10001 milliseconds. See https://curl.se/libcurl/c/libcurl-errors.html first for more details.
Error fetching https://techpowerup.com/rss/news: Failed to perform, curl: (28) Connection timed out after 10001 milliseconds. See https://curl.se/libcurl/c/libcurl-errors.html first for more details.
Error fetching https://github.blog/feed/: Failed to perform, curl: (28) Connection timed out after 10002 milliseconds. See https://curl.se/libcurl/c/libcurl-errors.html first for more details.
Error fetching https://pcguru.hu/rss: Failed to perform, curl: (7) Failed to connect to pcguru.hu port 443 after 5477 ms: Could not connect to server. See https://curl.se/libcurl/c/libcurl-errors.html first for more details.
Error fetching https://feeds.feedburner.com/ign/games-all: Failed to perform, curl: (28) Connection timed out after 10000 milliseconds. See https://curl.se/libcurl/c/libcurl-errors.html first for more details.
Error fetching https://travelmagazin.hu/feed: Failed to perform, curl: (7) Failed to connect to travelmagazin.hu port 443 after 71 ms: Could not connect to server. See https://curl.se/libcurl/c/libcurl-errors.html first for more details.
Error fetching https://www.penzcentrum.hu/rss/all.xml: Failed to perform, curl: (7) Failed to connect to www.penzcentrum.hu port 443 after 117 ms: Could not connect to server. See https://curl.se/libcurl/c/libcurl-errors.html first for more details.
Error fetching https://starity.hu/magazin/rss/: Failed to perform, curl: (7) Failed to connect to starity.hu port 443 after 8582 ms: Could not connect to server. See https://curl.se/libcurl/c/libcurl-errors.html first for more details.
Error fetching https://velvet.hu/24ora/rss/: Failed to perform, curl: (7) Failed to connect to velvet.hu port 443 after 8675 ms: Could not connect to server. See https://curl.se/libcurl/c/libcurl-errors.html first for more details.
Error fetching https://femina.hu/24ora/rss.xml: Failed to perform, curl: (28) Connection timed out after 10001 milliseconds. See https://curl.se/libcurl/c/libcurl-errors.html first for more details.
Error fetching https://nlc.hu/feed: Failed to perform, curl: (28) Connection timed out after 10002 milliseconds. See https://curl.se/libcurl/c/libcurl-errors.html first for more details.
Error fetching https://marieclaire.hu/feed: Failed to perform, curl: (28) Connection timed out after 10002 milliseconds. See https://curl.se/libcurl/c/libcurl-errors.html first for more details.
Error fetching https://prog.hu/hirek/rss: Failed to perform, curl: (28) Connection timed out after 10001 milliseconds. See https://curl.se/libcurl/c/libcurl-errors.html first for more details.
Error fetching https://totalcar.hu/feed: Failed to perform, curl: (28) Connection timed out after 10002 milliseconds. See https://curl.se/libcurl/c/libcurl-errors.html first for more details.
Error fetching https://the-zone.hu/feed: Failed to perform, curl: (28) Connection timed out after 10002 milliseconds. See https://curl.se/libcurl/c/libcurl-errors.html first for more details.
Error fetching https://ng.24.hu/feed: Failed to perform, curl: (28) Connection timed out after 10002 milliseconds. See https://curl.se/libcurl/c/libcurl-errors.html first for more details.
Error fetching https://www.maxim.com/feed: Failed to perform, curl: (28) Connection timed out after 10000 milliseconds. See https://curl.se/libcurl/c/libcurl-errors.html first for more details.
Error fetching https://offmedia.hu/feed: Failed to perform, curl: (28) Connection timed out after 10001 milliseconds. See https://curl.se/libcurl/c/libcurl-errors.html first for more details.
Error fetching https://fhm.com/feed: Failed to perform, curl: (28) Connection timed out after 10002 milliseconds. See https://curl.se/libcurl/c/libcurl-errors.html first for more details.
Error fetching https://www.hwsw.hu/xml/latest_news_rss.xml: Failed to perform, curl: (28) Connection timed out after 10002 milliseconds. See https://curl.se/libcurl/c/libcurl-errors.html first for more details.
Error fetching https://funzine.hu/feed: Failed to perform, curl: (28) Connection timed out after 10003 milliseconds. See https://curl.se/libcurl/c/libcurl-errors.html first for more details.
Error fetching https://caravantimes.co.uk/feed: Failed to perform, curl: (7) Failed to connect to www.caravantimes.co.uk port 443 after 2065 ms: Could not connect to server. See https://curl.se/libcurl/c/libcurl-errors.html first for more details.
Error fetching https://firstclass.hu/feed: Failed to perform, curl: (28) Connection timed out after 10003 milliseconds. See https://curl.se/libcurl/c/libcurl-errors.html first for more details.
Error fetching https://hetediksor.hu/feed/: Failed to perform, curl: (28) Connection timed out after 10002 milliseconds. See https://curl.se/libcurl/c/libcurl-errors.html first for more details.
Error fetching https://www.koncert.hu/rss/hirek: Failed to perform, curl: (28) Connection timed out after 10002 milliseconds. See https://curl.se/libcurl/c/libcurl-errors.html first for more details.

===== PIPELINE RUN START 2026-08-13T20:44:27 [run_pipeline_persistent] =====

--- RSS Fetch Errors at 2026-08-13 20:46:46 ---
Error fetching https://www.vice.com/feed/: HTTP Error 404: 

===== PIPELINE RUN START 2026-08-13T20:49:27 [run_pipeline_persistent] =====

--- RSS Fetch Errors at 2026-08-13 20:51:01 ---
Error fetching https://www.economx.hu/feed: Failed to perform, curl: (28) Connection timed out after 10003 milliseconds. See https://curl.se/libcurl/c/libcurl-errors.html first for more details.
Error fetching https://www.playboy.com/read/classics/feed: Failed to perform, curl: (28) Connection timed out after 10003 milliseconds. See https://curl.se/libcurl/c/libcurl-errors.html first for more details.

===== PIPELINE RUN START 2026-08-13T20:54:27 [run_pipeline_persistent] =====

--- RSS Fetch Errors at 2026-08-13 20:55:56 ---
Error fetching https://femina.hu/24ora/rss.xml: Failed to perform, curl: (28) Connection timed out after 10002 milliseconds. See https://curl.se/libcurl/c/libcurl-errors.html first for more details.
Error fetching https://www.economx.hu/feed: Failed to perform, curl: (28) Connection timed out after 10003 milliseconds. See https://curl.se/libcurl/c/libcurl-errors.html first for more details.
Error fetching https://index.hu/tudomany/til/rss/: Failed to perform, curl: (28) Connection timed out after 10003 milliseconds. See https://curl.se/libcurl/c/libcurl-errors.html first for more details.

===== PIPELINE RUN START 2026-08-13T20:59:27 [run_pipeline_persistent] =====

===== PIPELINE RUN START 2026-08-13T21:04:27 [run_pipeline_persistent] =====

--- RSS Fetch Errors at 2026-08-13 21:05:51 ---
Error fetching https://sorozatjunkie.hu/feed: Failed to perform, curl: (28) Connection timed out after 10002 milliseconds. See https://curl.se/libcurl/c/libcurl-errors.html first for more details.

===== PIPELINE RUN START 2026-08-13T21:09:27 [run_pipeline_persistent] =====

===== PIPELINE RUN START 2026-08-13T21:14:27 [run_pipeline_persistent] =====
[21:15:23] Summarizer: [DownloadWorker-9] SKIP (duplicate title): A Hatoslottó nyerőszámai a 33. héten, cs...

===== PIPELINE RUN START 2026-08-13T21:19:27 [run_pipeline_persistent] =====

===== PIPELINE RUN START 2026-08-13T21:24:28 [run_pipeline_persistent] =====

===== PIPELINE RUN START 2026-08-13T21:29:28 [run_pipeline_persistent] =====

--- RSS Fetch Errors at 2026-08-13 21:30:56 ---
Error fetching https://femina.hu/24ora/rss.xml: Failed to perform, curl: (28) Connection timed out after 10003 milliseconds. See https://curl.se/libcurl/c/libcurl-errors.html first for more details.

===== PIPELINE RUN START 2026-08-13T21:34:31 [run_pipeline_persistent] =====

===== PIPELINE RUN START 2026-08-13T21:39:31 [run_pipeline_persistent] =====

===== PIPELINE RUN START 2026-08-13T21:44:32 [run_pipeline_persistent] =====

--- RSS Fetch Errors at 2026-08-13 21:45:54 ---
Error fetching https://index.hu/tudomany/til/rss/: Failed to perform, curl: (28) Connection timed out after 10001 milliseconds. See https://curl.se/libcurl/c/libcurl-errors.html first for more details.

===== PIPELINE RUN START 2026-08-13T21:49:32 [run_pipeline_persistent] =====

--- RSS Fetch Errors at 2026-08-13 21:51:22 ---
Error fetching https://femina.hu/24ora/rss.xml: Failed to perform, curl: (28) Connection timed out after 10002 milliseconds. See https://curl.se/libcurl/c/libcurl-errors.html first for more details.
Error fetching https://roadster.hu/feed: Failed to perform, curl: (28) Connection timed out after 10001 milliseconds. See https://curl.se/libcurl/c/libcurl-errors.html first for more details.
Error fetching https://www.economx.hu/feed: Failed to perform, curl: (28) Operation timed out after 25002 milliseconds with 0 bytes received. See https://curl.se/libcurl/c/libcurl-errors.html first for more details.
Error fetching https://starity.hu/magazin/rss/: Failed to perform, curl: (28) Operation timed out after 25002 milliseconds with 2729 bytes received. See https://curl.se/libcurl/c/libcurl-errors.html first for more details.

===== PIPELINE RUN START 2026-08-13T21:54:32 [run_pipeline_persistent] =====

--- RSS Fetch Errors at 2026-08-13 21:56:45 ---
Error fetching https://www.maxim.com/feed: Failed to perform, curl: (28) Connection timed out after 10002 milliseconds. See https://curl.se/libcurl/c/libcurl-errors.html first for more details.

===== PIPELINE RUN START 2026-08-13T21:59:32 [run_pipeline_persistent] =====

--- RSS Fetch Errors at 2026-08-13 22:02:02 ---
Error fetching https://www.hwsw.hu/xml/latest_news_rss.xml: Failed to perform, curl: (28) Connection timed out after 10001 milliseconds. See https://curl.se/libcurl/c/libcurl-errors.html first for more details.
Error fetching https://roadster.hu/feed: Failed to perform, curl: (28) Connection timed out after 10002 milliseconds. See https://curl.se/libcurl/c/libcurl-errors.html first for more details.

===== PIPELINE RUN START 2026-08-13T22:04:32 [run_pipeline_persistent] =====

--- RSS Fetch Errors at 2026-08-13 22:06:54 ---
Error fetching https://www.economx.hu/feed: Failed to perform, curl: (28) Connection timed out after 10001 milliseconds. See https://curl.se/libcurl/c/libcurl-errors.html first for more details.
Error fetching https://sorozatjunkie.hu/feed: Failed to perform, curl: (28) Connection timed out after 10002 milliseconds. See https://curl.se/libcurl/c/libcurl-errors.html first for more details.
Error fetching https://wmn.hu/feed/: Failed to perform, curl: (28) Connection timed out after 10000 milliseconds. See https://curl.se/libcurl/c/libcurl-errors.html first for more details.
Error fetching https://bankless.com/feed: Failed to perform, curl: (28) Connection timed out after 10001 milliseconds. See https://curl.se/libcurl/c/libcurl-errors.html first for more details.
Error fetching https://www.koncert.hu/rss/hirek: Failed to perform, curl: (28) Connection timed out after 10001 milliseconds. See https://curl.se/libcurl/c/libcurl-errors.html first for more details.
Error fetching https://caravantimes.co.uk/feed: Failed to perform, curl: (28) Resolving timed out after 10002 milliseconds. See https://curl.se/libcurl/c/libcurl-errors.html first for more details.
[22:07:21] Summarizer: [DownloadWorker-0] SKIP (duplicate title): Mikor a legolcsóbb Mexikó? Eláruljuk, mi...

===== PIPELINE RUN START 2026-08-13T22:09:32 [run_pipeline_persistent] =====

===== PIPELINE RUN START 2026-08-13T22:14:32 [run_pipeline_persistent] =====

===== PIPELINE RUN START 2026-08-13T22:19:32 [run_pipeline_persistent] =====

===== PIPELINE RUN START 2026-08-13T22:24:32 [run_pipeline_persistent] =====

===== PIPELINE RUN START 2026-08-13T22:29:33 [run_pipeline_persistent] =====

--- RSS Fetch Errors at 2026-08-13 22:30:57 ---
Error fetching https://www.playboy.com/read/classics/feed: Failed to perform, curl: (28) Connection timed out after 10001 milliseconds. See https://curl.se/libcurl/c/libcurl-errors.html first for more details.

===== PIPELINE RUN START 2026-08-13T22:34:33 [run_pipeline_persistent] =====

===== PIPELINE RUN START 2026-08-13T22:39:33 [run_pipeline_persistent] =====

--- RSS Fetch Errors at 2026-08-13 22:41:02 ---
Error fetching https://aihirfolyam.hu/feed: Failed to perform, curl: (28) Connection timed out after 10003 milliseconds. See https://curl.se/libcurl/c/libcurl-errors.html first for more details.
Error fetching https://www.hwsw.hu/xml/latest_news_rss.xml: Failed to perform, curl: (28) Connection timed out after 10002 milliseconds. See https://curl.se/libcurl/c/libcurl-errors.html first for more details.
Error fetching https://player.hu/feed: Failed to perform, curl: (28) Connection timed out after 10002 milliseconds. See https://curl.se/libcurl/c/libcurl-errors.html first for more details.
Error fetching https://index.hu/tudomany/til/rss/: Failed to perform, curl: (28) Connection timed out after 10002 milliseconds. See https://curl.se/libcurl/c/libcurl-errors.html first for more details.

===== PIPELINE RUN START 2026-08-13T22:44:33 [run_pipeline_persistent] =====

===== PIPELINE RUN START 2026-08-13T22:49:33 [run_pipeline_persistent] =====

--- RSS Fetch Errors at 2026-08-13 22:51:21 ---
Error fetching https://femina.hu/24ora/rss.xml: Failed to perform, curl: (28) Connection timed out after 10003 milliseconds. See https://curl.se/libcurl/c/libcurl-errors.html first for more details.

===== PIPELINE RUN START 2026-08-13T22:54:33 [run_pipeline_persistent] =====

===== PIPELINE RUN START 2026-08-13T22:59:33 [run_pipeline_persistent] =====

--- RSS Fetch Errors at 2026-08-13 23:01:59 ---
Error fetching https://femina.hu/24ora/rss.xml: Failed to perform, curl: (28) Connection timed out after 10003 milliseconds. See https://curl.se/libcurl/c/libcurl-errors.html first for more details.
Error fetching https://index.hu/tudomany/til/rss/: Failed to perform, curl: (28) Connection timed out after 10001 milliseconds. See https://curl.se/libcurl/c/libcurl-errors.html first for more details.
Error fetching https://player.hu/feed: Failed to perform, curl: (28) Connection timed out after 10002 milliseconds. See https://curl.se/libcurl/c/libcurl-errors.html first for more details.

===== PIPELINE RUN START 2026-08-13T23:04:33 [run_pipeline_persistent] =====

--- RSS Fetch Errors at 2026-08-13 23:05:58 ---
Error fetching https://roadster.hu/feed: Failed to perform, curl: (28) Connection timed out after 10003 milliseconds. See https://curl.se/libcurl/c/libcurl-errors.html first for more details.

===== PIPELINE RUN START 2026-08-13T23:09:34 [run_pipeline_persistent] =====

--- RSS Fetch Errors at 2026-08-13 23:11:41 ---
Error fetching https://www.hwsw.hu/xml/latest_news_rss.xml: Failed to perform, curl: (28) Connection timed out after 10003 milliseconds. See https://curl.se/libcurl/c/libcurl-errors.html first for more details.
Error fetching https://sokszinuvidek.24.hu/?oembed=true&format=xml&url=https%3A%2F%2Fsokszinuvidek.24.hu%2F: Failed to perform, curl: (28) Connection timed out after 10001 milliseconds. See https://curl.se/libcurl/c/libcurl-errors.html first for more details.

===== PIPELINE RUN START 2026-08-13T23:14:34 [run_pipeline_persistent] =====

===== PIPELINE RUN START 2026-08-13T23:19:34 [run_pipeline_persistent] =====

===== PIPELINE RUN START 2026-08-13T23:24:34 [run_pipeline_persistent] =====

--- RSS Fetch Errors at 2026-08-13 23:25:58 ---
Error fetching https://sorozatjunkie.hu/feed: Failed to perform, curl: (28) Connection timed out after 10002 milliseconds. See https://curl.se/libcurl/c/libcurl-errors.html first for more details.

===== PIPELINE RUN START 2026-08-13T23:29:34 [run_pipeline_persistent] =====

===== PIPELINE RUN START 2026-08-13T23:34:34 [run_pipeline_persistent] =====

--- RSS Fetch Errors at 2026-08-13 23:36:07 ---
Error fetching https://www.economx.hu/feed: Failed to perform, curl: (28) Connection timed out after 10003 milliseconds. See https://curl.se/libcurl/c/libcurl-errors.html first for more details.
Error fetching https://starity.hu/magazin/rss/: Failed to perform, curl: (28) Operation timed out after 25003 milliseconds with 1360 bytes received. See https://curl.se/libcurl/c/libcurl-errors.html first for more details.

===== PIPELINE RUN START 2026-08-13T23:39:34 [run_pipeline_persistent] =====

--- RSS Fetch Errors at 2026-08-13 23:41:50 ---
Error fetching https://aihirfolyam.hu/feed: Failed to perform, curl: (28) Connection timed out after 10003 milliseconds. See https://curl.se/libcurl/c/libcurl-errors.html first for more details.
Error fetching https://femina.hu/24ora/rss.xml: Failed to perform, curl: (28) Connection timed out after 10003 milliseconds. See https://curl.se/libcurl/c/libcurl-errors.html first for more details.
Error fetching https://index.hu/tudomany/til/rss/: Failed to perform, curl: (28) Connection timed out after 10003 milliseconds. See https://curl.se/libcurl/c/libcurl-errors.html first for more details.

===== PIPELINE RUN START 2026-08-13T23:44:34 [run_pipeline_persistent] =====

===== PIPELINE RUN START 2026-08-13T23:49:34 [run_pipeline_persistent] =====
[23:53:22] Image_Downloader: Download failed (https://assets.4cdn.hu/kraken/7DBNpvF5E9fW7k4Aa-lg.gif): HTTPSConnectionPool(host='assets.4cdn.hu', port=443): Read timed out. (read timeout=5)

===== PIPELINE RUN START 2026-08-13T23:54:35 [run_pipeline_persistent] =====

===== PIPELINE RUN START 2026-08-13T23:59:35 [run_pipeline_persistent] =====

--- RSS Fetch Errors at 2026-08-14 00:01:48 ---
Error fetching https://sorozatjunkie.hu/feed: Failed to perform, curl: (28) Connection timed out after 10003 milliseconds. See https://curl.se/libcurl/c/libcurl-errors.html first for more details.
