
===== PIPELINE RUN START 2026-08-14T00:04:35 [run_pipeline_persistent] =====

--- RSS Fetch Errors at 2026-08-14 00:07:11 ---
Error fetching https://femina.hu/24ora/rss.xml: Failed to perform, curl: (28) Connection timed out after 10002 milliseconds. See https://curl.se/libcurl/c/libcurl-errors.html first for more details.
Error fetching https://index.hu/tudomany/til/rss/: Failed to perform, curl: (28) Connection timed out after 10001 milliseconds. See https://curl.se/libcurl/c/libcurl-errors.html first for more details.

===== PIPELINE RUN START 2026-08-14T00:11:23 [run_pipeline_persistent] =====

--- RSS Fetch Errors at 2026-08-14 00:13:39 ---
Error fetching https://starity.hu/magazin/rss/: Failed to perform, curl: (28) Connection timed out after 10002 milliseconds. See https://curl.se/libcurl/c/libcurl-errors.html first for more details.
Error fetching https://sorozatjunkie.hu/feed: Failed to perform, curl: (28) Connection timed out after 10002 milliseconds. See https://curl.se/libcurl/c/libcurl-errors.html first for more details.

===== PIPELINE RUN START 2026-08-14T00:16:23 [run_pipeline_persistent] =====

--- RSS Fetch Errors at 2026-08-14 00:18:38 ---
Error fetching https://mafab.hu/rss: Failed to perform, curl: (28) Connection timed out after 10002 milliseconds. See https://curl.se/libcurl/c/libcurl-errors.html first for more details.

===== PIPELINE RUN START 2026-08-14T00:21:23 [run_pipeline_persistent] =====

--- RSS Fetch Errors at 2026-08-14 00:23:14 ---
Error fetching https://www.economx.hu/feed: Failed to perform, curl: (28) Connection timed out after 10003 milliseconds. See https://curl.se/libcurl/c/libcurl-errors.html first for more details.
Error fetching https://www.hwsw.hu/xml/latest_news_rss.xml: Failed to perform, curl: (28) Connection timed out after 10003 milliseconds. See https://curl.se/libcurl/c/libcurl-errors.html first for more details.
Error fetching https://index.hu/tudomany/til/rss/: Failed to perform, curl: (28) Connection timed out after 10002 milliseconds. See https://curl.se/libcurl/c/libcurl-errors.html first for more details.
Error fetching https://www.playboy.com/read/classics/feed: Failed to perform, curl: (28) Connection timed out after 10003 milliseconds. See https://curl.se/libcurl/c/libcurl-errors.html first for more details.
Error fetching https://bankless.com/feed: Failed to perform, curl: (28) Connection timed out after 10003 milliseconds. See https://curl.se/libcurl/c/libcurl-errors.html first for more details.

===== PIPELINE RUN START 2026-08-14T00:26:23 [run_pipeline_persistent] =====

--- RSS Fetch Errors at 2026-08-14 00:28:57 ---
Error fetching https://aihirfolyam.hu/feed: Failed to perform, curl: (28) Connection timed out after 10003 milliseconds. See https://curl.se/libcurl/c/libcurl-errors.html first for more details.
Error fetching https://femina.hu/24ora/rss.xml: Failed to perform, curl: (28) Connection timed out after 10004 milliseconds. See https://curl.se/libcurl/c/libcurl-errors.html first for more details.
Error fetching https://www.playboy.com/read/celebrities/feed: Failed to perform, curl: (28) Connection timed out after 10003 milliseconds. See https://curl.se/libcurl/c/libcurl-errors.html first for more details.

===== PIPELINE RUN START 2026-08-14T00:31:23 [run_pipeline_persistent] =====

===== PIPELINE RUN START 2026-08-14T00:36:24 [run_pipeline_persistent] =====

--- RSS Fetch Errors at 2026-08-14 00:37:58 ---
Error fetching https://aihirfolyam.hu/feed: Failed to perform, curl: (28) Connection timed out after 10001 milliseconds. See https://curl.se/libcurl/c/libcurl-errors.html first for more details.
Error fetching https://www.economx.hu/feed: Failed to perform, curl: (28) Connection timed out after 10002 milliseconds. See https://curl.se/libcurl/c/libcurl-errors.html first for more details.

===== PIPELINE RUN START 2026-08-14T00:41:24 [run_pipeline_persistent] =====

--- RSS Fetch Errors at 2026-08-14 00:42:52 ---
Error fetching https://www.playboy.com/read/celebrities/feed: Failed to perform, curl: (28) Connection timed out after 10003 milliseconds. See https://curl.se/libcurl/c/libcurl-errors.html first for more details.

===== PIPELINE RUN START 2026-08-14T00:46:24 [run_pipeline_persistent] =====

--- RSS Fetch Errors at 2026-08-14 00:48:03 ---
Error fetching https://starity.hu/magazin/rss/: Failed to perform, curl: (28) Connection timed out after 10003 milliseconds. See https://curl.se/libcurl/c/libcurl-errors.html first for more details.
Error fetching https://bankless.com/feed: Failed to perform, curl: (28) Connection timed out after 10003 milliseconds. See https://curl.se/libcurl/c/libcurl-errors.html first for more details.

===== PIPELINE RUN START 2026-08-14T00:51:24 [run_pipeline_persistent] =====

===== PIPELINE RUN START 2026-08-14T00:56:24 [run_pipeline_persistent] =====

--- RSS Fetch Errors at 2026-08-14 00:58:51 ---
Error fetching https://www.maxim.com/feed: Failed to perform, curl: (28) Connection timed out after 10003 milliseconds. See https://curl.se/libcurl/c/libcurl-errors.html first for more details.

===== PIPELINE RUN START 2026-08-14T01:01:24 [run_pipeline_persistent] =====

--- RSS Fetch Errors at 2026-08-14 01:02:53 ---
Error fetching https://aihirfolyam.hu/feed: Failed to perform, curl: (28) Connection timed out after 10002 milliseconds. See https://curl.se/libcurl/c/libcurl-errors.html first for more details.
Error fetching https://www.playboy.com/read/sex-relationships/feed: Failed to perform, curl: (28) Connection timed out after 10003 milliseconds. See https://curl.se/libcurl/c/libcurl-errors.html first for more details.
Error fetching https://sokszinuvidek.24.hu/feed/: Failed to perform, curl: (28) Connection timed out after 10003 milliseconds. See https://curl.se/libcurl/c/libcurl-errors.html first for more details.

===== PIPELINE RUN START 2026-08-14T01:06:25 [run_pipeline_persistent] =====

--- RSS Fetch Errors at 2026-08-14 01:07:57 ---
Error fetching https://femina.hu/24ora/rss.xml: Failed to perform, curl: (28) Connection timed out after 10006 milliseconds. See https://curl.se/libcurl/c/libcurl-errors.html first for more details.
Error fetching https://www.maxim.com/feed: Failed to perform, curl: (28) Connection timed out after 10002 milliseconds. See https://curl.se/libcurl/c/libcurl-errors.html first for more details.

===== PIPELINE RUN START 2026-08-14T01:11:25 [run_pipeline_persistent] =====

===== PIPELINE RUN START 2026-08-14T01:16:25 [run_pipeline_persistent] =====

--- RSS Fetch Errors at 2026-08-14 01:18:49 ---
Error fetching https://starity.hu/magazin/rss/: Failed to perform, curl: (28) Operation timed out after 25003 milliseconds with 0 bytes received. See https://curl.se/libcurl/c/libcurl-errors.html first for more details.

===== PIPELINE RUN START 2026-08-14T01:21:25 [run_pipeline_persistent] =====

--- RSS Fetch Errors at 2026-08-14 01:23:55 ---
Error fetching https://www.hwsw.hu/xml/latest_news_rss.xml: Failed to perform, curl: (28) Connection timed out after 10002 milliseconds. See https://curl.se/libcurl/c/libcurl-errors.html first for more details.

===== PIPELINE RUN START 2026-08-14T01:26:25 [run_pipeline_persistent] =====

===== PIPELINE RUN START 2026-08-14T01:31:25 [run_pipeline_persistent] =====

--- RSS Fetch Errors at 2026-08-14 01:32:51 ---
Error fetching https://www.hwsw.hu/xml/latest_news_rss.xml: Failed to perform, curl: (28) Connection timed out after 10001 milliseconds. See https://curl.se/libcurl/c/libcurl-errors.html first for more details.
Error fetching https://index.hu/tudomany/til/rss/: Failed to perform, curl: (28) Connection timed out after 10003 milliseconds. See https://curl.se/libcurl/c/libcurl-errors.html first for more details.
Error fetching https://www.playboy.com/read/classics/feed: Failed to perform, curl: (28) Connection timed out after 10003 milliseconds. See https://curl.se/libcurl/c/libcurl-errors.html first for more details.
Error fetching https://wmn.hu/feed/: Failed to perform, curl: (28) Connection timed out after 10002 milliseconds. See https://curl.se/libcurl/c/libcurl-errors.html first for more details.

===== PIPELINE RUN START 2026-08-14T01:36:26 [run_pipeline_persistent] =====

===== PIPELINE RUN START 2026-08-14T01:41:26 [run_pipeline_persistent] =====

--- RSS Fetch Errors at 2026-08-14 01:43:30 ---
Error fetching https://aihirfolyam.hu/feed: Failed to perform, curl: (28) Connection timed out after 10003 milliseconds. See https://curl.se/libcurl/c/libcurl-errors.html first for more details.
Error fetching https://roadster.hu/feed: Failed to perform, curl: (28) Connection timed out after 10003 milliseconds. See https://curl.se/libcurl/c/libcurl-errors.html first for more details.

===== PIPELINE RUN START 2026-08-14T01:46:26 [run_pipeline_persistent] =====

===== PIPELINE RUN START 2026-08-14T01:51:26 [run_pipeline_persistent] =====

--- RSS Fetch Errors at 2026-08-14 01:53:32 ---
Error fetching https://www.economx.hu/feed: Failed to perform, curl: (28) Connection timed out after 10003 milliseconds. See https://curl.se/libcurl/c/libcurl-errors.html first for more details.
Error fetching https://www.hwsw.hu/xml/latest_news_rss.xml: Failed to perform, curl: (28) Connection timed out after 10003 milliseconds. See https://curl.se/libcurl/c/libcurl-errors.html first for more details.

===== PIPELINE RUN START 2026-08-14T01:56:26 [run_pipeline_persistent] =====

--- RSS Fetch Errors at 2026-08-14 01:57:54 ---
Error fetching https://femina.hu/24ora/rss.xml: Failed to perform, curl: (28) Connection timed out after 10003 milliseconds. See https://curl.se/libcurl/c/libcurl-errors.html first for more details.
Error fetching https://index.hu/tudomany/til/rss/: Failed to perform, curl: (28) Connection timed out after 10003 milliseconds. See https://curl.se/libcurl/c/libcurl-errors.html first for more details.
Error fetching https://roadster.hu/feed: Failed to perform, curl: (28) Connection timed out after 10001 milliseconds. See https://curl.se/libcurl/c/libcurl-errors.html first for more details.
Error fetching https://www.maxim.com/feed: Failed to perform, curl: (28) Connection timed out after 10002 milliseconds. See https://curl.se/libcurl/c/libcurl-errors.html first for more details.
Error fetching https://www.playboy.com/read/sex-relationships/feed: Failed to perform, curl: (28) Connection timed out after 10002 milliseconds. See https://curl.se/libcurl/c/libcurl-errors.html first for more details.
Error fetching https://sokszinuvidek.24.hu/feed/: Failed to perform, curl: (28) Connection timed out after 10002 milliseconds. See https://curl.se/libcurl/c/libcurl-errors.html first for more details.

===== PIPELINE RUN START 2026-08-14T02:01:26 [run_pipeline_persistent] =====

--- RSS Fetch Errors at 2026-08-14 02:02:59 ---
Error fetching https://www.playboy.com/read/classics/feed: Failed to perform, curl: (28) Connection timed out after 10001 milliseconds. See https://curl.se/libcurl/c/libcurl-errors.html first for more details.
Error fetching https://sokszinuvidek.24.hu/?oembed=true&format=xml&url=https%3A%2F%2Fsokszinuvidek.24.hu%2F: Failed to perform, curl: (28) Connection timed out after 10002 milliseconds. See https://curl.se/libcurl/c/libcurl-errors.html first for more details.

===== PIPELINE RUN START 2026-08-14T02:06:27 [run_pipeline_persistent] =====

--- RSS Fetch Errors at 2026-08-14 02:08:47 ---
Error fetching https://www.economx.hu/feed: Failed to perform, curl: (28) Connection timed out after 10002 milliseconds. See https://curl.se/libcurl/c/libcurl-errors.html first for more details.
Error fetching https://sokszinuvidek.24.hu/feed/: Failed to perform, curl: (28) Connection timed out after 10003 milliseconds. See https://curl.se/libcurl/c/libcurl-errors.html first for more details.

===== PIPELINE RUN START 2026-08-14T02:11:27 [run_pipeline_persistent] =====

--- RSS Fetch Errors at 2026-08-14 02:13:55 ---
Error fetching https://femina.hu/24ora/rss.xml: Failed to perform, curl: (28) Connection timed out after 10003 milliseconds. See https://curl.se/libcurl/c/libcurl-errors.html first for more details.

===== PIPELINE RUN START 2026-08-14T02:16:27 [run_pipeline_persistent] =====

--- RSS Fetch Errors at 2026-08-14 02:17:57 ---
Error fetching https://www.economx.hu/feed: Failed to perform, curl: (28) Connection timed out after 10003 milliseconds. See https://curl.se/libcurl/c/libcurl-errors.html first for more details.

===== PIPELINE RUN START 2026-08-14T02:21:27 [run_pipeline_persistent] =====

--- RSS Fetch Errors at 2026-08-14 02:23:48 ---
Error fetching https://roadster.hu/feed: Failed to perform, curl: (28) Connection timed out after 10001 milliseconds. See https://curl.se/libcurl/c/libcurl-errors.html first for more details.

===== PIPELINE RUN START 2026-08-14T02:26:27 [run_pipeline_persistent] =====

--- RSS Fetch Errors at 2026-08-14 02:28:50 ---
Error fetching https://www.maxim.com/feed: Failed to perform, curl: (28) Connection timed out after 10002 milliseconds. See https://curl.se/libcurl/c/libcurl-errors.html first for more details.
Error fetching https://www.playboy.com/read/classics/feed: Failed to perform, curl: (28) Connection timed out after 10002 milliseconds. See https://curl.se/libcurl/c/libcurl-errors.html first for more details.

===== PIPELINE RUN START 2026-08-14T02:31:27 [run_pipeline_persistent] =====

--- RSS Fetch Errors at 2026-08-14 02:33:50 ---
Error fetching https://starity.hu/magazin/rss/: Failed to perform, curl: (28) Connection timed out after 10002 milliseconds. See https://curl.se/libcurl/c/libcurl-errors.html first for more details.
Error fetching https://sokszinuvidek.24.hu/feed/: Failed to perform, curl: (28) Connection timed out after 10002 milliseconds. See https://curl.se/libcurl/c/libcurl-errors.html first for more details.

===== PIPELINE RUN START 2026-08-14T02:36:27 [run_pipeline_persistent] =====

--- RSS Fetch Errors at 2026-08-14 02:38:09 ---
Error fetching https://www.playboy.com/read/sex-relationships/feed: Failed to perform, curl: (28) Connection timed out after 10003 milliseconds. See https://curl.se/libcurl/c/libcurl-errors.html first for more details.
Error fetching https://prog.hu/hirek/rss: Failed to perform, curl: (28) Operation timed out after 25428 milliseconds with 0 bytes received. See https://curl.se/libcurl/c/libcurl-errors.html first for more details.

===== PIPELINE RUN START 2026-08-14T02:41:27 [run_pipeline_persistent] =====

===== PIPELINE RUN START 2026-08-14T02:46:28 [run_pipeline_persistent] =====

--- RSS Fetch Errors at 2026-08-14 02:47:57 ---
Error fetching https://www.vice.com/feed/: HTTP Error 404: 
Error fetching https://www.hwsw.hu/xml/latest_news_rss.xml: Failed to perform, curl: (28) Connection timed out after 10001 milliseconds. See https://curl.se/libcurl/c/libcurl-errors.html first for more details.
Error fetching https://www.playboy.com/read/sex-relationships/feed: Failed to perform, curl: (28) Connection timed out after 10003 milliseconds. See https://curl.se/libcurl/c/libcurl-errors.html first for more details.
Error fetching https://www.playboy.com/read/classics/feed: Failed to perform, curl: (28) Connection timed out after 10003 milliseconds. See https://curl.se/libcurl/c/libcurl-errors.html first for more details.

===== PIPELINE RUN START 2026-08-14T02:51:28 [run_pipeline_persistent] =====

--- RSS Fetch Errors at 2026-08-14 02:53:10 ---
Error fetching https://starity.hu/magazin/rss/: Failed to perform, curl: (28) Connection timed out after 10003 milliseconds. See https://curl.se/libcurl/c/libcurl-errors.html first for more details.

===== PIPELINE RUN START 2026-08-14T02:56:28 [run_pipeline_persistent] =====

===== PIPELINE RUN START 2026-08-14T03:01:28 [run_pipeline_persistent] =====

===== PIPELINE RUN START 2026-08-14T03:06:29 [run_pipeline_persistent] =====

--- RSS Fetch Errors at 2026-08-14 03:07:57 ---
Error fetching https://femina.hu/24ora/rss.xml: Failed to perform, curl: (28) Connection timed out after 10003 milliseconds. See https://curl.se/libcurl/c/libcurl-errors.html first for more details.
Error fetching https://index.hu/tudomany/til/rss/: Failed to perform, curl: (28) Connection timed out after 10002 milliseconds. See https://curl.se/libcurl/c/libcurl-errors.html first for more details.
Error fetching https://www.playboy.com/read/sex-relationships/feed: Failed to perform, curl: (28) Connection timed out after 10003 milliseconds. See https://curl.se/libcurl/c/libcurl-errors.html first for more details.
Error fetching https://bankless.com/feed: Failed to perform, curl: (28) Connection timed out after 10002 milliseconds. See https://curl.se/libcurl/c/libcurl-errors.html first for more details.

===== PIPELINE RUN START 2026-08-14T03:11:29 [run_pipeline_persistent] =====

===== PIPELINE RUN START 2026-08-14T03:16:29 [run_pipeline_persistent] =====

===== PIPELINE RUN START 2026-08-14T03:21:29 [run_pipeline_persistent] =====

===== PIPELINE RUN START 2026-08-14T03:26:29 [run_pipeline_persistent] =====

===== PIPELINE RUN START 2026-08-14T03:31:35 [run_pipeline_persistent] =====

--- RSS Fetch Errors at 2026-08-14 03:33:13 ---
Error fetching https://sokszinuvidek.24.hu/?oembed=true&format=xml&url=https%3A%2F%2Fsokszinuvidek.24.hu%2F: Failed to perform, curl: (28) Connection timed out after 10002 milliseconds. See https://curl.se/libcurl/c/libcurl-errors.html first for more details.

===== PIPELINE RUN START 2026-08-14T03:36:35 [run_pipeline_persistent] =====

--- RSS Fetch Errors at 2026-08-14 03:38:04 ---
Error fetching https://aihirfolyam.hu/feed: Failed to perform, curl: (28) Connection timed out after 10003 milliseconds. See https://curl.se/libcurl/c/libcurl-errors.html first for more details.

===== PIPELINE RUN START 2026-08-14T03:41:35 [run_pipeline_persistent] =====

===== PIPELINE RUN START 2026-08-14T03:46:36 [run_pipeline_persistent] =====

--- RSS Fetch Errors at 2026-08-14 03:48:04 ---
Error fetching https://www.playboy.com/read/celebrities/feed: Failed to perform, curl: (28) Connection timed out after 10001 milliseconds. See https://curl.se/libcurl/c/libcurl-errors.html first for more details.
Error fetching https://sokszinuvidek.24.hu/?oembed=true&format=xml&url=https%3A%2F%2Fsokszinuvidek.24.hu%2F: Failed to perform, curl: (28) Connection timed out after 10004 milliseconds. See https://curl.se/libcurl/c/libcurl-errors.html first for more details.

===== PIPELINE RUN START 2026-08-14T03:51:36 [run_pipeline_persistent] =====

--- RSS Fetch Errors at 2026-08-14 03:54:10 ---
Error fetching https://www.hwsw.hu/xml/latest_news_rss.xml: Failed to perform, curl: (28) Connection timed out after 10003 milliseconds. See https://curl.se/libcurl/c/libcurl-errors.html first for more details.
Error fetching https://www.maxim.com/feed: Failed to perform, curl: (28) Connection timed out after 10002 milliseconds. See https://curl.se/libcurl/c/libcurl-errors.html first for more details.
Error fetching https://www.playboy.com/read/sex-relationships/feed: Failed to perform, curl: (28) Connection timed out after 10003 milliseconds. See https://curl.se/libcurl/c/libcurl-errors.html first for more details.
Error fetching https://sorozatjunkie.hu/feed: Failed to perform, curl: (28) Connection timed out after 10003 milliseconds. See https://curl.se/libcurl/c/libcurl-errors.html first for more details.
Error fetching https://index.hu/tudomany/til/rss/: Failed to perform, curl: (28) Operation timed out after 25003 milliseconds with 0 bytes received. See https://curl.se/libcurl/c/libcurl-errors.html first for more details.

===== PIPELINE RUN START 2026-08-14T03:56:36 [run_pipeline_persistent] =====

===== PIPELINE RUN START 2026-08-14T04:01:36 [run_pipeline_persistent] =====

--- RSS Fetch Errors at 2026-08-14 04:03:24 ---
Error fetching https://www.maxim.com/feed: Failed to perform, curl: (28) Connection timed out after 10001 milliseconds. See https://curl.se/libcurl/c/libcurl-errors.html first for more details.

===== PIPELINE RUN START 2026-08-14T04:06:36 [run_pipeline_persistent] =====

--- RSS Fetch Errors at 2026-08-14 04:08:07 ---
Error fetching https://www.playboy.com/read/sex-relationships/feed: Failed to perform, curl: (28) Connection timed out after 10002 milliseconds. See https://curl.se/libcurl/c/libcurl-errors.html first for more details.

===== PIPELINE RUN START 2026-08-14T04:11:36 [run_pipeline_persistent] =====

--- RSS Fetch Errors at 2026-08-14 04:14:06 ---
Error fetching https://index.hu/tudomany/til/rss/: Failed to perform, curl: (28) Connection timed out after 10003 milliseconds. See https://curl.se/libcurl/c/libcurl-errors.html first for more details.
Error fetching https://sorozatjunkie.hu/feed: Failed to perform, curl: (28) Connection timed out after 10003 milliseconds. See https://curl.se/libcurl/c/libcurl-errors.html first for more details.

===== PIPELINE RUN START 2026-08-14T04:16:37 [run_pipeline_persistent] =====

--- RSS Fetch Errors at 2026-08-14 04:18:06 ---
Error fetching https://www.hwsw.hu/xml/latest_news_rss.xml: Failed to perform, curl: (28) Connection timed out after 10003 milliseconds. See https://curl.se/libcurl/c/libcurl-errors.html first for more details.

===== PIPELINE RUN START 2026-08-14T04:21:37 [run_pipeline_persistent] =====

--- RSS Fetch Errors at 2026-08-14 04:23:25 ---
Error fetching https://femina.hu/24ora/rss.xml: Failed to perform, curl: (28) Connection timed out after 10001 milliseconds. See https://curl.se/libcurl/c/libcurl-errors.html first for more details.
Error fetching https://sorozatjunkie.hu/feed: Failed to perform, curl: (28) Connection timed out after 10003 milliseconds. See https://curl.se/libcurl/c/libcurl-errors.html first for more details.
Error fetching https://index.hu/tudomany/til/rss/: Failed to perform, curl: (28) Connection timed out after 10003 milliseconds. See https://curl.se/libcurl/c/libcurl-errors.html first for more details.

===== PIPELINE RUN START 2026-08-14T04:26:37 [run_pipeline_persistent] =====

--- RSS Fetch Errors at 2026-08-14 04:28:10 ---
Error fetching https://www.hwsw.hu/xml/latest_news_rss.xml: Failed to perform, curl: (28) Connection timed out after 10001 milliseconds. See https://curl.se/libcurl/c/libcurl-errors.html first for more details.
Error fetching https://www.playboy.com/read/celebrities/feed: Failed to perform, curl: (28) Connection timed out after 10003 milliseconds. See https://curl.se/libcurl/c/libcurl-errors.html first for more details.

===== PIPELINE RUN START 2026-08-14T04:31:37 [run_pipeline_persistent] =====

===== PIPELINE RUN START 2026-08-14T04:36:37 [run_pipeline_persistent] =====

--- RSS Fetch Errors at 2026-08-14 04:38:15 ---
Error fetching https://aihirfolyam.hu/feed: Failed to perform, curl: (28) Connection timed out after 10003 milliseconds. See https://curl.se/libcurl/c/libcurl-errors.html first for more details.

===== PIPELINE RUN START 2026-08-14T04:41:37 [run_pipeline_persistent] =====

--- RSS Fetch Errors at 2026-08-14 04:43:11 ---
Error fetching https://www.economx.hu/feed: Failed to perform, curl: (28) Connection timed out after 10003 milliseconds. See https://curl.se/libcurl/c/libcurl-errors.html first for more details.
Error fetching https://wmn.hu/feed/: Failed to perform, curl: (28) Connection timed out after 10003 milliseconds. See https://curl.se/libcurl/c/libcurl-errors.html first for more details.

===== PIPELINE RUN START 2026-08-14T04:46:37 [run_pipeline_persistent] =====

--- RSS Fetch Errors at 2026-08-14 04:48:07 ---
Error fetching https://aihirfolyam.hu/feed: Failed to perform, curl: (28) Connection timed out after 10002 milliseconds. See https://curl.se/libcurl/c/libcurl-errors.html first for more details.
Error fetching https://player.hu/feed: Failed to perform, curl: (28) Connection timed out after 10002 milliseconds. See https://curl.se/libcurl/c/libcurl-errors.html first for more details.
Error fetching https://www.playboy.com/read/sex-relationships/feed: Failed to perform, curl: (28) Connection timed out after 10003 milliseconds. See https://curl.se/libcurl/c/libcurl-errors.html first for more details.
Error fetching https://sokszinuvidek.24.hu/?oembed=true&format=xml&url=https%3A%2F%2Fsokszinuvidek.24.hu%2F: Failed to perform, curl: (28) Connection timed out after 10003 milliseconds. See https://curl.se/libcurl/c/libcurl-errors.html first for more details.

===== PIPELINE RUN START 2026-08-14T04:51:38 [run_pipeline_persistent] =====

--- RSS Fetch Errors at 2026-08-14 04:53:08 ---
Error fetching https://www.economx.hu/feed: Failed to perform, curl: (28) Connection timed out after 10003 milliseconds. See https://curl.se/libcurl/c/libcurl-errors.html first for more details.

===== PIPELINE RUN START 2026-08-14T04:56:38 [run_pipeline_persistent] =====

--- RSS Fetch Errors at 2026-08-14 04:58:33 ---
Error fetching https://www.maxim.com/feed: Failed to perform, curl: (28) Connection timed out after 10003 milliseconds. See https://curl.se/libcurl/c/libcurl-errors.html first for more details.

===== PIPELINE RUN START 2026-08-14T05:01:38 [run_pipeline_persistent] =====

--- RSS Fetch Errors at 2026-08-14 05:04:08 ---
Error fetching https://prog.hu/hirek/rss: Failed to perform, curl: (28) Resolving timed out after 10003 milliseconds. See https://curl.se/libcurl/c/libcurl-errors.html first for more details.
Error fetching https://www.playboy.com/read/classics/feed: Failed to perform, curl: (28) Connection timed out after 10003 milliseconds. See https://curl.se/libcurl/c/libcurl-errors.html first for more details.

===== PIPELINE RUN START 2026-08-14T05:06:38 [run_pipeline_persistent] =====

===== PIPELINE RUN START 2026-08-14T05:11:38 [run_pipeline_persistent] =====

--- RSS Fetch Errors at 2026-08-14 05:13:13 ---
Error fetching https://www.economx.hu/feed: Failed to perform, curl: (28) Connection timed out after 10000 milliseconds. See https://curl.se/libcurl/c/libcurl-errors.html first for more details.

===== PIPELINE RUN START 2026-08-14T05:16:38 [run_pipeline_persistent] =====

--- RSS Fetch Errors at 2026-08-14 05:19:09 ---
Error fetching https://femina.hu/24ora/rss.xml: Failed to perform, curl: (28) Connection timed out after 10003 milliseconds. See https://curl.se/libcurl/c/libcurl-errors.html first for more details.

===== PIPELINE RUN START 2026-08-14T05:21:39 [run_pipeline_persistent] =====

--- RSS Fetch Errors at 2026-08-14 05:24:05 ---
Error fetching https://www.economx.hu/feed: Failed to perform, curl: (28) Connection timed out after 10002 milliseconds. See https://curl.se/libcurl/c/libcurl-errors.html first for more details.
Error fetching https://www.hwsw.hu/xml/latest_news_rss.xml: Failed to perform, curl: (28) Connection timed out after 10002 milliseconds. See https://curl.se/libcurl/c/libcurl-errors.html first for more details.
Error fetching https://index.hu/tudomany/til/rss/: Failed to perform, curl: (28) Connection timed out after 10003 milliseconds. See https://curl.se/libcurl/c/libcurl-errors.html first for more details.
[05:24:15] Image_Downloader: Download failed (https://raketa.hu/images/2024/07/link-spacecraft-rendering.jpg): 404 Client Error: Not Found for url: https://raketa.hu/images/2024/07/link-spacecraft-rendering.jpg

===== PIPELINE RUN START 2026-08-14T05:26:39 [run_pipeline_persistent] =====

--- RSS Fetch Errors at 2026-08-14 05:28:11 ---
Error fetching https://roadster.hu/feed: Failed to perform, curl: (28) Connection timed out after 10003 milliseconds. See https://curl.se/libcurl/c/libcurl-errors.html first for more details.
Error fetching https://azutazo.hu/feed: Failed to perform, curl: (28) Connection timed out after 10001 milliseconds. See https://curl.se/libcurl/c/libcurl-errors.html first for more details.

===== PIPELINE RUN START 2026-08-14T05:31:39 [run_pipeline_persistent] =====

--- RSS Fetch Errors at 2026-08-14 05:34:10 ---
Error fetching https://www.economx.hu/feed: Failed to perform, curl: (28) Connection timed out after 10003 milliseconds. See https://curl.se/libcurl/c/libcurl-errors.html first for more details.
[05:34:14] Summarizer: [DownloadWorker-1] SKIP (duplicate title): Ezekért érdemes moziba menni augusztus 1...

===== PIPELINE RUN START 2026-08-14T05:36:39 [run_pipeline_persistent] =====

===== PIPELINE RUN START 2026-08-14T05:41:39 [run_pipeline_persistent] =====

--- RSS Fetch Errors at 2026-08-14 05:43:51 ---
Error fetching https://aihirfolyam.hu/feed: Failed to perform, curl: (28) Connection timed out after 10002 milliseconds. See https://curl.se/libcurl/c/libcurl-errors.html first for more details.
Error fetching https://starity.hu/magazin/rss/: Failed to perform, curl: (28) Connection timed out after 10003 milliseconds. See https://curl.se/libcurl/c/libcurl-errors.html first for more details.

===== PIPELINE RUN START 2026-08-14T05:46:39 [run_pipeline_persistent] =====

--- RSS Fetch Errors at 2026-08-14 05:49:06 ---
Error fetching https://femina.hu/24ora/rss.xml: Failed to perform, curl: (28) Connection timed out after 10002 milliseconds. See https://curl.se/libcurl/c/libcurl-errors.html first for more details.
Error fetching https://www.hwsw.hu/xml/latest_news_rss.xml: Failed to perform, curl: (28) Connection timed out after 10002 milliseconds. See https://curl.se/libcurl/c/libcurl-errors.html first for more details.
Error fetching https://roadster.hu/feed: Failed to perform, curl: (28) Connection timed out after 10004 milliseconds. See https://curl.se/libcurl/c/libcurl-errors.html first for more details.

===== PIPELINE RUN START 2026-08-14T05:51:39 [run_pipeline_persistent] =====

===== PIPELINE RUN START 2026-08-14T05:56:40 [run_pipeline_persistent] =====

--- RSS Fetch Errors at 2026-08-14 05:58:56 ---
Error fetching https://www.economx.hu/feed: Failed to perform, curl: (28) Connection timed out after 10002 milliseconds. See https://curl.se/libcurl/c/libcurl-errors.html first for more details.
Error fetching https://sorozatjunkie.hu/feed: Failed to perform, curl: (28) Connection timed out after 10002 milliseconds. See https://curl.se/libcurl/c/libcurl-errors.html first for more details.

===== PIPELINE RUN START 2026-08-14T06:01:40 [run_pipeline_persistent] =====

===== PIPELINE RUN START 2026-08-14T06:06:40 [run_pipeline_persistent] =====

===== PIPELINE RUN START 2026-08-14T06:11:40 [run_pipeline_persistent] =====

--- RSS Fetch Errors at 2026-08-14 06:14:10 ---
Error fetching https://www.economx.hu/feed: Failed to perform, curl: (28) Connection timed out after 10003 milliseconds. See https://curl.se/libcurl/c/libcurl-errors.html first for more details.

===== PIPELINE RUN START 2026-08-14T06:16:40 [run_pipeline_persistent] =====

--- RSS Fetch Errors at 2026-08-14 06:19:08 ---
Error fetching https://sorozatjunkie.hu/feed: Failed to perform, curl: (28) Connection timed out after 10003 milliseconds. See https://curl.se/libcurl/c/libcurl-errors.html first for more details.
Error fetching https://index.hu/tudomany/til/rss/: Failed to perform, curl: (28) Connection timed out after 10001 milliseconds. See https://curl.se/libcurl/c/libcurl-errors.html first for more details.

===== PIPELINE RUN START 2026-08-14T06:21:40 [run_pipeline_persistent] =====

--- RSS Fetch Errors at 2026-08-14 06:24:06 ---
Error fetching https://www.playboy.com/read/celebrities/feed: Failed to perform, curl: (28) Connection timed out after 10003 milliseconds. See https://curl.se/libcurl/c/libcurl-errors.html first for more details.
Error fetching https://azutazo.hu/feed: Failed to perform, curl: (28) Connection timed out after 10002 milliseconds. See https://curl.se/libcurl/c/libcurl-errors.html first for more details.
Error fetching https://sokszinuvidek.24.hu/?oembed=true&format=xml&url=https%3A%2F%2Fsokszinuvidek.24.hu%2F: Failed to perform, curl: (28) Connection timed out after 10002 milliseconds. See https://curl.se/libcurl/c/libcurl-errors.html first for more details.

===== PIPELINE RUN START 2026-08-14T06:26:40 [run_pipeline_persistent] =====

--- RSS Fetch Errors at 2026-08-14 06:28:11 ---
Error fetching https://sorozatjunkie.hu/feed: Failed to perform, curl: (28) Connection timed out after 10000 milliseconds. See https://curl.se/libcurl/c/libcurl-errors.html first for more details.

===== PIPELINE RUN START 2026-08-14T06:31:41 [run_pipeline_persistent] =====

--- RSS Fetch Errors at 2026-08-14 06:34:10 ---
Error fetching https://www.economx.hu/feed: Failed to perform, curl: (28) Connection timed out after 10003 milliseconds. See https://curl.se/libcurl/c/libcurl-errors.html first for more details.
Error fetching https://index.hu/tudomany/til/rss/: Failed to perform, curl: (28) Connection timed out after 10003 milliseconds. See https://curl.se/libcurl/c/libcurl-errors.html first for more details.

===== PIPELINE RUN START 2026-08-14T06:36:41 [run_pipeline_persistent] =====
[06:38:41] Summarizer: [Batch] No response from API (attempt 1/3)

===== PIPELINE RUN START 2026-08-14T06:41:41 [run_pipeline_persistent] =====

--- RSS Fetch Errors at 2026-08-14 06:43:06 ---
Error fetching https://www.hwsw.hu/xml/latest_news_rss.xml: Failed to perform, curl: (28) Connection timed out after 10003 milliseconds. See https://curl.se/libcurl/c/libcurl-errors.html first for more details.

===== PIPELINE RUN START 2026-08-14T06:46:41 [run_pipeline_persistent] =====

===== PIPELINE RUN START 2026-08-14T06:51:41 [run_pipeline_persistent] =====

--- RSS Fetch Errors at 2026-08-14 06:53:12 ---
Error fetching https://femina.hu/24ora/rss.xml: Failed to perform, curl: (28) Connection timed out after 10003 milliseconds. See https://curl.se/libcurl/c/libcurl-errors.html first for more details.

===== PIPELINE RUN START 2026-08-14T06:56:41 [run_pipeline_persistent] =====

--- RSS Fetch Errors at 2026-08-14 06:59:13 ---
Error fetching https://www.hwsw.hu/xml/latest_news_rss.xml: Failed to perform, curl: (28) Connection timed out after 10003 milliseconds. See https://curl.se/libcurl/c/libcurl-errors.html first for more details.

===== PIPELINE RUN START 2026-08-14T07:01:42 [run_pipeline_persistent] =====

===== PIPELINE RUN START 2026-08-14T07:06:42 [run_pipeline_persistent] =====

===== PIPELINE RUN START 2026-08-14T07:11:42 [run_pipeline_persistent] =====

--- RSS Fetch Errors at 2026-08-14 07:14:09 ---
Error fetching https://sokszinuvidek.24.hu/?oembed=true&format=xml&url=https%3A%2F%2Fsokszinuvidek.24.hu%2F: Failed to perform, curl: (28) Connection timed out after 10003 milliseconds. See https://curl.se/libcurl/c/libcurl-errors.html first for more details.

===== PIPELINE RUN START 2026-08-14T07:16:42 [run_pipeline_persistent] =====

===== PIPELINE RUN START 2026-08-14T07:21:42 [run_pipeline_persistent] =====

===== PIPELINE RUN START 2026-08-14T07:26:42 [run_pipeline_persistent] =====

--- RSS Fetch Errors at 2026-08-14 07:28:22 ---
Error fetching https://www.hwsw.hu/xml/latest_news_rss.xml: Failed to perform, curl: (28) Connection timed out after 10003 milliseconds. See https://curl.se/libcurl/c/libcurl-errors.html first for more details.

===== PIPELINE RUN START 2026-08-14T07:31:42 [run_pipeline_persistent] =====

===== PIPELINE RUN START 2026-08-14T07:36:43 [run_pipeline_persistent] =====

--- RSS Fetch Errors at 2026-08-14 07:39:05 ---
Error fetching https://aihirfolyam.hu/feed: Failed to perform, curl: (28) Connection timed out after 10003 milliseconds. See https://curl.se/libcurl/c/libcurl-errors.html first for more details.
Error fetching https://www.economx.hu/feed: Failed to perform, curl: (28) Connection timed out after 10003 milliseconds. See https://curl.se/libcurl/c/libcurl-errors.html first for more details.
Error fetching https://www.hwsw.hu/xml/latest_news_rss.xml: Failed to perform, curl: (28) Connection timed out after 10004 milliseconds. See https://curl.se/libcurl/c/libcurl-errors.html first for more details.
Error fetching https://www.maxim.com/feed: Failed to perform, curl: (28) Connection timed out after 10001 milliseconds. See https://curl.se/libcurl/c/libcurl-errors.html first for more details.
Error fetching https://sorozatjunkie.hu/feed: Failed to perform, curl: (28) Connection timed out after 10003 milliseconds. See https://curl.se/libcurl/c/libcurl-errors.html first for more details.

===== PIPELINE RUN START 2026-08-14T07:41:43 [run_pipeline_persistent] =====

--- RSS Fetch Errors at 2026-08-14 07:43:10 ---
Error fetching https://roadster.hu/feed: Failed to perform, curl: (28) Connection timed out after 10002 milliseconds. See https://curl.se/libcurl/c/libcurl-errors.html first for more details.
Error fetching https://femina.hu/24ora/rss.xml: Failed to perform, curl: (28) Connection timed out after 10003 milliseconds. See https://curl.se/libcurl/c/libcurl-errors.html first for more details.

===== PIPELINE RUN START 2026-08-14T07:46:43 [run_pipeline_persistent] =====

===== PIPELINE RUN START 2026-08-14T07:51:43 [run_pipeline_persistent] =====

===== PIPELINE RUN START 2026-08-14T07:56:43 [run_pipeline_persistent] =====

--- RSS Fetch Errors at 2026-08-14 07:58:18 ---
Error fetching https://www.playboy.com/read/sex-relationships/feed: Failed to perform, curl: (28) Connection timed out after 10002 milliseconds. See https://curl.se/libcurl/c/libcurl-errors.html first for more details.
Error fetching https://index.hu/tudomany/til/rss/: Failed to perform, curl: (28) Connection timed out after 10003 milliseconds. See https://curl.se/libcurl/c/libcurl-errors.html first for more details.

===== PIPELINE RUN START 2026-08-14T08:01:44 [run_pipeline_persistent] =====
[08:02:30] Summarizer: [DownloadWorker-4] SKIP (duplicate title): Lemondott a Partizán főszerkesztője, Gul...

===== PIPELINE RUN START 2026-08-14T08:06:44 [run_pipeline_persistent] =====

--- RSS Fetch Errors at 2026-08-14 08:08:13 ---
Error fetching https://player.hu/feed: Failed to perform, curl: (28) Connection timed out after 10002 milliseconds. See https://curl.se/libcurl/c/libcurl-errors.html first for more details.

===== PIPELINE RUN START 2026-08-14T08:11:44 [run_pipeline_persistent] =====

--- RSS Fetch Errors at 2026-08-14 08:14:11 ---
Error fetching https://index.hu/tudomany/til/rss/: Failed to perform, curl: (28) Connection timed out after 10002 milliseconds. See https://curl.se/libcurl/c/libcurl-errors.html first for more details.
Error fetching https://www.playboy.com/read/celebrities/feed: Failed to perform, curl: (28) Connection timed out after 10002 milliseconds. See https://curl.se/libcurl/c/libcurl-errors.html first for more details.
Error fetching https://sokszinuvidek.24.hu/?oembed=true&format=xml&url=https%3A%2F%2Fsokszinuvidek.24.hu%2F: Failed to perform, curl: (28) Connection timed out after 10003 milliseconds. See https://curl.se/libcurl/c/libcurl-errors.html first for more details.

===== PIPELINE RUN START 2026-08-14T08:16:44 [run_pipeline_persistent] =====

--- RSS Fetch Errors at 2026-08-14 08:18:13 ---
Error fetching https://www.maxim.com/feed: Failed to perform, curl: (28) Operation timed out after 25004 milliseconds with 0 bytes received. See https://curl.se/libcurl/c/libcurl-errors.html first for more details.
[08:18:17] Summarizer: [DownloadWorker-3] SKIP (duplicate title): Napi üzenet péntek – 2026. 08. 14....

===== PIPELINE RUN START 2026-08-14T08:21:44 [run_pipeline_persistent] =====

===== PIPELINE RUN START 2026-08-14T08:26:44 [run_pipeline_persistent] =====

--- RSS Fetch Errors at 2026-08-14 08:28:15 ---
Error fetching https://fhm.com/feed: Failed to perform, curl: (28) Connection timed out after 10002 milliseconds. See https://curl.se/libcurl/c/libcurl-errors.html first for more details.
Error fetching https://femina.hu/24ora/rss.xml: Failed to perform, curl: (28) Connection timed out after 10002 milliseconds. See https://curl.se/libcurl/c/libcurl-errors.html first for more details.

===== PIPELINE RUN START 2026-08-14T08:31:45 [run_pipeline_persistent] =====

--- RSS Fetch Errors at 2026-08-14 08:33:21 ---
Error fetching https://prog.hu/hirek/rss: Failed to perform, curl: (28) Resolving timed out after 10003 milliseconds. See https://curl.se/libcurl/c/libcurl-errors.html first for more details.

===== PIPELINE RUN START 2026-08-14T08:36:45 [run_pipeline_persistent] =====

--- RSS Fetch Errors at 2026-08-14 08:38:10 ---
Error fetching https://aihirfolyam.hu/feed: Failed to perform, curl: (28) Connection timed out after 10003 milliseconds. See https://curl.se/libcurl/c/libcurl-errors.html first for more details.
Error fetching https://femina.hu/24ora/rss.xml: Failed to perform, curl: (28) Connection timed out after 10003 milliseconds. See https://curl.se/libcurl/c/libcurl-errors.html first for more details.
Error fetching https://sorozatjunkie.hu/feed: Failed to perform, curl: (28) Connection timed out after 10003 milliseconds. See https://curl.se/libcurl/c/libcurl-errors.html first for more details.
Error fetching https://index.hu/tudomany/til/rss/: Failed to perform, curl: (28) Connection timed out after 10002 milliseconds. See https://curl.se/libcurl/c/libcurl-errors.html first for more details.

===== PIPELINE RUN START 2026-08-14T08:41:45 [run_pipeline_persistent] =====

--- RSS Fetch Errors at 2026-08-14 08:43:11 ---
Error fetching https://www.hwsw.hu/xml/latest_news_rss.xml: Failed to perform, curl: (28) Connection timed out after 10003 milliseconds. See https://curl.se/libcurl/c/libcurl-errors.html first for more details.

===== PIPELINE RUN START 2026-08-14T08:46:45 [run_pipeline_persistent] =====

--- RSS Fetch Errors at 2026-08-14 08:47:42 ---
Error fetching https://www.vice.com/feed/: HTTP Error 404: 

===== PIPELINE RUN START 2026-08-14T08:51:45 [run_pipeline_persistent] =====

--- RSS Fetch Errors at 2026-08-14 08:53:17 ---
Error fetching https://www.economx.hu/feed: Failed to perform, curl: (28) Operation timed out after 25003 milliseconds with 0 bytes received. See https://curl.se/libcurl/c/libcurl-errors.html first for more details.

===== PIPELINE RUN START 2026-08-14T08:56:45 [run_pipeline_persistent] =====

--- RSS Fetch Errors at 2026-08-14 08:58:21 ---
Error fetching https://bankless.com/feed: Failed to perform, curl: (28) Operation timed out after 25001 milliseconds with 0 bytes received. See https://curl.se/libcurl/c/libcurl-errors.html first for more details.

===== PIPELINE RUN START 2026-08-14T09:01:46 [run_pipeline_persistent] =====

--- RSS Fetch Errors at 2026-08-14 09:03:43 ---
Error fetching https://femina.hu/24ora/rss.xml: Failed to perform, curl: (28) Connection timed out after 10002 milliseconds. See https://curl.se/libcurl/c/libcurl-errors.html first for more details.
Error fetching https://www.maxim.com/feed: Failed to perform, curl: (28) Connection timed out after 10002 milliseconds. See https://curl.se/libcurl/c/libcurl-errors.html first for more details.
Error fetching https://roadster.hu/feed: Failed to perform, curl: (28) Connection timed out after 10004 milliseconds. See https://curl.se/libcurl/c/libcurl-errors.html first for more details.
Error fetching https://index.hu/tudomany/til/rss/: Failed to perform, curl: (28) Connection timed out after 10003 milliseconds. See https://curl.se/libcurl/c/libcurl-errors.html first for more details.

===== PIPELINE RUN START 2026-08-14T09:06:46 [run_pipeline_persistent] =====

===== PIPELINE RUN START 2026-08-14T09:11:46 [run_pipeline_persistent] =====

===== PIPELINE RUN START 2026-08-14T09:16:46 [run_pipeline_persistent] =====

--- RSS Fetch Errors at 2026-08-14 09:18:18 ---
Error fetching https://www.economx.hu/feed: Failed to perform, curl: (28) Connection timed out after 10003 milliseconds. See https://curl.se/libcurl/c/libcurl-errors.html first for more details.
Error fetching https://sorozatjunkie.hu/feed: Failed to perform, curl: (28) Connection timed out after 10002 milliseconds. See https://curl.se/libcurl/c/libcurl-errors.html first for more details.

===== PIPELINE RUN START 2026-08-14T09:21:46 [run_pipeline_persistent] =====

--- RSS Fetch Errors at 2026-08-14 09:23:12 ---
Error fetching https://femina.hu/24ora/rss.xml: Failed to perform, curl: (28) Connection timed out after 10002 milliseconds. See https://curl.se/libcurl/c/libcurl-errors.html first for more details.
Error fetching https://roadster.hu/feed: Failed to perform, curl: (28) Connection timed out after 10003 milliseconds. See https://curl.se/libcurl/c/libcurl-errors.html first for more details.
Error fetching https://www.maxim.com/feed: Failed to perform, curl: (28) Connection timed out after 10003 milliseconds. See https://curl.se/libcurl/c/libcurl-errors.html first for more details.
Error fetching https://www.playboy.com/read/celebrities/feed: Failed to perform, curl: (28) Connection timed out after 10003 milliseconds. See https://curl.se/libcurl/c/libcurl-errors.html first for more details.
Error fetching https://azutazo.hu/feed: Failed to perform, curl: (28) Connection timed out after 10002 milliseconds. See https://curl.se/libcurl/c/libcurl-errors.html first for more details.

===== PIPELINE RUN START 2026-08-14T09:26:47 [run_pipeline_persistent] =====

===== PIPELINE RUN START 2026-08-14T09:31:47 [run_pipeline_persistent] =====

===== PIPELINE RUN START 2026-08-14T09:36:47 [run_pipeline_persistent] =====
[09:37:51] Image_Downloader: Download failed (https://hold.hu/holdblog/wp-content/uploads/2026/08/padel.png): 403 Client Error: Forbidden for url: https://hold.hu/holdblog/wp-content/uploads/2026/08/padel.png
[09:38:55] Image_Downloader: Download failed (https://hold.hu/holdblog/wp-content/uploads/2026/08/padel.png): 403 Client Error: Forbidden for url: https://hold.hu/holdblog/wp-content/uploads/2026/08/padel.png

===== PIPELINE RUN START 2026-08-14T09:41:47 [run_pipeline_persistent] =====

--- RSS Fetch Errors at 2026-08-14 09:43:20 ---
Error fetching https://sokszinuvidek.24.hu/feed/: Failed to perform, curl: (28) Connection timed out after 10002 milliseconds. See https://curl.se/libcurl/c/libcurl-errors.html first for more details.

===== PIPELINE RUN START 2026-08-14T09:46:47 [run_pipeline_persistent] =====

===== PIPELINE RUN START 2026-08-14T09:51:48 [run_pipeline_persistent] =====

--- RSS Fetch Errors at 2026-08-14 09:53:14 ---
Error fetching https://www.maxim.com/feed: Failed to perform, curl: (28) Connection timed out after 10002 milliseconds. See https://curl.se/libcurl/c/libcurl-errors.html first for more details.
Error fetching https://roadster.hu/feed: Failed to perform, curl: (28) Connection timed out after 10002 milliseconds. See https://curl.se/libcurl/c/libcurl-errors.html first for more details.
Error fetching https://azutazo.hu/feed: Failed to perform, curl: (28) Connection timed out after 10003 milliseconds. See https://curl.se/libcurl/c/libcurl-errors.html first for more details.

===== PIPELINE RUN START 2026-08-14T09:56:48 [run_pipeline_persistent] =====

--- RSS Fetch Errors at 2026-08-14 09:58:19 ---
Error fetching https://sokszinuvidek.24.hu/?oembed=true&format=xml&url=https%3A%2F%2Fsokszinuvidek.24.hu%2F: Failed to perform, curl: (28) Connection timed out after 10003 milliseconds. See https://curl.se/libcurl/c/libcurl-errors.html first for more details.

===== PIPELINE RUN START 2026-08-14T10:01:48 [run_pipeline_persistent] =====

===== PIPELINE RUN START 2026-08-14T10:06:48 [run_pipeline_persistent] =====

--- RSS Fetch Errors at 2026-08-14 10:08:18 ---
Error fetching https://mafab.hu/rss: Failed to perform, curl: (28) Connection timed out after 10004 milliseconds. See https://curl.se/libcurl/c/libcurl-errors.html first for more details.

===== PIPELINE RUN START 2026-08-14T10:11:48 [run_pipeline_persistent] =====

===== PIPELINE RUN START 2026-08-14T10:16:49 [run_pipeline_persistent] =====

--- RSS Fetch Errors at 2026-08-14 10:19:20 ---
Error fetching https://www.playboy.com/read/sex-relationships/feed: Failed to perform, curl: (28) Connection timed out after 10003 milliseconds. See https://curl.se/libcurl/c/libcurl-errors.html first for more details.
Error fetching https://index.hu/tudomany/til/rss/: Failed to perform, curl: (28) Connection timed out after 10003 milliseconds. See https://curl.se/libcurl/c/libcurl-errors.html first for more details.

===== PIPELINE RUN START 2026-08-14T10:21:49 [run_pipeline_persistent] =====

===== PIPELINE RUN START 2026-08-14T10:26:49 [run_pipeline_persistent] =====

===== PIPELINE RUN START 2026-08-14T10:31:49 [run_pipeline_persistent] =====

===== PIPELINE RUN START 2026-08-14T10:36:49 [run_pipeline_persistent] =====

--- RSS Fetch Errors at 2026-08-14 10:38:21 ---
Error fetching https://azutazo.hu/feed: Failed to perform, curl: (28) Connection timed out after 10003 milliseconds. See https://curl.se/libcurl/c/libcurl-errors.html first for more details.
Error fetching https://sokszinuvidek.24.hu/feed/: Failed to perform, curl: (28) Connection timed out after 10000 milliseconds. See https://curl.se/libcurl/c/libcurl-errors.html first for more details.

===== PIPELINE RUN START 2026-08-14T10:41:49 [run_pipeline_persistent] =====

--- RSS Fetch Errors at 2026-08-14 10:43:23 ---
Error fetching https://aihirfolyam.hu/feed: Failed to perform, curl: (28) Connection timed out after 10003 milliseconds. See https://curl.se/libcurl/c/libcurl-errors.html first for more details.
Error fetching https://roadster.hu/feed: Failed to perform, curl: (28) Connection timed out after 10003 milliseconds. See https://curl.se/libcurl/c/libcurl-errors.html first for more details.

===== PIPELINE RUN START 2026-08-14T10:46:50 [run_pipeline_persistent] =====

===== PIPELINE RUN START 2026-08-14T10:51:50 [run_pipeline_persistent] =====

--- RSS Fetch Errors at 2026-08-14 10:54:05 ---
Error fetching https://index.hu/tudomany/til/rss/: Failed to perform, curl: (28) Connection timed out after 10003 milliseconds. See https://curl.se/libcurl/c/libcurl-errors.html first for more details.

===== PIPELINE RUN START 2026-08-14T10:56:50 [run_pipeline_persistent] =====

--- RSS Fetch Errors at 2026-08-14 10:58:19 ---
Error fetching https://player.hu/feed: Failed to perform, curl: (28) Connection timed out after 10001 milliseconds. See https://curl.se/libcurl/c/libcurl-errors.html first for more details.

===== PIPELINE RUN START 2026-08-14T11:01:50 [run_pipeline_persistent] =====

--- RSS Fetch Errors at 2026-08-14 11:04:18 ---
Error fetching https://index.hu/tudomany/til/rss/: Failed to perform, curl: (28) Connection timed out after 10003 milliseconds. See https://curl.se/libcurl/c/libcurl-errors.html first for more details.
Error fetching https://roadster.hu/feed: Failed to perform, curl: (28) Connection timed out after 10003 milliseconds. See https://curl.se/libcurl/c/libcurl-errors.html first for more details.

===== PIPELINE RUN START 2026-08-14T11:06:50 [run_pipeline_persistent] =====

--- RSS Fetch Errors at 2026-08-14 11:09:19 ---
Error fetching https://player.hu/feed: Failed to perform, curl: (28) Connection timed out after 10000 milliseconds. See https://curl.se/libcurl/c/libcurl-errors.html first for more details.
Error fetching https://www.playboy.com/read/sex-relationships/feed: Failed to perform, curl: (28) Connection timed out after 10002 milliseconds. See https://curl.se/libcurl/c/libcurl-errors.html first for more details.

===== PIPELINE RUN START 2026-08-14T11:11:50 [run_pipeline_persistent] =====

===== PIPELINE RUN START 2026-08-14T11:16:50 [run_pipeline_persistent] =====

--- RSS Fetch Errors at 2026-08-14 11:18:31 ---
Error fetching https://www.playboy.com/read/celebrities/feed: Failed to perform, curl: (28) Connection timed out after 10001 milliseconds. See https://curl.se/libcurl/c/libcurl-errors.html first for more details.
Error fetching https://www.playboy.com/read/sex-relationships/feed: Failed to perform, curl: (28) Connection timed out after 10002 milliseconds. See https://curl.se/libcurl/c/libcurl-errors.html first for more details.
Error fetching https://azutazo.hu/feed: Failed to perform, curl: (28) Resolving timed out after 10003 milliseconds. See https://curl.se/libcurl/c/libcurl-errors.html first for more details.
[11:19:41] Summarizer: [Batch] No response from API (attempt 1/3)

===== PIPELINE RUN START 2026-08-14T11:21:50 [run_pipeline_persistent] =====

--- RSS Fetch Errors at 2026-08-14 11:24:05 ---
Error fetching https://femina.hu/24ora/rss.xml: Failed to perform, curl: (28) Connection timed out after 10003 milliseconds. See https://curl.se/libcurl/c/libcurl-errors.html first for more details.
Error fetching https://roadster.hu/feed: Failed to perform, curl: (28) Connection timed out after 10003 milliseconds. See https://curl.se/libcurl/c/libcurl-errors.html first for more details.

===== PIPELINE RUN START 2026-08-14T11:26:50 [run_pipeline_persistent] =====

--- RSS Fetch Errors at 2026-08-14 11:28:55 ---
Error fetching https://mafab.hu/rss: Failed to perform, curl: (28) Connection timed out after 10002 milliseconds. See https://curl.se/libcurl/c/libcurl-errors.html first for more details.

===== PIPELINE RUN START 2026-08-14T11:31:50 [run_pipeline_persistent] =====
[11:34:17] Summarizer: [DownloadWorker-7] SKIP (duplicate title): Délelőtti videó 3.: Dang!...

===== PIPELINE RUN START 2026-08-14T11:36:50 [run_pipeline_persistent] =====

===== PIPELINE RUN START 2026-08-14T11:41:51 [run_pipeline_persistent] =====

--- RSS Fetch Errors at 2026-08-14 11:44:21 ---
Error fetching https://aihirfolyam.hu/feed: Failed to perform, curl: (28) Operation timed out after 25001 milliseconds with 0 bytes received. See https://curl.se/libcurl/c/libcurl-errors.html first for more details.

===== PIPELINE RUN START 2026-08-14T11:46:51 [run_pipeline_persistent] =====

===== PIPELINE RUN START 2026-08-14T11:51:51 [run_pipeline_persistent] =====

===== PIPELINE RUN START 2026-08-14T12:06:16 [run_pipeline_persistent] =====
[12:07:32] Image_Downloader: Download failed (https://femina.hu/assets/_empty.php): 404 Client Error: Not Found for url: https://femina.hu/assets/_empty.php
[12:07:32] Image_Downloader: Download failed (https://welovebudapest.com/assets/_empty.php): 404 Client Error: Not Found for url: https://welovebudapest.com/assets/_empty.php
[12:10:06] Summarizer: [Batch] No response from API (attempt 1/3)
[12:10:45] Image_Downloader: Download failed (https://welovebudapest.com/assets/_empty.php): 404 Client Error: Not Found for url: https://welovebudapest.com/assets/_empty.php
[12:10:52] Image_Downloader: Download failed (https://welovebudapest.com/assets/_empty.php): 404 Client Error: Not Found for url: https://welovebudapest.com/assets/_empty.php

===== PIPELINE RUN START 2026-08-14T12:12:12 [run_pipeline_persistent] =====
[12:14:23] Image_Downloader: Download failed (https://welovebudapest.com/assets/_empty.php): 404 Client Error: Not Found for url: https://welovebudapest.com/assets/_empty.php
[12:14:29] Image_Downloader: Download failed (https://welovebudapest.com/assets/_empty.php): 404 Client Error: Not Found for url: https://welovebudapest.com/assets/_empty.php

===== PIPELINE RUN START 2026-08-14T12:17:12 [run_pipeline_persistent] =====

--- RSS Fetch Errors at 2026-08-14 12:18:02 ---
Error fetching https://prog.hu/hirek/rss: HTTP Error 500: 
[12:19:23] Image_Downloader: Download failed (https://welovebudapest.com/assets/_empty.php): 404 Client Error: Not Found for url: https://welovebudapest.com/assets/_empty.php
[12:19:30] Image_Downloader: Download failed (https://welovebudapest.com/assets/_empty.php): 404 Client Error: Not Found for url: https://welovebudapest.com/assets/_empty.php

===== PIPELINE RUN START 2026-08-14T12:21:10 [run_pipeline_persistent] =====

===== PIPELINE RUN START 2026-08-14T12:21:51 [run_pipeline_persistent] =====

===== PIPELINE RUN START 2026-08-14T12:22:32 [run_pipeline_persistent] =====
[12:24:23] Image_Downloader: Download failed (https://welovebudapest.com/assets/_empty.php): 404 Client Error: Not Found for url: https://welovebudapest.com/assets/_empty.php
[12:24:31] Image_Downloader: Download failed (https://welovebudapest.com/assets/_empty.php): 404 Client Error: Not Found for url: https://welovebudapest.com/assets/_empty.php

===== PIPELINE RUN START 2026-08-14T12:27:33 [run_pipeline_persistent] =====

--- RSS Fetch Errors at 2026-08-14 12:29:52 ---
Error fetching https://www.economx.hu/feed: Failed to perform, curl: (28) Connection timed out after 10002 milliseconds. See https://curl.se/libcurl/c/libcurl-errors.html first for more details.
Error fetching https://www.playboy.com/read/sex-relationships/feed: Failed to perform, curl: (28) Connection timed out after 10002 milliseconds. See https://curl.se/libcurl/c/libcurl-errors.html first for more details.

===== PIPELINE RUN START 2026-08-14T12:32:34 [run_pipeline_persistent] =====

--- RSS Fetch Errors at 2026-08-14 12:34:12 ---
Error fetching https://www.hwsw.hu/xml/latest_news_rss.xml: Failed to perform, curl: (28) Operation timed out after 25002 milliseconds with 0 bytes received. See https://curl.se/libcurl/c/libcurl-errors.html first for more details.

===== PIPELINE RUN START 2026-08-14T12:37:53 [run_pipeline_persistent] =====

--- RSS Fetch Errors at 2026-08-14 12:39:51 ---
Error fetching https://aihirfolyam.hu/feed: Failed to perform, curl: (28) Connection timed out after 10001 milliseconds. See https://curl.se/libcurl/c/libcurl-errors.html first for more details.

===== PIPELINE RUN START 2026-08-14T12:42:54 [run_pipeline_persistent] =====

===== PIPELINE RUN START 2026-08-14T12:47:49 [run_pipeline_persistent] =====
[12:48:41] Summarizer: [DownloadWorker-8] SKIP (duplicate title): A Harry Potter-filmek színésze egy év al...

===== PIPELINE RUN START 2026-08-14T12:52:49 [run_pipeline_persistent] =====

--- RSS Fetch Errors at 2026-08-14 12:54:37 ---
Error fetching https://index.hu/tudomany/til/rss/: Failed to perform, curl: (28) Connection timed out after 10002 milliseconds. See https://curl.se/libcurl/c/libcurl-errors.html first for more details.

===== PIPELINE RUN START 2026-08-14T12:57:50 [run_pipeline_persistent] =====

===== PIPELINE RUN START 2026-08-14T13:02:51 [run_pipeline_persistent] =====

--- RSS Fetch Errors at 2026-08-14 13:04:22 ---
Error fetching https://www.maxim.com/feed: Failed to perform, curl: (28) Connection timed out after 10001 milliseconds. See https://curl.se/libcurl/c/libcurl-errors.html first for more details.

===== PIPELINE RUN START 2026-08-14T13:07:52 [run_pipeline_persistent] =====

--- RSS Fetch Errors at 2026-08-14 13:09:24 ---
Error fetching https://www.economx.hu/feed: Failed to perform, curl: (28) Connection timed out after 10002 milliseconds. See https://curl.se/libcurl/c/libcurl-errors.html first for more details.
Error fetching https://www.hwsw.hu/xml/latest_news_rss.xml: Failed to perform, curl: (28) Connection timed out after 10002 milliseconds. See https://curl.se/libcurl/c/libcurl-errors.html first for more details.
Error fetching https://player.hu/feed: Failed to perform, curl: (28) Connection timed out after 10002 milliseconds. See https://curl.se/libcurl/c/libcurl-errors.html first for more details.
Error fetching https://femina.hu/24ora/rss.xml: Failed to perform, curl: (28) Operation timed out after 25001 milliseconds with 0 bytes received. See https://curl.se/libcurl/c/libcurl-errors.html first for more details.

===== PIPELINE RUN START 2026-08-14T13:12:53 [run_pipeline_persistent] =====

--- RSS Fetch Errors at 2026-08-14 13:15:26 ---
Error fetching https://aihirfolyam.hu/feed: Failed to perform, curl: (28) Connection timed out after 10002 milliseconds. See https://curl.se/libcurl/c/libcurl-errors.html first for more details.

===== PIPELINE RUN START 2026-08-14T13:17:53 [run_pipeline_persistent] =====

--- RSS Fetch Errors at 2026-08-14 13:20:24 ---
Error fetching https://www.economx.hu/feed: Failed to perform, curl: (28) Connection timed out after 10002 milliseconds. See https://curl.se/libcurl/c/libcurl-errors.html first for more details.
Error fetching https://index.hu/tudomany/til/rss/: Failed to perform, curl: (28) Connection timed out after 10001 milliseconds. See https://curl.se/libcurl/c/libcurl-errors.html first for more details.

===== PIPELINE RUN START 2026-08-14T13:22:53 [run_pipeline_persistent] =====

--- RSS Fetch Errors at 2026-08-14 13:25:19 ---
Error fetching https://sorozatjunkie.hu/feed: Failed to perform, curl: (28) Connection timed out after 10000 milliseconds. See https://curl.se/libcurl/c/libcurl-errors.html first for more details.
Error fetching https://www.hwsw.hu/xml/latest_news_rss.xml: Failed to perform, curl: (28) Operation timed out after 25002 milliseconds with 0 bytes received. See https://curl.se/libcurl/c/libcurl-errors.html first for more details.

===== PIPELINE RUN START 2026-08-14T13:27:54 [run_pipeline_persistent] =====

--- RSS Fetch Errors at 2026-08-14 13:29:14 ---
Error fetching https://aihirfolyam.hu/feed: Failed to perform, curl: (28) Connection timed out after 10001 milliseconds. See https://curl.se/libcurl/c/libcurl-errors.html first for more details.
Error fetching https://www.maxim.com/feed: Failed to perform, curl: (28) Connection timed out after 10000 milliseconds. See https://curl.se/libcurl/c/libcurl-errors.html first for more details.
Error fetching https://femina.hu/24ora/rss.xml: Failed to perform, curl: (28) Connection timed out after 10002 milliseconds. See https://curl.se/libcurl/c/libcurl-errors.html first for more details.

===== PIPELINE RUN START 2026-08-14T13:32:55 [run_pipeline_persistent] =====

===== PIPELINE RUN START 2026-08-14T13:37:56 [run_pipeline_persistent] =====

--- RSS Fetch Errors at 2026-08-14 13:40:22 ---
Error fetching https://www.economx.hu/feed: Failed to perform, curl: (28) Connection timed out after 10002 milliseconds. See https://curl.se/libcurl/c/libcurl-errors.html first for more details.
Error fetching https://index.hu/tudomany/til/rss/: Failed to perform, curl: (28) Connection timed out after 10002 milliseconds. See https://curl.se/libcurl/c/libcurl-errors.html first for more details.
[13:40:37] Image_Downloader: Download failed (https://welovebudapest.com/assets/_empty.php): 404 Client Error: Not Found for url: https://welovebudapest.com/assets/_empty.php
[13:41:34] Image_Downloader: Download failed (https://welovebudapest.com/assets/_empty.php): 404 Client Error: Not Found for url: https://welovebudapest.com/assets/_empty.php
[13:41:40] Image_Downloader: Download failed (https://welovebudapest.com/assets/_empty.php): 404 Client Error: Not Found for url: https://welovebudapest.com/assets/_empty.php

===== PIPELINE RUN START 2026-08-14T13:42:56 [run_pipeline_persistent] =====
[13:45:20] Image_Downloader: Download failed (https://welovebudapest.com/assets/_empty.php): 404 Client Error: Not Found for url: https://welovebudapest.com/assets/_empty.php
[13:45:26] Image_Downloader: Download failed (https://welovebudapest.com/assets/_empty.php): 404 Client Error: Not Found for url: https://welovebudapest.com/assets/_empty.php

===== PIPELINE RUN START 2026-08-14T13:47:57 [run_pipeline_persistent] =====

--- RSS Fetch Errors at 2026-08-14 13:49:49 ---
Error fetching https://www.playboy.com/read/sex-relationships/feed: Failed to perform, curl: (28) Connection timed out after 10002 milliseconds. See https://curl.se/libcurl/c/libcurl-errors.html first for more details.
Error fetching https://player.hu/feed: Failed to perform, curl: (28) Connection timed out after 10001 milliseconds. See https://curl.se/libcurl/c/libcurl-errors.html first for more details.
[13:51:05] Image_Downloader: Download failed (https://welovebudapest.com/assets/_empty.php): 404 Client Error: Not Found for url: https://welovebudapest.com/assets/_empty.php
[13:51:11] Image_Downloader: Download failed (https://welovebudapest.com/assets/_empty.php): 404 Client Error: Not Found for url: https://welovebudapest.com/assets/_empty.php

===== PIPELINE RUN START 2026-08-14T13:52:58 [run_pipeline_persistent] =====

--- RSS Fetch Errors at 2026-08-14 13:54:26 ---
Error fetching https://sorozatjunkie.hu/feed: Failed to perform, curl: (28) Connection timed out after 10002 milliseconds. See https://curl.se/libcurl/c/libcurl-errors.html first for more details.
Error fetching https://www.hwsw.hu/xml/latest_news_rss.xml: Failed to perform, curl: (28) Connection timed out after 10002 milliseconds. See https://curl.se/libcurl/c/libcurl-errors.html first for more details.
Error fetching https://roadster.hu/feed: Failed to perform, curl: (28) Connection timed out after 10001 milliseconds. See https://curl.se/libcurl/c/libcurl-errors.html first for more details.
[13:55:39] Image_Downloader: Download failed (https://welovebudapest.com/assets/_empty.php): 404 Client Error: Not Found for url: https://welovebudapest.com/assets/_empty.php
[13:55:46] Image_Downloader: Download failed (https://welovebudapest.com/assets/_empty.php): 404 Client Error: Not Found for url: https://welovebudapest.com/assets/_empty.php

===== PIPELINE RUN START 2026-08-14T13:57:59 [run_pipeline_persistent] =====

--- RSS Fetch Errors at 2026-08-14 13:59:29 ---
Error fetching https://femina.hu/24ora/rss.xml: Failed to perform, curl: (28) Connection timed out after 10002 milliseconds. See https://curl.se/libcurl/c/libcurl-errors.html first for more details.
Error fetching https://index.hu/tudomany/til/rss/: Failed to perform, curl: (28) Connection timed out after 10002 milliseconds. See https://curl.se/libcurl/c/libcurl-errors.html first for more details.
Error fetching https://azutazo.hu/feed: Failed to perform, curl: (28) Connection timed out after 10001 milliseconds. See https://curl.se/libcurl/c/libcurl-errors.html first for more details.
[14:00:43] Image_Downloader: Download failed (https://welovebudapest.com/assets/_empty.php): 404 Client Error: Not Found for url: https://welovebudapest.com/assets/_empty.php
[14:00:49] Image_Downloader: Download failed (https://welovebudapest.com/assets/_empty.php): 404 Client Error: Not Found for url: https://welovebudapest.com/assets/_empty.php

===== PIPELINE RUN START 2026-08-14T14:03:00 [run_pipeline_persistent] =====
[14:05:43] Image_Downloader: Download failed (https://welovebudapest.com/assets/_empty.php): 404 Client Error: Not Found for url: https://welovebudapest.com/assets/_empty.php
[14:05:50] Image_Downloader: Download failed (https://welovebudapest.com/assets/_empty.php): 404 Client Error: Not Found for url: https://welovebudapest.com/assets/_empty.php

===== PIPELINE RUN START 2026-08-14T14:08:01 [run_pipeline_persistent] =====

--- RSS Fetch Errors at 2026-08-14 14:09:31 ---
Error fetching https://www.economx.hu/feed: Failed to perform, curl: (28) Resolving timed out after 10002 milliseconds. See https://curl.se/libcurl/c/libcurl-errors.html first for more details.
Error fetching https://www.hwsw.hu/xml/latest_news_rss.xml: Failed to perform, curl: (28) Connection timed out after 10003 milliseconds. See https://curl.se/libcurl/c/libcurl-errors.html first for more details.
[14:10:45] Image_Downloader: Download failed (https://welovebudapest.com/assets/_empty.php): 404 Client Error: Not Found for url: https://welovebudapest.com/assets/_empty.php
[14:10:52] Image_Downloader: Download failed (https://welovebudapest.com/assets/_empty.php): 404 Client Error: Not Found for url: https://welovebudapest.com/assets/_empty.php

===== PIPELINE RUN START 2026-08-14T14:13:03 [run_pipeline_persistent] =====

--- RSS Fetch Errors at 2026-08-14 14:15:08 ---
Error fetching https://starity.hu/magazin/rss/: Failed to perform, curl: (28) Connection timed out after 10002 milliseconds. See https://curl.se/libcurl/c/libcurl-errors.html first for more details.
[14:16:25] Image_Downloader: Download failed (https://welovebudapest.com/assets/_empty.php): 404 Client Error: Not Found for url: https://welovebudapest.com/assets/_empty.php
[14:16:31] Image_Downloader: Download failed (https://welovebudapest.com/assets/_empty.php): 404 Client Error: Not Found for url: https://welovebudapest.com/assets/_empty.php

===== PIPELINE RUN START 2026-08-14T14:18:04 [run_pipeline_persistent] =====
[14:21:43] Image_Downloader: Download failed (https://welovebudapest.com/assets/_empty.php): 404 Client Error: Not Found for url: https://welovebudapest.com/assets/_empty.php
[14:21:49] Image_Downloader: Download failed (https://welovebudapest.com/assets/_empty.php): 404 Client Error: Not Found for url: https://welovebudapest.com/assets/_empty.php

===== PIPELINE RUN START 2026-08-14T14:23:04 [run_pipeline_persistent] =====

--- RSS Fetch Errors at 2026-08-14 14:25:29 ---
Error fetching https://www.playboy.com/read/celebrities/feed: Failed to perform, curl: (28) Connection timed out after 10001 milliseconds. See https://curl.se/libcurl/c/libcurl-errors.html first for more details.
Error fetching https://player.hu/feed: Failed to perform, curl: (28) Operation timed out after 25002 milliseconds with 4098 bytes received. See https://curl.se/libcurl/c/libcurl-errors.html first for more details.
[14:25:34] Summarizer: [DownloadWorker-3] SKIP (duplicate title): A világ végéről is jönnek a Szigetre – 1...
[14:26:44] Image_Downloader: Download failed (https://welovebudapest.com/assets/_empty.php): 404 Client Error: Not Found for url: https://welovebudapest.com/assets/_empty.php
[14:26:50] Image_Downloader: Download failed (https://welovebudapest.com/assets/_empty.php): 404 Client Error: Not Found for url: https://welovebudapest.com/assets/_empty.php

===== PIPELINE RUN START 2026-08-14T14:28:05 [run_pipeline_persistent] =====

--- RSS Fetch Errors at 2026-08-14 14:29:32 ---
Error fetching https://www.hwsw.hu/xml/latest_news_rss.xml: Failed to perform, curl: (28) Connection timed out after 10002 milliseconds. See https://curl.se/libcurl/c/libcurl-errors.html first for more details.
Error fetching https://index.hu/tudomany/til/rss/: Failed to perform, curl: (28) Connection timed out after 10002 milliseconds. See https://curl.se/libcurl/c/libcurl-errors.html first for more details.
Error fetching https://www.playboy.com/read/sex-relationships/feed: Failed to perform, curl: (28) Connection timed out after 10001 milliseconds. See https://curl.se/libcurl/c/libcurl-errors.html first for more details.
[14:30:46] Image_Downloader: Download failed (https://welovebudapest.com/assets/_empty.php): 404 Client Error: Not Found for url: https://welovebudapest.com/assets/_empty.php
[14:30:52] Image_Downloader: Download failed (https://welovebudapest.com/assets/_empty.php): 404 Client Error: Not Found for url: https://welovebudapest.com/assets/_empty.php

===== PIPELINE RUN START 2026-08-14T14:33:06 [run_pipeline_persistent] =====

--- RSS Fetch Errors at 2026-08-14 14:34:42 ---
Error fetching https://sokszinuvidek.24.hu/feed/: Failed to perform, curl: (28) Connection timed out after 10002 milliseconds. See https://curl.se/libcurl/c/libcurl-errors.html first for more details.
[14:35:56] Image_Downloader: Download failed (https://welovebudapest.com/assets/_empty.php): 404 Client Error: Not Found for url: https://welovebudapest.com/assets/_empty.php
[14:36:02] Image_Downloader: Download failed (https://welovebudapest.com/assets/_empty.php): 404 Client Error: Not Found for url: https://welovebudapest.com/assets/_empty.php

===== PIPELINE RUN START 2026-08-14T14:38:07 [run_pipeline_persistent] =====
[14:40:45] Image_Downloader: Download failed (https://welovebudapest.com/assets/_empty.php): 404 Client Error: Not Found for url: https://welovebudapest.com/assets/_empty.php
[14:40:51] Image_Downloader: Download failed (https://welovebudapest.com/assets/_empty.php): 404 Client Error: Not Found for url: https://welovebudapest.com/assets/_empty.php

===== PIPELINE RUN START 2026-08-14T14:43:07 [run_pipeline_persistent] =====
[14:46:40] Image_Downloader: Download failed (https://welovebudapest.com/assets/_empty.php): 404 Client Error: Not Found for url: https://welovebudapest.com/assets/_empty.php
[14:46:47] Image_Downloader: Download failed (https://welovebudapest.com/assets/_empty.php): 404 Client Error: Not Found for url: https://welovebudapest.com/assets/_empty.php

===== PIPELINE RUN START 2026-08-14T14:48:08 [run_pipeline_persistent] =====

--- RSS Fetch Errors at 2026-08-14 14:49:36 ---
Error fetching https://www.vice.com/feed/: HTTP Error 404: 
Error fetching https://femina.hu/24ora/rss.xml: Failed to perform, curl: (28) Connection timed out after 10002 milliseconds. See https://curl.se/libcurl/c/libcurl-errors.html first for more details.
Error fetching https://www.maxim.com/feed: Failed to perform, curl: (28) Connection timed out after 10002 milliseconds. See https://curl.se/libcurl/c/libcurl-errors.html first for more details.
[14:50:50] Image_Downloader: Download failed (https://welovebudapest.com/assets/_empty.php): 404 Client Error: Not Found for url: https://welovebudapest.com/assets/_empty.php
[14:50:56] Image_Downloader: Download failed (https://welovebudapest.com/assets/_empty.php): 404 Client Error: Not Found for url: https://welovebudapest.com/assets/_empty.php

===== PIPELINE RUN START 2026-08-14T14:53:08 [run_pipeline_persistent] =====

--- RSS Fetch Errors at 2026-08-14 14:54:32 ---
Error fetching https://sokszinuvidek.24.hu/feed/: Failed to perform, curl: (28) Connection timed out after 10002 milliseconds. See https://curl.se/libcurl/c/libcurl-errors.html first for more details.
[14:55:44] Image_Downloader: Download failed (https://welovebudapest.com/assets/_empty.php): 404 Client Error: Not Found for url: https://welovebudapest.com/assets/_empty.php
[14:55:50] Image_Downloader: Download failed (https://welovebudapest.com/assets/_empty.php): 404 Client Error: Not Found for url: https://welovebudapest.com/assets/_empty.php

===== PIPELINE RUN START 2026-08-14T14:58:11 [run_pipeline_persistent] =====

--- RSS Fetch Errors at 2026-08-14 14:59:29 ---
Error fetching https://roadster.hu/feed: Failed to perform, curl: (28) Connection timed out after 10002 milliseconds. See https://curl.se/libcurl/c/libcurl-errors.html first for more details.
[15:00:43] Image_Downloader: Download failed (https://welovebudapest.com/assets/_empty.php): 404 Client Error: Not Found for url: https://welovebudapest.com/assets/_empty.php
[15:00:49] Image_Downloader: Download failed (https://welovebudapest.com/assets/_empty.php): 404 Client Error: Not Found for url: https://welovebudapest.com/assets/_empty.php

===== PIPELINE RUN START 2026-08-14T15:03:12 [run_pipeline_persistent] =====
[15:05:52] Image_Downloader: Download failed (https://welovebudapest.com/assets/_empty.php): 404 Client Error: Not Found for url: https://welovebudapest.com/assets/_empty.php
[15:05:58] Image_Downloader: Download failed (https://welovebudapest.com/assets/_empty.php): 404 Client Error: Not Found for url: https://welovebudapest.com/assets/_empty.php

===== PIPELINE RUN START 2026-08-14T15:08:12 [run_pipeline_persistent] =====

--- RSS Fetch Errors at 2026-08-14 15:09:41 ---
Error fetching https://aihirfolyam.hu/feed: Failed to perform, curl: (28) Connection timed out after 10003 milliseconds. See https://curl.se/libcurl/c/libcurl-errors.html first for more details.
Error fetching https://roadster.hu/feed: Failed to perform, curl: (28) Connection timed out after 10003 milliseconds. See https://curl.se/libcurl/c/libcurl-errors.html first for more details.
[15:10:56] Image_Downloader: Download failed (https://welovebudapest.com/assets/_empty.php): 404 Client Error: Not Found for url: https://welovebudapest.com/assets/_empty.php
[15:11:03] Image_Downloader: Download failed (https://welovebudapest.com/assets/_empty.php): 404 Client Error: Not Found for url: https://welovebudapest.com/assets/_empty.php

===== PIPELINE RUN START 2026-08-14T15:13:13 [run_pipeline_persistent] =====

--- RSS Fetch Errors at 2026-08-14 15:14:41 ---
Error fetching https://www.economx.hu/feed: Failed to perform, curl: (28) Connection timed out after 10002 milliseconds. See https://curl.se/libcurl/c/libcurl-errors.html first for more details.
[15:15:57] Image_Downloader: Download failed (https://welovebudapest.com/assets/_empty.php): 404 Client Error: Not Found for url: https://welovebudapest.com/assets/_empty.php
[15:16:03] Image_Downloader: Download failed (https://welovebudapest.com/assets/_empty.php): 404 Client Error: Not Found for url: https://welovebudapest.com/assets/_empty.php

===== PIPELINE RUN START 2026-08-14T15:18:14 [run_pipeline_persistent] =====

--- RSS Fetch Errors at 2026-08-14 15:20:13 ---
Error fetching https://www.hwsw.hu/xml/latest_news_rss.xml: Failed to perform, curl: (28) Connection timed out after 10001 milliseconds. See https://curl.se/libcurl/c/libcurl-errors.html first for more details.
[15:21:31] Image_Downloader: Download failed (https://welovebudapest.com/assets/_empty.php): 404 Client Error: Not Found for url: https://welovebudapest.com/assets/_empty.php
[15:21:37] Image_Downloader: Download failed (https://welovebudapest.com/assets/_empty.php): 404 Client Error: Not Found for url: https://welovebudapest.com/assets/_empty.php

===== PIPELINE RUN START 2026-08-14T15:23:15 [run_pipeline_persistent] =====

--- RSS Fetch Errors at 2026-08-14 15:25:33 ---
Error fetching https://sokszinuvidek.24.hu/feed/: Failed to perform, curl: (28) Connection timed out after 10002 milliseconds. See https://curl.se/libcurl/c/libcurl-errors.html first for more details.
[15:26:47] Image_Downloader: Download failed (https://welovebudapest.com/assets/_empty.php): 404 Client Error: Not Found for url: https://welovebudapest.com/assets/_empty.php
[15:26:54] Image_Downloader: Download failed (https://welovebudapest.com/assets/_empty.php): 404 Client Error: Not Found for url: https://welovebudapest.com/assets/_empty.php

===== PIPELINE RUN START 2026-08-14T15:28:15 [run_pipeline_persistent] =====

--- RSS Fetch Errors at 2026-08-14 15:29:47 ---
Error fetching https://www.economx.hu/feed: Failed to perform, curl: (28) Connection timed out after 10002 milliseconds. See https://curl.se/libcurl/c/libcurl-errors.html first for more details.
Error fetching https://www.hwsw.hu/xml/latest_news_rss.xml: Failed to perform, curl: (28) Connection timed out after 10001 milliseconds. See https://curl.se/libcurl/c/libcurl-errors.html first for more details.
Error fetching https://index.hu/tudomany/til/rss/: Failed to perform, curl: (28) Connection timed out after 10001 milliseconds. See https://curl.se/libcurl/c/libcurl-errors.html first for more details.
Error fetching https://starity.hu/magazin/rss/: Failed to perform, curl: (28) Connection timed out after 10002 milliseconds. See https://curl.se/libcurl/c/libcurl-errors.html first for more details.
Error fetching https://www.maxim.com/feed: Failed to perform, curl: (28) Operation timed out after 25002 milliseconds with 0 bytes received. See https://curl.se/libcurl/c/libcurl-errors.html first for more details.
[15:31:01] Image_Downloader: Download failed (https://welovebudapest.com/assets/_empty.php): 404 Client Error: Not Found for url: https://welovebudapest.com/assets/_empty.php
[15:31:08] Image_Downloader: Download failed (https://welovebudapest.com/assets/_empty.php): 404 Client Error: Not Found for url: https://welovebudapest.com/assets/_empty.php

===== PIPELINE RUN START 2026-08-14T15:33:16 [run_pipeline_persistent] =====

--- RSS Fetch Errors at 2026-08-14 15:34:46 ---
Error fetching https://player.hu/feed: Failed to perform, curl: (28) Connection timed out after 10002 milliseconds. See https://curl.se/libcurl/c/libcurl-errors.html first for more details.
Error fetching https://www.playboy.com/read/sex-relationships/feed: Failed to perform, curl: (28) Connection timed out after 10002 milliseconds. See https://curl.se/libcurl/c/libcurl-errors.html first for more details.
Error fetching https://sokszinuvidek.24.hu/feed/: Failed to perform, curl: (28) Connection timed out after 10002 milliseconds. See https://curl.se/libcurl/c/libcurl-errors.html first for more details.
Error fetching https://sokszinuvidek.24.hu/?oembed=true&format=xml&url=https%3A%2F%2Fsokszinuvidek.24.hu%2F: Failed to perform, curl: (28) Resolving timed out after 10002 milliseconds. See https://curl.se/libcurl/c/libcurl-errors.html first for more details.
[15:36:01] Image_Downloader: Download failed (https://welovebudapest.com/assets/_empty.php): 404 Client Error: Not Found for url: https://welovebudapest.com/assets/_empty.php
[15:36:07] Image_Downloader: Download failed (https://welovebudapest.com/assets/_empty.php): 404 Client Error: Not Found for url: https://welovebudapest.com/assets/_empty.php

===== PIPELINE RUN START 2026-08-14T15:38:17 [run_pipeline_persistent] =====

--- RSS Fetch Errors at 2026-08-14 15:39:46 ---
Error fetching https://femina.hu/24ora/rss.xml: Failed to perform, curl: (28) Connection timed out after 10003 milliseconds. See https://curl.se/libcurl/c/libcurl-errors.html first for more details.
[15:41:02] Image_Downloader: Download failed (https://welovebudapest.com/assets/_empty.php): 404 Client Error: Not Found for url: https://welovebudapest.com/assets/_empty.php
[15:41:08] Image_Downloader: Download failed (https://welovebudapest.com/assets/_empty.php): 404 Client Error: Not Found for url: https://welovebudapest.com/assets/_empty.php

===== PIPELINE RUN START 2026-08-14T15:43:18 [run_pipeline_persistent] =====
[15:46:55] Image_Downloader: Download failed (https://welovebudapest.com/assets/_empty.php): 404 Client Error: Not Found for url: https://welovebudapest.com/assets/_empty.php
[15:47:01] Image_Downloader: Download failed (https://welovebudapest.com/assets/_empty.php): 404 Client Error: Not Found for url: https://welovebudapest.com/assets/_empty.php

===== PIPELINE RUN START 2026-08-14T15:48:19 [run_pipeline_persistent] =====
[15:51:03] Image_Downloader: Download failed (https://welovebudapest.com/assets/_empty.php): 404 Client Error: Not Found for url: https://welovebudapest.com/assets/_empty.php
[15:51:09] Image_Downloader: Download failed (https://welovebudapest.com/assets/_empty.php): 404 Client Error: Not Found for url: https://welovebudapest.com/assets/_empty.php

===== PIPELINE RUN START 2026-08-14T15:53:21 [run_pipeline_persistent] =====

--- RSS Fetch Errors at 2026-08-14 15:54:50 ---
Error fetching https://femina.hu/24ora/rss.xml: Failed to perform, curl: (28) Connection timed out after 10003 milliseconds. See https://curl.se/libcurl/c/libcurl-errors.html first for more details.
Error fetching https://roadster.hu/feed: Failed to perform, curl: (28) Connection timed out after 10003 milliseconds. See https://curl.se/libcurl/c/libcurl-errors.html first for more details.
Error fetching https://index.hu/tudomany/til/rss/: Failed to perform, curl: (28) Connection timed out after 10001 milliseconds. See https://curl.se/libcurl/c/libcurl-errors.html first for more details.
[15:56:04] Image_Downloader: Download failed (https://welovebudapest.com/assets/_empty.php): 404 Client Error: Not Found for url: https://welovebudapest.com/assets/_empty.php
[15:56:11] Image_Downloader: Download failed (https://welovebudapest.com/assets/_empty.php): 404 Client Error: Not Found for url: https://welovebudapest.com/assets/_empty.php

===== PIPELINE RUN START 2026-08-14T15:58:23 [run_pipeline_persistent] =====
[16:00:29] Image_Downloader: Download failed (https://welovebudapest.com/assets/_empty.php): 404 Client Error: Not Found for url: https://welovebudapest.com/assets/_empty.php
[16:00:35] Image_Downloader: Download failed (https://welovebudapest.com/assets/_empty.php): 404 Client Error: Not Found for url: https://welovebudapest.com/assets/_empty.php

===== PIPELINE RUN START 2026-08-14T16:03:26 [run_pipeline_persistent] =====

--- RSS Fetch Errors at 2026-08-14 16:04:58 ---
Error fetching https://www.economx.hu/feed: Failed to perform, curl: (28) Connection timed out after 10003 milliseconds. See https://curl.se/libcurl/c/libcurl-errors.html first for more details.
[16:06:19] Image_Downloader: Download failed (https://welovebudapest.com/assets/_empty.php): 404 Client Error: Not Found for url: https://welovebudapest.com/assets/_empty.php
[16:06:28] Image_Downloader: Download failed (https://welovebudapest.com/assets/_empty.php): 404 Client Error: Not Found for url: https://welovebudapest.com/assets/_empty.php

===== PIPELINE RUN START 2026-08-14T16:08:27 [run_pipeline_persistent] =====

--- RSS Fetch Errors at 2026-08-14 16:10:25 ---
Error fetching https://www.hwsw.hu/xml/latest_news_rss.xml: Failed to perform, curl: (28) Connection timed out after 10001 milliseconds. See https://curl.se/libcurl/c/libcurl-errors.html first for more details.
Error fetching https://sorozatjunkie.hu/feed: Failed to perform, curl: (28) Connection timed out after 10002 milliseconds. See https://curl.se/libcurl/c/libcurl-errors.html first for more details.
[16:11:41] Image_Downloader: Download failed (https://welovebudapest.com/assets/_empty.php): 404 Client Error: Not Found for url: https://welovebudapest.com/assets/_empty.php
[16:11:47] Image_Downloader: Download failed (https://welovebudapest.com/assets/_empty.php): 404 Client Error: Not Found for url: https://welovebudapest.com/assets/_empty.php

===== PIPELINE RUN START 2026-08-14T16:13:28 [run_pipeline_persistent] =====
[16:16:10] Image_Downloader: Download failed (https://welovebudapest.com/assets/_empty.php): 404 Client Error: Not Found for url: https://welovebudapest.com/assets/_empty.php
[16:16:16] Image_Downloader: Download failed (https://welovebudapest.com/assets/_empty.php): 404 Client Error: Not Found for url: https://welovebudapest.com/assets/_empty.php

===== PIPELINE RUN START 2026-08-14T16:18:31 [run_pipeline_persistent] =====
[16:22:38] Image_Downloader: Download failed (https://welovebudapest.com/assets/_empty.php): 404 Client Error: Not Found for url: https://welovebudapest.com/assets/_empty.php
[16:22:45] Image_Downloader: Download failed (https://welovebudapest.com/assets/_empty.php): 404 Client Error: Not Found for url: https://welovebudapest.com/assets/_empty.php

===== PIPELINE RUN START 2026-08-14T16:23:32 [run_pipeline_persistent] =====

--- RSS Fetch Errors at 2026-08-14 16:25:03 ---
Error fetching https://www.playboy.com/read/celebrities/feed: Failed to perform, curl: (28) Connection timed out after 10002 milliseconds. See https://curl.se/libcurl/c/libcurl-errors.html first for more details.
[16:26:17] Image_Downloader: Download failed (https://welovebudapest.com/assets/_empty.php): 404 Client Error: Not Found for url: https://welovebudapest.com/assets/_empty.php
[16:26:23] Image_Downloader: Download failed (https://welovebudapest.com/assets/_empty.php): 404 Client Error: Not Found for url: https://welovebudapest.com/assets/_empty.php

===== PIPELINE RUN START 2026-08-14T16:28:35 [run_pipeline_persistent] =====

--- RSS Fetch Errors at 2026-08-14 16:30:25 ---
Error fetching https://www.economx.hu/feed: Failed to perform, curl: (28) Connection timed out after 10003 milliseconds. See https://curl.se/libcurl/c/libcurl-errors.html first for more details.
Error fetching https://index.hu/tudomany/til/rss/: Failed to perform, curl: (28) Connection timed out after 10003 milliseconds. See https://curl.se/libcurl/c/libcurl-errors.html first for more details.
[16:31:41] Image_Downloader: Download failed (https://welovebudapest.com/assets/_empty.php): 404 Client Error: Not Found for url: https://welovebudapest.com/assets/_empty.php
[16:31:48] Image_Downloader: Download failed (https://welovebudapest.com/assets/_empty.php): 404 Client Error: Not Found for url: https://welovebudapest.com/assets/_empty.php

===== PIPELINE RUN START 2026-08-14T16:33:37 [run_pipeline_persistent] =====
[16:35:42] Image_Downloader: Download failed (https://welovebudapest.com/assets/_empty.php): 404 Client Error: Not Found for url: https://welovebudapest.com/assets/_empty.php
[16:35:48] Image_Downloader: Download failed (https://welovebudapest.com/assets/_empty.php): 404 Client Error: Not Found for url: https://welovebudapest.com/assets/_empty.php

===== PIPELINE RUN START 2026-08-14T16:38:39 [run_pipeline_persistent] =====

--- RSS Fetch Errors at 2026-08-14 16:40:07 ---
Error fetching https://www.economx.hu/feed: Failed to perform, curl: (28) Connection timed out after 10003 milliseconds. See https://curl.se/libcurl/c/libcurl-errors.html first for more details.
Error fetching https://www.hwsw.hu/xml/latest_news_rss.xml: Failed to perform, curl: (28) Connection timed out after 10002 milliseconds. See https://curl.se/libcurl/c/libcurl-errors.html first for more details.
Error fetching https://funzine.hu/feed: Failed to perform, curl: (28) Resolving timed out after 10003 milliseconds. See https://curl.se/libcurl/c/libcurl-errors.html first for more details.
Error fetching https://index.hu/tudomany/til/rss/: Failed to perform, curl: (28) Connection timed out after 10003 milliseconds. See https://curl.se/libcurl/c/libcurl-errors.html first for more details.
[16:41:23] Image_Downloader: Download failed (https://welovebudapest.com/assets/_empty.php): 404 Client Error: Not Found for url: https://welovebudapest.com/assets/_empty.php
[16:41:29] Image_Downloader: Download failed (https://welovebudapest.com/assets/_empty.php): 404 Client Error: Not Found for url: https://welovebudapest.com/assets/_empty.php

===== PIPELINE RUN START 2026-08-14T16:43:41 [run_pipeline_persistent] =====

--- RSS Fetch Errors at 2026-08-14 16:45:09 ---
Error fetching https://femina.hu/24ora/rss.xml: Failed to perform, curl: (28) Connection timed out after 10003 milliseconds. See https://curl.se/libcurl/c/libcurl-errors.html first for more details.
Error fetching https://sorozatjunkie.hu/feed: Failed to perform, curl: (28) Connection timed out after 10001 milliseconds. See https://curl.se/libcurl/c/libcurl-errors.html first for more details.
[16:46:25] Image_Downloader: Download failed (https://welovebudapest.com/assets/_empty.php): 404 Client Error: Not Found for url: https://welovebudapest.com/assets/_empty.php
[16:46:31] Image_Downloader: Download failed (https://welovebudapest.com/assets/_empty.php): 404 Client Error: Not Found for url: https://welovebudapest.com/assets/_empty.php

===== PIPELINE RUN START 2026-08-14T16:48:43 [run_pipeline_persistent] =====

--- RSS Fetch Errors at 2026-08-14 16:50:15 ---
Error fetching https://sokszinuvidek.24.hu/?oembed=true&format=xml&url=https%3A%2F%2Fsokszinuvidek.24.hu%2F: Failed to perform, curl: (28) Connection timed out after 10002 milliseconds. See https://curl.se/libcurl/c/libcurl-errors.html first for more details.
[16:51:30] Image_Downloader: Download failed (https://welovebudapest.com/assets/_empty.php): 404 Client Error: Not Found for url: https://welovebudapest.com/assets/_empty.php
[16:51:37] Image_Downloader: Download failed (https://welovebudapest.com/assets/_empty.php): 404 Client Error: Not Found for url: https://welovebudapest.com/assets/_empty.php

===== PIPELINE RUN START 2026-08-14T16:53:44 [run_pipeline_persistent] =====
[16:56:29] Image_Downloader: Download failed (https://welovebudapest.com/assets/_empty.php): 404 Client Error: Not Found for url: https://welovebudapest.com/assets/_empty.php
[16:56:35] Image_Downloader: Download failed (https://welovebudapest.com/assets/_empty.php): 404 Client Error: Not Found for url: https://welovebudapest.com/assets/_empty.php

===== PIPELINE RUN START 2026-08-14T16:58:47 [run_pipeline_persistent] =====
[17:01:33] Image_Downloader: Download failed (https://welovebudapest.com/assets/_empty.php): 404 Client Error: Not Found for url: https://welovebudapest.com/assets/_empty.php
[17:01:39] Image_Downloader: Download failed (https://welovebudapest.com/assets/_empty.php): 404 Client Error: Not Found for url: https://welovebudapest.com/assets/_empty.php

===== PIPELINE RUN START 2026-08-14T17:03:49 [run_pipeline_persistent] =====

--- RSS Fetch Errors at 2026-08-14 17:05:42 ---
Error fetching https://www.economx.hu/feed: Failed to perform, curl: (28) Connection timed out after 10000 milliseconds. See https://curl.se/libcurl/c/libcurl-errors.html first for more details.
Error fetching https://www.maxim.com/feed: Failed to perform, curl: (28) Connection timed out after 10001 milliseconds. See https://curl.se/libcurl/c/libcurl-errors.html first for more details.
Error fetching https://www.hwsw.hu/xml/latest_news_rss.xml: Failed to perform, curl: (28) Connection timed out after 10002 milliseconds. See https://curl.se/libcurl/c/libcurl-errors.html first for more details.
Error fetching https://index.hu/tudomany/til/rss/: Failed to perform, curl: (28) Connection timed out after 10001 milliseconds. See https://curl.se/libcurl/c/libcurl-errors.html first for more details.
[17:06:11] Summarizer: [Batch] No response from API (attempt 1/3)
[17:06:59] Image_Downloader: Download failed (https://welovebudapest.com/assets/_empty.php): 404 Client Error: Not Found for url: https://welovebudapest.com/assets/_empty.php
[17:07:06] Image_Downloader: Download failed (https://welovebudapest.com/assets/_empty.php): 404 Client Error: Not Found for url: https://welovebudapest.com/assets/_empty.php

===== PIPELINE RUN START 2026-08-14T17:08:50 [run_pipeline_persistent] =====

--- RSS Fetch Errors at 2026-08-14 17:11:12 ---
Error fetching https://nlc.hu/feed: Failed to perform, curl: (28) Resolving timed out after 10002 milliseconds. See https://curl.se/libcurl/c/libcurl-errors.html first for more details.
Error fetching https://aihirfolyam.hu/feed: Failed to perform, curl: (28) Connection timed out after 10003 milliseconds. See https://curl.se/libcurl/c/libcurl-errors.html first for more details.
Error fetching https://www.playboy.com/read/sex-relationships/feed: Failed to perform, curl: (28) Connection timed out after 10002 milliseconds. See https://curl.se/libcurl/c/libcurl-errors.html first for more details.
[17:12:29] Image_Downloader: Download failed (https://welovebudapest.com/assets/_empty.php): 404 Client Error: Not Found for url: https://welovebudapest.com/assets/_empty.php
[17:12:35] Image_Downloader: Download failed (https://welovebudapest.com/assets/_empty.php): 404 Client Error: Not Found for url: https://welovebudapest.com/assets/_empty.php

===== PIPELINE RUN START 2026-08-14T17:13:51 [run_pipeline_persistent] =====

--- RSS Fetch Errors at 2026-08-14 17:15:26 ---
Error fetching https://www.economx.hu/feed: Failed to perform, curl: (28) Connection timed out after 10001 milliseconds. See https://curl.se/libcurl/c/libcurl-errors.html first for more details.
Error fetching https://femina.hu/24ora/rss.xml: Failed to perform, curl: (28) Connection timed out after 10003 milliseconds. See https://curl.se/libcurl/c/libcurl-errors.html first for more details.
Error fetching https://www.hwsw.hu/xml/latest_news_rss.xml: Failed to perform, curl: (28) Connection timed out after 10002 milliseconds. See https://curl.se/libcurl/c/libcurl-errors.html first for more details.
[17:16:42] Image_Downloader: Download failed (https://welovebudapest.com/assets/_empty.php): 404 Client Error: Not Found for url: https://welovebudapest.com/assets/_empty.php
[17:16:48] Image_Downloader: Download failed (https://welovebudapest.com/assets/_empty.php): 404 Client Error: Not Found for url: https://welovebudapest.com/assets/_empty.php

===== PIPELINE RUN START 2026-08-14T17:18:53 [run_pipeline_persistent] =====

--- RSS Fetch Errors at 2026-08-14 17:20:21 ---
Error fetching https://www.playboy.com/read/sex-relationships/feed: Failed to perform, curl: (28) Connection timed out after 10003 milliseconds. See https://curl.se/libcurl/c/libcurl-errors.html first for more details.
[17:21:38] Image_Downloader: Download failed (https://welovebudapest.com/assets/_empty.php): 404 Client Error: Not Found for url: https://welovebudapest.com/assets/_empty.php
[17:21:44] Image_Downloader: Download failed (https://welovebudapest.com/assets/_empty.php): 404 Client Error: Not Found for url: https://welovebudapest.com/assets/_empty.php

===== PIPELINE RUN START 2026-08-14T17:23:54 [run_pipeline_persistent] =====

--- RSS Fetch Errors at 2026-08-14 17:25:24 ---
Error fetching https://sokszinuvidek.24.hu/?oembed=true&format=xml&url=https%3A%2F%2Fsokszinuvidek.24.hu%2F: Failed to perform, curl: (28) Connection timed out after 10003 milliseconds. See https://curl.se/libcurl/c/libcurl-errors.html first for more details.
[17:26:40] Image_Downloader: Download failed (https://welovebudapest.com/assets/_empty.php): 404 Client Error: Not Found for url: https://welovebudapest.com/assets/_empty.php
[17:26:46] Image_Downloader: Download failed (https://welovebudapest.com/assets/_empty.php): 404 Client Error: Not Found for url: https://welovebudapest.com/assets/_empty.php

===== PIPELINE RUN START 2026-08-14T17:28:56 [run_pipeline_persistent] =====

--- RSS Fetch Errors at 2026-08-14 17:30:22 ---
Error fetching https://index.hu/tudomany/til/rss/: Failed to perform, curl: (28) Connection timed out after 10003 milliseconds. See https://curl.se/libcurl/c/libcurl-errors.html first for more details.
[17:31:42] Image_Downloader: Download failed (https://welovebudapest.com/assets/_empty.php): 404 Client Error: Not Found for url: https://welovebudapest.com/assets/_empty.php
[17:31:48] Image_Downloader: Download failed (https://welovebudapest.com/assets/_empty.php): 404 Client Error: Not Found for url: https://welovebudapest.com/assets/_empty.php

===== PIPELINE RUN START 2026-08-14T17:33:58 [run_pipeline_persistent] =====

--- RSS Fetch Errors at 2026-08-14 17:35:25 ---
Error fetching https://www.economx.hu/feed: Failed to perform, curl: (28) Connection timed out after 10003 milliseconds. See https://curl.se/libcurl/c/libcurl-errors.html first for more details.
Error fetching https://www.hwsw.hu/xml/latest_news_rss.xml: Failed to perform, curl: (28) Connection timed out after 10003 milliseconds. See https://curl.se/libcurl/c/libcurl-errors.html first for more details.
Error fetching https://starity.hu/magazin/rss/: Failed to perform, curl: (28) Connection timed out after 10002 milliseconds. See https://curl.se/libcurl/c/libcurl-errors.html first for more details.
[17:36:42] Image_Downloader: Download failed (https://welovebudapest.com/assets/_empty.php): 404 Client Error: Not Found for url: https://welovebudapest.com/assets/_empty.php
[17:36:48] Image_Downloader: Download failed (https://welovebudapest.com/assets/_empty.php): 404 Client Error: Not Found for url: https://welovebudapest.com/assets/_empty.php

===== PIPELINE RUN START 2026-08-14T17:39:00 [run_pipeline_persistent] =====

--- RSS Fetch Errors at 2026-08-14 17:40:49 ---
Error fetching https://roadster.hu/feed: Failed to perform, curl: (28) Connection timed out after 10002 milliseconds. See https://curl.se/libcurl/c/libcurl-errors.html first for more details.
Error fetching https://sokszinuvidek.24.hu/feed/: Failed to perform, curl: (28) Connection timed out after 10002 milliseconds. See https://curl.se/libcurl/c/libcurl-errors.html first for more details.
[17:42:05] Image_Downloader: Download failed (https://welovebudapest.com/assets/_empty.php): 404 Client Error: Not Found for url: https://welovebudapest.com/assets/_empty.php
[17:42:11] Image_Downloader: Download failed (https://welovebudapest.com/assets/_empty.php): 404 Client Error: Not Found for url: https://welovebudapest.com/assets/_empty.php

===== PIPELINE RUN START 2026-08-14T17:44:01 [run_pipeline_persistent] =====

--- RSS Fetch Errors at 2026-08-14 17:45:31 ---
Error fetching https://prog.hu/hirek/rss: Failed to perform, curl: (28) Resolving timed out after 10003 milliseconds. See https://curl.se/libcurl/c/libcurl-errors.html first for more details.
Error fetching https://aihirfolyam.hu/feed: Failed to perform, curl: (28) Operation timed out after 25003 milliseconds with 0 bytes received. See https://curl.se/libcurl/c/libcurl-errors.html first for more details.
[17:46:46] Image_Downloader: Download failed (https://welovebudapest.com/assets/_empty.php): 404 Client Error: Not Found for url: https://welovebudapest.com/assets/_empty.php
[17:46:52] Image_Downloader: Download failed (https://welovebudapest.com/assets/_empty.php): 404 Client Error: Not Found for url: https://welovebudapest.com/assets/_empty.php

===== PIPELINE RUN START 2026-08-14T17:49:03 [run_pipeline_persistent] =====

--- RSS Fetch Errors at 2026-08-14 17:50:37 ---
Error fetching https://femina.hu/24ora/rss.xml: Failed to perform, curl: (28) Connection timed out after 10003 milliseconds. See https://curl.se/libcurl/c/libcurl-errors.html first for more details.
Error fetching https://starity.hu/magazin/rss/: Failed to perform, curl: (28) Connection timed out after 10002 milliseconds. See https://curl.se/libcurl/c/libcurl-errors.html first for more details.
Error fetching https://sorozatjunkie.hu/feed: Failed to perform, curl: (28) Operation timed out after 25216 milliseconds with 0 bytes received. See https://curl.se/libcurl/c/libcurl-errors.html first for more details.
Error fetching https://bankless.com/feed: Failed to perform, curl: (28) Operation timed out after 25168 milliseconds with 0 bytes received. See https://curl.se/libcurl/c/libcurl-errors.html first for more details.
[17:51:54] Image_Downloader: Download failed (https://welovebudapest.com/assets/_empty.php): 404 Client Error: Not Found for url: https://welovebudapest.com/assets/_empty.php
[17:52:00] Image_Downloader: Download failed (https://welovebudapest.com/assets/_empty.php): 404 Client Error: Not Found for url: https://welovebudapest.com/assets/_empty.php

===== PIPELINE RUN START 2026-08-14T17:54:05 [run_pipeline_persistent] =====
[17:56:55] Image_Downloader: Download failed (https://welovebudapest.com/assets/_empty.php): 404 Client Error: Not Found for url: https://welovebudapest.com/assets/_empty.php
[17:57:01] Image_Downloader: Download failed (https://welovebudapest.com/assets/_empty.php): 404 Client Error: Not Found for url: https://welovebudapest.com/assets/_empty.php

===== PIPELINE RUN START 2026-08-14T17:59:07 [run_pipeline_persistent] =====
[18:02:06] Image_Downloader: Download failed (https://welovebudapest.com/assets/_empty.php): 404 Client Error: Not Found for url: https://welovebudapest.com/assets/_empty.php
[18:02:13] Image_Downloader: Download failed (https://welovebudapest.com/assets/_empty.php): 404 Client Error: Not Found for url: https://welovebudapest.com/assets/_empty.php

===== PIPELINE RUN START 2026-08-14T18:04:09 [run_pipeline_persistent] =====

--- RSS Fetch Errors at 2026-08-14 18:05:33 ---
Error fetching https://femina.hu/24ora/rss.xml: Failed to perform, curl: (28) Connection timed out after 10002 milliseconds. See https://curl.se/libcurl/c/libcurl-errors.html first for more details.
Error fetching https://sokszinuvidek.24.hu/feed/: Failed to perform, curl: (28) Connection timed out after 10002 milliseconds. See https://curl.se/libcurl/c/libcurl-errors.html first for more details.
[18:06:49] Image_Downloader: Download failed (https://welovebudapest.com/assets/_empty.php): 404 Client Error: Not Found for url: https://welovebudapest.com/assets/_empty.php
[18:06:56] Image_Downloader: Download failed (https://welovebudapest.com/assets/_empty.php): 404 Client Error: Not Found for url: https://welovebudapest.com/assets/_empty.php

===== PIPELINE RUN START 2026-08-14T18:09:11 [run_pipeline_persistent] =====
[18:11:56] Image_Downloader: Download failed (https://welovebudapest.com/assets/_empty.php): 404 Client Error: Not Found for url: https://welovebudapest.com/assets/_empty.php
[18:12:03] Image_Downloader: Download failed (https://welovebudapest.com/assets/_empty.php): 404 Client Error: Not Found for url: https://welovebudapest.com/assets/_empty.php

===== PIPELINE RUN START 2026-08-14T18:14:12 [run_pipeline_persistent] =====
[18:16:20] Image_Downloader: Download failed (https://welovebudapest.com/assets/_empty.php): 404 Client Error: Not Found for url: https://welovebudapest.com/assets/_empty.php
[18:16:26] Image_Downloader: Download failed (https://welovebudapest.com/assets/_empty.php): 404 Client Error: Not Found for url: https://welovebudapest.com/assets/_empty.php

===== PIPELINE RUN START 2026-08-14T18:19:15 [run_pipeline_persistent] =====

--- RSS Fetch Errors at 2026-08-14 18:20:48 ---
Error fetching https://sokszinuvidek.24.hu/feed/: Failed to perform, curl: (28) Connection timed out after 10004 milliseconds. See https://curl.se/libcurl/c/libcurl-errors.html first for more details.
[18:22:05] Image_Downloader: Download failed (https://welovebudapest.com/assets/_empty.php): 404 Client Error: Not Found for url: https://welovebudapest.com/assets/_empty.php
[18:22:11] Image_Downloader: Download failed (https://welovebudapest.com/assets/_empty.php): 404 Client Error: Not Found for url: https://welovebudapest.com/assets/_empty.php

===== PIPELINE RUN START 2026-08-14T18:24:17 [run_pipeline_persistent] =====
[18:27:59] Image_Downloader: Download failed (https://welovebudapest.com/assets/_empty.php): 404 Client Error: Not Found for url: https://welovebudapest.com/assets/_empty.php
[18:28:05] Image_Downloader: Download failed (https://welovebudapest.com/assets/_empty.php): 404 Client Error: Not Found for url: https://welovebudapest.com/assets/_empty.php

===== PIPELINE RUN START 2026-08-14T18:29:18 [run_pipeline_persistent] =====

--- RSS Fetch Errors at 2026-08-14 18:30:50 ---
Error fetching https://www.playboy.com/read/classics/feed: Failed to perform, curl: (28) Connection timed out after 10002 milliseconds. See https://curl.se/libcurl/c/libcurl-errors.html first for more details.
Error fetching https://femina.hu/24ora/rss.xml: Failed to perform, curl: (28) Operation timed out after 25003 milliseconds with 0 bytes received. See https://curl.se/libcurl/c/libcurl-errors.html first for more details.
[18:32:07] Image_Downloader: Download failed (https://welovebudapest.com/assets/_empty.php): 404 Client Error: Not Found for url: https://welovebudapest.com/assets/_empty.php
[18:32:13] Image_Downloader: Download failed (https://welovebudapest.com/assets/_empty.php): 404 Client Error: Not Found for url: https://welovebudapest.com/assets/_empty.php

===== PIPELINE RUN START 2026-08-14T18:34:20 [run_pipeline_persistent] =====

--- RSS Fetch Errors at 2026-08-14 18:35:44 ---
Error fetching https://index.hu/tudomany/til/rss/: Failed to perform, curl: (28) Connection timed out after 10006 milliseconds. See https://curl.se/libcurl/c/libcurl-errors.html first for more details.
[18:37:00] Image_Downloader: Download failed (https://welovebudapest.com/assets/_empty.php): 404 Client Error: Not Found for url: https://welovebudapest.com/assets/_empty.php
[18:37:06] Image_Downloader: Download failed (https://welovebudapest.com/assets/_empty.php): 404 Client Error: Not Found for url: https://welovebudapest.com/assets/_empty.php

===== PIPELINE RUN START 2026-08-14T18:39:22 [run_pipeline_persistent] =====
[18:42:06] Image_Downloader: Download failed (https://welovebudapest.com/assets/_empty.php): 404 Client Error: Not Found for url: https://welovebudapest.com/assets/_empty.php
[18:42:13] Image_Downloader: Download failed (https://welovebudapest.com/assets/_empty.php): 404 Client Error: Not Found for url: https://welovebudapest.com/assets/_empty.php

===== PIPELINE RUN START 2026-08-14T18:44:24 [run_pipeline_persistent] =====

--- RSS Fetch Errors at 2026-08-14 18:45:58 ---
Error fetching https://femina.hu/24ora/rss.xml: Failed to perform, curl: (28) Operation timed out after 25003 milliseconds with 0 bytes received. See https://curl.se/libcurl/c/libcurl-errors.html first for more details.
[18:47:16] Image_Downloader: Download failed (https://welovebudapest.com/assets/_empty.php): 404 Client Error: Not Found for url: https://welovebudapest.com/assets/_empty.php
[18:47:22] Image_Downloader: Download failed (https://welovebudapest.com/assets/_empty.php): 404 Client Error: Not Found for url: https://welovebudapest.com/assets/_empty.php

===== PIPELINE RUN START 2026-08-14T18:49:26 [run_pipeline_persistent] =====

--- RSS Fetch Errors at 2026-08-14 18:51:05 ---
Error fetching https://www.economx.hu/feed: Failed to perform, curl: (28) Connection timed out after 10002 milliseconds. See https://curl.se/libcurl/c/libcurl-errors.html first for more details.
Error fetching https://aihirfolyam.hu/feed: Failed to perform, curl: (28) Connection timed out after 10003 milliseconds. See https://curl.se/libcurl/c/libcurl-errors.html first for more details.
Error fetching https://player.hu/feed: Failed to perform, curl: (28) Connection timed out after 10002 milliseconds. See https://curl.se/libcurl/c/libcurl-errors.html first for more details.
[18:51:51] Summarizer: [Batch] No response from API (attempt 1/3)
[18:52:27] Image_Downloader: Download failed (https://welovebudapest.com/assets/_empty.php): 404 Client Error: Not Found for url: https://welovebudapest.com/assets/_empty.php
[18:52:33] Image_Downloader: Download failed (https://welovebudapest.com/assets/_empty.php): 404 Client Error: Not Found for url: https://welovebudapest.com/assets/_empty.php

===== PIPELINE RUN START 2026-08-14T18:54:27 [run_pipeline_persistent] =====

--- RSS Fetch Errors at 2026-08-14 18:56:19 ---
Error fetching https://www.hwsw.hu/xml/latest_news_rss.xml: Failed to perform, curl: (28) Connection timed out after 10003 milliseconds. See https://curl.se/libcurl/c/libcurl-errors.html first for more details.
Error fetching https://femina.hu/24ora/rss.xml: Failed to perform, curl: (28) Connection timed out after 10003 milliseconds. See https://curl.se/libcurl/c/libcurl-errors.html first for more details.
Error fetching https://www.maxim.com/feed: Failed to perform, curl: (28) Connection timed out after 10003 milliseconds. See https://curl.se/libcurl/c/libcurl-errors.html first for more details.
Error fetching https://azutazo.hu/feed: Failed to perform, curl: (28) Connection timed out after 10003 milliseconds. See https://curl.se/libcurl/c/libcurl-errors.html first for more details.
Error fetching https://sokszinuvidek.24.hu/?oembed=true&format=xml&url=https%3A%2F%2Fsokszinuvidek.24.hu%2F: Failed to perform, curl: (28) Connection timed out after 10002 milliseconds. See https://curl.se/libcurl/c/libcurl-errors.html first for more details.
Error fetching https://sorozatjunkie.hu/feed: Failed to perform, curl: (28) Connection timed out after 10003 milliseconds. See https://curl.se/libcurl/c/libcurl-errors.html first for more details.
[18:57:35] Image_Downloader: Download failed (https://welovebudapest.com/assets/_empty.php): 404 Client Error: Not Found for url: https://welovebudapest.com/assets/_empty.php
[18:57:41] Image_Downloader: Download failed (https://welovebudapest.com/assets/_empty.php): 404 Client Error: Not Found for url: https://welovebudapest.com/assets/_empty.php

===== PIPELINE RUN START 2026-08-14T18:59:29 [run_pipeline_persistent] =====
[19:01:36] Image_Downloader: Download failed (https://welovebudapest.com/assets/_empty.php): 404 Client Error: Not Found for url: https://welovebudapest.com/assets/_empty.php
[19:01:42] Image_Downloader: Download failed (https://welovebudapest.com/assets/_empty.php): 404 Client Error: Not Found for url: https://welovebudapest.com/assets/_empty.php

===== PIPELINE RUN START 2026-08-14T19:04:32 [run_pipeline_persistent] =====

--- RSS Fetch Errors at 2026-08-14 19:06:06 ---
Error fetching https://www.maxim.com/feed: Failed to perform, curl: (28) Connection timed out after 10003 milliseconds. See https://curl.se/libcurl/c/libcurl-errors.html first for more details.
Error fetching https://www.playboy.com/read/sex-relationships/feed: Failed to perform, curl: (28) Connection timed out after 10003 milliseconds. See https://curl.se/libcurl/c/libcurl-errors.html first for more details.
[19:06:20] Summarizer: [DownloadWorker-9] SKIP (duplicate title): Quordle Hints Today: Saturday, August 15...
[19:07:23] Image_Downloader: Download failed (https://welovebudapest.com/assets/_empty.php): 404 Client Error: Not Found for url: https://welovebudapest.com/assets/_empty.php
[19:07:29] Image_Downloader: Download failed (https://welovebudapest.com/assets/_empty.php): 404 Client Error: Not Found for url: https://welovebudapest.com/assets/_empty.php

===== PIPELINE RUN START 2026-08-14T19:09:34 [run_pipeline_persistent] =====

--- RSS Fetch Errors at 2026-08-14 19:11:06 ---
Error fetching https://starity.hu/magazin/rss/: Failed to perform, curl: (28) Operation timed out after 25003 milliseconds with 0 bytes received. See https://curl.se/libcurl/c/libcurl-errors.html first for more details.
[19:12:23] Image_Downloader: Download failed (https://welovebudapest.com/assets/_empty.php): 404 Client Error: Not Found for url: https://welovebudapest.com/assets/_empty.php
[19:12:30] Image_Downloader: Download failed (https://welovebudapest.com/assets/_empty.php): 404 Client Error: Not Found for url: https://welovebudapest.com/assets/_empty.php

===== PIPELINE RUN START 2026-08-14T19:14:36 [run_pipeline_persistent] =====

--- RSS Fetch Errors at 2026-08-14 19:16:04 ---
Error fetching https://www.hwsw.hu/xml/latest_news_rss.xml: Failed to perform, curl: (28) Connection timed out after 10002 milliseconds. See https://curl.se/libcurl/c/libcurl-errors.html first for more details.
[19:17:21] Image_Downloader: Download failed (https://welovebudapest.com/assets/_empty.php): 404 Client Error: Not Found for url: https://welovebudapest.com/assets/_empty.php
[19:17:27] Image_Downloader: Download failed (https://welovebudapest.com/assets/_empty.php): 404 Client Error: Not Found for url: https://welovebudapest.com/assets/_empty.php

===== PIPELINE RUN START 2026-08-14T19:19:38 [run_pipeline_persistent] =====
[19:21:41] Image_Downloader: Download failed (https://welovebudapest.com/assets/_empty.php): 404 Client Error: Not Found for url: https://welovebudapest.com/assets/_empty.php
[19:21:48] Image_Downloader: Download failed (https://welovebudapest.com/assets/_empty.php): 404 Client Error: Not Found for url: https://welovebudapest.com/assets/_empty.php

===== PIPELINE RUN START 2026-08-14T19:24:41 [run_pipeline_persistent] =====
[19:26:42] Image_Downloader: Download failed (https://welovebudapest.com/assets/_empty.php): 404 Client Error: Not Found for url: https://welovebudapest.com/assets/_empty.php
[19:26:48] Image_Downloader: Download failed (https://welovebudapest.com/assets/_empty.php): 404 Client Error: Not Found for url: https://welovebudapest.com/assets/_empty.php

===== PIPELINE RUN START 2026-08-14T19:29:43 [run_pipeline_persistent] =====
[19:32:26] Image_Downloader: Download failed (https://welovebudapest.com/assets/_empty.php): 404 Client Error: Not Found for url: https://welovebudapest.com/assets/_empty.php
[19:32:32] Image_Downloader: Download failed (https://welovebudapest.com/assets/_empty.php): 404 Client Error: Not Found for url: https://welovebudapest.com/assets/_empty.php

===== PIPELINE RUN START 2026-08-14T19:34:45 [run_pipeline_persistent] =====
[19:37:22] Image_Downloader: Download failed (https://welovebudapest.com/assets/_empty.php): 404 Client Error: Not Found for url: https://welovebudapest.com/assets/_empty.php
[19:37:29] Image_Downloader: Download failed (https://welovebudapest.com/assets/_empty.php): 404 Client Error: Not Found for url: https://welovebudapest.com/assets/_empty.php

===== PIPELINE RUN START 2026-08-14T19:39:48 [run_pipeline_persistent] =====

--- RSS Fetch Errors at 2026-08-14 19:41:14 ---
Error fetching https://starity.hu/magazin/rss/: Failed to perform, curl: (28) Failed to connect to starity.hu port 443 after 10002 ms: Timeout was reached. See https://curl.se/libcurl/c/libcurl-errors.html first for more details.
Error fetching https://roadster.hu/feed: Failed to perform, curl: (28) Connection timed out after 10003 milliseconds. See https://curl.se/libcurl/c/libcurl-errors.html first for more details.
[19:42:26] Image_Downloader: Download failed (https://welovebudapest.com/assets/_empty.php): 404 Client Error: Not Found for url: https://welovebudapest.com/assets/_empty.php
[19:42:32] Image_Downloader: Download failed (https://welovebudapest.com/assets/_empty.php): 404 Client Error: Not Found for url: https://welovebudapest.com/assets/_empty.php

===== PIPELINE RUN START 2026-08-14T19:44:50 [run_pipeline_persistent] =====
[19:47:27] Image_Downloader: Download failed (https://welovebudapest.com/assets/_empty.php): 404 Client Error: Not Found for url: https://welovebudapest.com/assets/_empty.php
[19:47:33] Image_Downloader: Download failed (https://welovebudapest.com/assets/_empty.php): 404 Client Error: Not Found for url: https://welovebudapest.com/assets/_empty.php

===== PIPELINE RUN START 2026-08-14T19:49:53 [run_pipeline_persistent] =====
[19:52:26] Image_Downloader: Download failed (https://welovebudapest.com/assets/_empty.php): 404 Client Error: Not Found for url: https://welovebudapest.com/assets/_empty.php
[19:52:32] Image_Downloader: Download failed (https://welovebudapest.com/assets/_empty.php): 404 Client Error: Not Found for url: https://welovebudapest.com/assets/_empty.php

===== PIPELINE RUN START 2026-08-14T19:54:55 [run_pipeline_persistent] =====
[19:56:51] Image_Downloader: Download failed (https://welovebudapest.com/assets/_empty.php): 404 Client Error: Not Found for url: https://welovebudapest.com/assets/_empty.php
[19:56:58] Image_Downloader: Download failed (https://welovebudapest.com/assets/_empty.php): 404 Client Error: Not Found for url: https://welovebudapest.com/assets/_empty.php

===== PIPELINE RUN START 2026-08-14T19:59:57 [run_pipeline_persistent] =====

--- RSS Fetch Errors at 2026-08-14 20:01:35 ---
Error fetching https://sorozatjunkie.hu/feed: Failed to perform, curl: (28) Connection timed out after 10001 milliseconds. See https://curl.se/libcurl/c/libcurl-errors.html first for more details.
[20:02:50] Image_Downloader: Download failed (https://welovebudapest.com/assets/_empty.php): 404 Client Error: Not Found for url: https://welovebudapest.com/assets/_empty.php
[20:02:56] Image_Downloader: Download failed (https://welovebudapest.com/assets/_empty.php): 404 Client Error: Not Found for url: https://welovebudapest.com/assets/_empty.php

===== PIPELINE RUN START 2026-08-14T20:04:59 [run_pipeline_persistent] =====
[20:07:32] Image_Downloader: Download failed (https://welovebudapest.com/assets/_empty.php): 404 Client Error: Not Found for url: https://welovebudapest.com/assets/_empty.php
[20:07:38] Image_Downloader: Download failed (https://welovebudapest.com/assets/_empty.php): 404 Client Error: Not Found for url: https://welovebudapest.com/assets/_empty.php

===== PIPELINE RUN START 2026-08-14T20:10:02 [run_pipeline_persistent] =====
[20:12:35] Image_Downloader: Download failed (https://welovebudapest.com/assets/_empty.php): 404 Client Error: Not Found for url: https://welovebudapest.com/assets/_empty.php
[20:12:42] Image_Downloader: Download failed (https://welovebudapest.com/assets/_empty.php): 404 Client Error: Not Found for url: https://welovebudapest.com/assets/_empty.php

===== PIPELINE RUN START 2026-08-14T20:15:04 [run_pipeline_persistent] =====

--- RSS Fetch Errors at 2026-08-14 20:16:31 ---
Error fetching https://starity.hu/magazin/rss/: Failed to perform, curl: (28) Connection timed out after 10002 milliseconds. See https://curl.se/libcurl/c/libcurl-errors.html first for more details.
[20:17:40] Image_Downloader: Download failed (https://welovebudapest.com/assets/_empty.php): 404 Client Error: Not Found for url: https://welovebudapest.com/assets/_empty.php
[20:17:47] Image_Downloader: Download failed (https://welovebudapest.com/assets/_empty.php): 404 Client Error: Not Found for url: https://welovebudapest.com/assets/_empty.php

===== PIPELINE RUN START 2026-08-14T20:20:07 [run_pipeline_persistent] =====

--- RSS Fetch Errors at 2026-08-14 20:21:33 ---
Error fetching https://www.economx.hu/feed: Failed to perform, curl: (28) Connection timed out after 10003 milliseconds. See https://curl.se/libcurl/c/libcurl-errors.html first for more details.
[20:21:38] Summarizer: [DownloadWorker-6] SKIP (duplicate title): 2026-ban kétszer is megdőlt a 2024-es le...
[20:22:42] Image_Downloader: Download failed (https://welovebudapest.com/assets/_empty.php): 404 Client Error: Not Found for url: https://welovebudapest.com/assets/_empty.php
[20:22:48] Image_Downloader: Download failed (https://welovebudapest.com/assets/_empty.php): 404 Client Error: Not Found for url: https://welovebudapest.com/assets/_empty.php

===== PIPELINE RUN START 2026-08-14T20:25:09 [run_pipeline_persistent] =====

--- RSS Fetch Errors at 2026-08-14 20:26:36 ---
Error fetching https://aihirfolyam.hu/feed: Failed to perform, curl: (28) Connection timed out after 10002 milliseconds. See https://curl.se/libcurl/c/libcurl-errors.html first for more details.
Error fetching https://sokszinuvidek.24.hu/feed/: Failed to perform, curl: (28) Connection timed out after 10003 milliseconds. See https://curl.se/libcurl/c/libcurl-errors.html first for more details.
[20:27:48] Image_Downloader: Download failed (https://welovebudapest.com/assets/_empty.php): 404 Client Error: Not Found for url: https://welovebudapest.com/assets/_empty.php
[20:27:54] Image_Downloader: Download failed (https://welovebudapest.com/assets/_empty.php): 404 Client Error: Not Found for url: https://welovebudapest.com/assets/_empty.php

===== PIPELINE RUN START 2026-08-14T20:30:12 [run_pipeline_persistent] =====

--- RSS Fetch Errors at 2026-08-14 20:31:40 ---
Error fetching https://femina.hu/24ora/rss.xml: Failed to perform, curl: (28) Connection timed out after 10001 milliseconds. See https://curl.se/libcurl/c/libcurl-errors.html first for more details.
Error fetching https://www.playboy.com/read/classics/feed: Failed to perform, curl: (28) Connection timed out after 10003 milliseconds. See https://curl.se/libcurl/c/libcurl-errors.html first for more details.
[20:32:49] Image_Downloader: Download failed (https://welovebudapest.com/assets/_empty.php): 404 Client Error: Not Found for url: https://welovebudapest.com/assets/_empty.php
[20:32:55] Image_Downloader: Download failed (https://welovebudapest.com/assets/_empty.php): 404 Client Error: Not Found for url: https://welovebudapest.com/assets/_empty.php

===== PIPELINE RUN START 2026-08-14T20:35:14 [run_pipeline_persistent] =====
[20:37:10] Image_Downloader: Download failed (https://welovebudapest.com/assets/_empty.php): 404 Client Error: Not Found for url: https://welovebudapest.com/assets/_empty.php
[20:37:16] Image_Downloader: Download failed (https://welovebudapest.com/assets/_empty.php): 404 Client Error: Not Found for url: https://welovebudapest.com/assets/_empty.php

===== PIPELINE RUN START 2026-08-14T20:40:17 [run_pipeline_persistent] =====
[20:42:15] Image_Downloader: Download failed (https://welovebudapest.com/assets/_empty.php): 404 Client Error: Not Found for url: https://welovebudapest.com/assets/_empty.php
[20:42:22] Image_Downloader: Download failed (https://welovebudapest.com/assets/_empty.php): 404 Client Error: Not Found for url: https://welovebudapest.com/assets/_empty.php

===== PIPELINE RUN START 2026-08-14T20:45:20 [run_pipeline_persistent] =====
[20:47:21] Image_Downloader: Download failed (https://welovebudapest.com/assets/_empty.php): 404 Client Error: Not Found for url: https://welovebudapest.com/assets/_empty.php
[20:47:27] Image_Downloader: Download failed (https://welovebudapest.com/assets/_empty.php): 404 Client Error: Not Found for url: https://welovebudapest.com/assets/_empty.php

===== PIPELINE RUN START 2026-08-14T20:50:24 [run_pipeline_persistent] =====

--- RSS Fetch Errors at 2026-08-14 20:51:13 ---
Error fetching https://www.vice.com/feed/: HTTP Error 404: 
[20:52:25] Image_Downloader: Download failed (https://welovebudapest.com/assets/_empty.php): 404 Client Error: Not Found for url: https://welovebudapest.com/assets/_empty.php
[20:52:31] Image_Downloader: Download failed (https://welovebudapest.com/assets/_empty.php): 404 Client Error: Not Found for url: https://welovebudapest.com/assets/_empty.php

===== PIPELINE RUN START 2026-08-14T20:55:27 [run_pipeline_persistent] =====

--- RSS Fetch Errors at 2026-08-14 20:56:55 ---
Error fetching https://femina.hu/24ora/rss.xml: Failed to perform, curl: (28) Connection timed out after 10003 milliseconds. See https://curl.se/libcurl/c/libcurl-errors.html first for more details.
Error fetching https://sokszinuvidek.24.hu/feed/: Failed to perform, curl: (28) Connection timed out after 10003 milliseconds. See https://curl.se/libcurl/c/libcurl-errors.html first for more details.
[20:58:04] Image_Downloader: Download failed (https://welovebudapest.com/assets/_empty.php): 404 Client Error: Not Found for url: https://welovebudapest.com/assets/_empty.php
[20:58:10] Image_Downloader: Download failed (https://welovebudapest.com/assets/_empty.php): 404 Client Error: Not Found for url: https://welovebudapest.com/assets/_empty.php

===== PIPELINE RUN START 2026-08-14T21:00:29 [run_pipeline_persistent] =====
[21:03:34] Image_Downloader: Download failed (https://welovebudapest.com/assets/_empty.php): 404 Client Error: Not Found for url: https://welovebudapest.com/assets/_empty.php
[21:03:41] Image_Downloader: Download failed (https://welovebudapest.com/assets/_empty.php): 404 Client Error: Not Found for url: https://welovebudapest.com/assets/_empty.php

===== PIPELINE RUN START 2026-08-14T21:05:30 [run_pipeline_persistent] =====

--- RSS Fetch Errors at 2026-08-14 21:07:08 ---
Error fetching https://www.economx.hu/feed: Failed to perform, curl: (28) Resolving timed out after 10002 milliseconds. See https://curl.se/libcurl/c/libcurl-errors.html first for more details.
Error fetching https://www.hwsw.hu/xml/latest_news_rss.xml: Failed to perform, curl: (28) Connection timed out after 10000 milliseconds. See https://curl.se/libcurl/c/libcurl-errors.html first for more details.
Error fetching https://roadster.hu/feed: Failed to perform, curl: (28) Connection timed out after 10003 milliseconds. See https://curl.se/libcurl/c/libcurl-errors.html first for more details.
Error fetching https://www.maxim.com/feed: Failed to perform, curl: (28) Operation timed out after 25003 milliseconds with 0 bytes received. See https://curl.se/libcurl/c/libcurl-errors.html first for more details.
[21:08:52] Image_Downloader: Download failed (https://welovebudapest.com/assets/_empty.php): 404 Client Error: Not Found for url: https://welovebudapest.com/assets/_empty.php
[21:08:58] Image_Downloader: Download failed (https://welovebudapest.com/assets/_empty.php): 404 Client Error: Not Found for url: https://welovebudapest.com/assets/_empty.php

===== PIPELINE RUN START 2026-08-14T21:10:32 [run_pipeline_persistent] =====

--- RSS Fetch Errors at 2026-08-14 21:11:57 ---
Error fetching https://femina.hu/24ora/rss.xml: Failed to perform, curl: (28) Connection timed out after 10002 milliseconds. See https://curl.se/libcurl/c/libcurl-errors.html first for more details.
Error fetching https://www.playboy.com/read/sex-relationships/feed: Failed to perform, curl: (28) Connection timed out after 10003 milliseconds. See https://curl.se/libcurl/c/libcurl-errors.html first for more details.
Error fetching https://player.hu/feed: Failed to perform, curl: (28) Connection timed out after 10003 milliseconds. See https://curl.se/libcurl/c/libcurl-errors.html first for more details.
[21:13:41] Image_Downloader: Download failed (https://welovebudapest.com/assets/_empty.php): 404 Client Error: Not Found for url: https://welovebudapest.com/assets/_empty.php
[21:13:47] Image_Downloader: Download failed (https://welovebudapest.com/assets/_empty.php): 404 Client Error: Not Found for url: https://welovebudapest.com/assets/_empty.php

===== PIPELINE RUN START 2026-08-14T21:15:34 [run_pipeline_persistent] =====
[21:18:53] Image_Downloader: Download failed (https://welovebudapest.com/assets/_empty.php): 404 Client Error: Not Found for url: https://welovebudapest.com/assets/_empty.php
[21:18:59] Image_Downloader: Download failed (https://welovebudapest.com/assets/_empty.php): 404 Client Error: Not Found for url: https://welovebudapest.com/assets/_empty.php

===== PIPELINE RUN START 2026-08-14T21:20:35 [run_pipeline_persistent] =====

--- RSS Fetch Errors at 2026-08-14 21:22:08 ---
Error fetching https://www.hwsw.hu/xml/latest_news_rss.xml: Failed to perform, curl: (28) Connection timed out after 10003 milliseconds. See https://curl.se/libcurl/c/libcurl-errors.html first for more details.
Error fetching https://azutazo.hu/feed: Failed to perform, curl: (28) Resolving timed out after 10003 milliseconds. See https://curl.se/libcurl/c/libcurl-errors.html first for more details.
Error fetching https://sokszinuvidek.24.hu/?oembed=true&format=xml&url=https%3A%2F%2Fsokszinuvidek.24.hu%2F: Failed to perform, curl: (28) Connection timed out after 10003 milliseconds. See https://curl.se/libcurl/c/libcurl-errors.html first for more details.
[21:23:54] Image_Downloader: Download failed (https://welovebudapest.com/assets/_empty.php): 404 Client Error: Not Found for url: https://welovebudapest.com/assets/_empty.php
[21:24:00] Image_Downloader: Download failed (https://welovebudapest.com/assets/_empty.php): 404 Client Error: Not Found for url: https://welovebudapest.com/assets/_empty.php

===== PIPELINE RUN START 2026-08-14T21:25:37 [run_pipeline_persistent] =====

--- RSS Fetch Errors at 2026-08-14 21:27:06 ---
Error fetching https://www.economx.hu/feed: Failed to perform, curl: (28) Connection timed out after 10003 milliseconds. See https://curl.se/libcurl/c/libcurl-errors.html first for more details.
[21:29:01] Image_Downloader: Download failed (https://welovebudapest.com/assets/_empty.php): 404 Client Error: Not Found for url: https://welovebudapest.com/assets/_empty.php
[21:29:08] Image_Downloader: Download failed (https://welovebudapest.com/assets/_empty.php): 404 Client Error: Not Found for url: https://welovebudapest.com/assets/_empty.php

===== PIPELINE RUN START 2026-08-14T21:30:38 [run_pipeline_persistent] =====

--- RSS Fetch Errors at 2026-08-14 21:32:04 ---
Error fetching https://starity.hu/magazin/rss/: Failed to perform, curl: (28) Connection timed out after 10002 milliseconds. See https://curl.se/libcurl/c/libcurl-errors.html first for more details.
Error fetching https://index.hu/tudomany/til/rss/: Failed to perform, curl: (28) Connection timed out after 10003 milliseconds. See https://curl.se/libcurl/c/libcurl-errors.html first for more details.
[21:33:44] Image_Downloader: Download failed (https://welovebudapest.com/assets/_empty.php): 404 Client Error: Not Found for url: https://welovebudapest.com/assets/_empty.php
[21:33:50] Image_Downloader: Download failed (https://welovebudapest.com/assets/_empty.php): 404 Client Error: Not Found for url: https://welovebudapest.com/assets/_empty.php

===== PIPELINE RUN START 2026-08-14T21:35:40 [run_pipeline_persistent] =====
[21:38:45] Image_Downloader: Download failed (https://welovebudapest.com/assets/_empty.php): 404 Client Error: Not Found for url: https://welovebudapest.com/assets/_empty.php
[21:38:52] Image_Downloader: Download failed (https://welovebudapest.com/assets/_empty.php): 404 Client Error: Not Found for url: https://welovebudapest.com/assets/_empty.php

===== PIPELINE RUN START 2026-08-14T21:40:42 [run_pipeline_persistent] =====

--- RSS Fetch Errors at 2026-08-14 21:42:08 ---
Error fetching https://femina.hu/24ora/rss.xml: Failed to perform, curl: (28) Connection timed out after 10001 milliseconds. See https://curl.se/libcurl/c/libcurl-errors.html first for more details.
[21:43:55] Image_Downloader: Download failed (https://welovebudapest.com/assets/_empty.php): 404 Client Error: Not Found for url: https://welovebudapest.com/assets/_empty.php
[21:44:01] Image_Downloader: Download failed (https://welovebudapest.com/assets/_empty.php): 404 Client Error: Not Found for url: https://welovebudapest.com/assets/_empty.php

===== PIPELINE RUN START 2026-08-14T21:45:44 [run_pipeline_persistent] =====

--- RSS Fetch Errors at 2026-08-14 21:47:13 ---
Error fetching https://player.hu/feed: Failed to perform, curl: (28) Connection timed out after 10002 milliseconds. See https://curl.se/libcurl/c/libcurl-errors.html first for more details.
Error fetching https://www.playboy.com/read/sex-relationships/feed: Failed to perform, curl: (28) Connection timed out after 10003 milliseconds. See https://curl.se/libcurl/c/libcurl-errors.html first for more details.
Error fetching https://sokszinuvidek.24.hu/feed/: Failed to perform, curl: (28) Connection timed out after 10001 milliseconds. See https://curl.se/libcurl/c/libcurl-errors.html first for more details.
Error fetching https://azutazo.hu/feed: Failed to perform, curl: (28) Operation timed out after 25002 milliseconds with 0 bytes received. See https://curl.se/libcurl/c/libcurl-errors.html first for more details.
[21:48:58] Image_Downloader: Download failed (https://welovebudapest.com/assets/_empty.php): 404 Client Error: Not Found for url: https://welovebudapest.com/assets/_empty.php
[21:49:04] Image_Downloader: Download failed (https://welovebudapest.com/assets/_empty.php): 404 Client Error: Not Found for url: https://welovebudapest.com/assets/_empty.php

===== PIPELINE RUN START 2026-08-14T21:50:46 [run_pipeline_persistent] =====
[21:54:09] Image_Downloader: Download failed (https://welovebudapest.com/assets/_empty.php): 404 Client Error: Not Found for url: https://welovebudapest.com/assets/_empty.php
[21:54:15] Image_Downloader: Download failed (https://welovebudapest.com/assets/_empty.php): 404 Client Error: Not Found for url: https://welovebudapest.com/assets/_empty.php

===== PIPELINE RUN START 2026-08-14T21:55:47 [run_pipeline_persistent] =====

--- RSS Fetch Errors at 2026-08-14 21:57:17 ---
Error fetching https://www.economx.hu/feed: Failed to perform, curl: (28) Connection timed out after 10003 milliseconds. See https://curl.se/libcurl/c/libcurl-errors.html first for more details.
Error fetching https://www.hwsw.hu/xml/latest_news_rss.xml: Failed to perform, curl: (28) Connection timed out after 10003 milliseconds. See https://curl.se/libcurl/c/libcurl-errors.html first for more details.
Error fetching https://starity.hu/magazin/rss/: Failed to perform, curl: (28) Connection timed out after 10003 milliseconds. See https://curl.se/libcurl/c/libcurl-errors.html first for more details.
[21:58:55] Image_Downloader: Download failed (https://welovebudapest.com/assets/_empty.php): 404 Client Error: Not Found for url: https://welovebudapest.com/assets/_empty.php
[21:59:01] Image_Downloader: Download failed (https://welovebudapest.com/assets/_empty.php): 404 Client Error: Not Found for url: https://welovebudapest.com/assets/_empty.php

===== PIPELINE RUN START 2026-08-14T22:00:49 [run_pipeline_persistent] =====
[22:03:19] Image_Downloader: Download failed (https://welovebudapest.com/assets/_empty.php): 404 Client Error: Not Found for url: https://welovebudapest.com/assets/_empty.php
[22:03:25] Image_Downloader: Download failed (https://welovebudapest.com/assets/_empty.php): 404 Client Error: Not Found for url: https://welovebudapest.com/assets/_empty.php

===== PIPELINE RUN START 2026-08-14T22:05:51 [run_pipeline_persistent] =====
[22:09:08] Image_Downloader: Download failed (https://welovebudapest.com/assets/_empty.php): 404 Client Error: Not Found for url: https://welovebudapest.com/assets/_empty.php
[22:09:15] Image_Downloader: Download failed (https://welovebudapest.com/assets/_empty.php): 404 Client Error: Not Found for url: https://welovebudapest.com/assets/_empty.php

===== PIPELINE RUN START 2026-08-14T22:10:53 [run_pipeline_persistent] =====
[22:13:49] Image_Downloader: Download failed (https://welovebudapest.com/assets/_empty.php): 404 Client Error: Not Found for url: https://welovebudapest.com/assets/_empty.php
[22:13:56] Image_Downloader: Download failed (https://welovebudapest.com/assets/_empty.php): 404 Client Error: Not Found for url: https://welovebudapest.com/assets/_empty.php

===== PIPELINE RUN START 2026-08-14T22:15:55 [run_pipeline_persistent] =====
[22:19:34] Image_Downloader: Download failed (https://welovebudapest.com/assets/_empty.php): 404 Client Error: Not Found for url: https://welovebudapest.com/assets/_empty.php
[22:19:40] Image_Downloader: Download failed (https://welovebudapest.com/assets/_empty.php): 404 Client Error: Not Found for url: https://welovebudapest.com/assets/_empty.php

===== PIPELINE RUN START 2026-08-14T22:20:56 [run_pipeline_persistent] =====

--- RSS Fetch Errors at 2026-08-14 22:22:38 ---
Error fetching https://femina.hu/24ora/rss.xml: Failed to perform, curl: (28) Connection timed out after 10003 milliseconds. See https://curl.se/libcurl/c/libcurl-errors.html first for more details.
Error fetching https://www.maxim.com/feed: Failed to perform, curl: (28) Connection timed out after 10001 milliseconds. See https://curl.se/libcurl/c/libcurl-errors.html first for more details.
Error fetching https://www.hwsw.hu/xml/latest_news_rss.xml: Failed to perform, curl: (28) Connection timed out after 10003 milliseconds. See https://curl.se/libcurl/c/libcurl-errors.html first for more details.
Error fetching https://mafab.hu/rss: Failed to perform, curl: (28) Connection timed out after 10003 milliseconds. See https://curl.se/libcurl/c/libcurl-errors.html first for more details.
[22:25:16] Image_Downloader: Download failed (https://welovebudapest.com/assets/_empty.php): 404 Client Error: Not Found for url: https://welovebudapest.com/assets/_empty.php
[22:25:22] Image_Downloader: Download failed (https://welovebudapest.com/assets/_empty.php): 404 Client Error: Not Found for url: https://welovebudapest.com/assets/_empty.php

===== PIPELINE RUN START 2026-08-14T22:25:57 [run_pipeline_persistent] =====
[22:29:04] Image_Downloader: Download failed (https://welovebudapest.com/assets/_empty.php): 404 Client Error: Not Found for url: https://welovebudapest.com/assets/_empty.php
[22:29:10] Image_Downloader: Download failed (https://welovebudapest.com/assets/_empty.php): 404 Client Error: Not Found for url: https://welovebudapest.com/assets/_empty.php

===== PIPELINE RUN START 2026-08-14T22:30:58 [run_pipeline_persistent] =====
[22:35:10] Image_Downloader: Download failed (https://welovebudapest.com/assets/_empty.php): 404 Client Error: Not Found for url: https://welovebudapest.com/assets/_empty.php
[22:35:16] Image_Downloader: Download failed (https://welovebudapest.com/assets/_empty.php): 404 Client Error: Not Found for url: https://welovebudapest.com/assets/_empty.php

===== PIPELINE RUN START 2026-08-14T22:35:59 [run_pipeline_persistent] =====

--- RSS Fetch Errors at 2026-08-14 22:37:32 ---
Error fetching https://www.economx.hu/feed: Failed to perform, curl: (28) Connection timed out after 10002 milliseconds. See https://curl.se/libcurl/c/libcurl-errors.html first for more details.
Error fetching https://femina.hu/24ora/rss.xml: Failed to perform, curl: (28) Connection timed out after 10002 milliseconds. See https://curl.se/libcurl/c/libcurl-errors.html first for more details.
Error fetching https://sorozatjunkie.hu/feed: Failed to perform, curl: (28) Connection timed out after 10001 milliseconds. See https://curl.se/libcurl/c/libcurl-errors.html first for more details.
Error fetching https://index.hu/tudomany/til/rss/: Failed to perform, curl: (28) Connection timed out after 10002 milliseconds. See https://curl.se/libcurl/c/libcurl-errors.html first for more details.
Error fetching https://sokszinuvidek.24.hu/?oembed=true&format=xml&url=https%3A%2F%2Fsokszinuvidek.24.hu%2F: Failed to perform, curl: (28) Operation timed out after 25003 milliseconds with 0 bytes received. See https://curl.se/libcurl/c/libcurl-errors.html first for more details.
[22:39:45] Image_Downloader: Download failed (https://welovebudapest.com/assets/_empty.php): 404 Client Error: Not Found for url: https://welovebudapest.com/assets/_empty.php
[22:39:51] Image_Downloader: Download failed (https://welovebudapest.com/assets/_empty.php): 404 Client Error: Not Found for url: https://welovebudapest.com/assets/_empty.php

===== PIPELINE RUN START 2026-08-14T22:41:00 [run_pipeline_persistent] =====

--- RSS Fetch Errors at 2026-08-14 22:42:25 ---
Error fetching https://www.playboy.com/read/sex-relationships/feed: Failed to perform, curl: (28) Connection timed out after 10002 milliseconds. See https://curl.se/libcurl/c/libcurl-errors.html first for more details.
[22:44:41] Image_Downloader: Download failed (https://welovebudapest.com/assets/_empty.php): 404 Client Error: Not Found for url: https://welovebudapest.com/assets/_empty.php
[22:44:47] Image_Downloader: Download failed (https://welovebudapest.com/assets/_empty.php): 404 Client Error: Not Found for url: https://welovebudapest.com/assets/_empty.php

===== PIPELINE RUN START 2026-08-14T22:46:01 [run_pipeline_persistent] =====

--- RSS Fetch Errors at 2026-08-14 22:47:27 ---
Error fetching https://femina.hu/24ora/rss.xml: Failed to perform, curl: (28) Connection timed out after 10003 milliseconds. See https://curl.se/libcurl/c/libcurl-errors.html first for more details.
Error fetching https://www.hwsw.hu/xml/latest_news_rss.xml: Failed to perform, curl: (28) Connection timed out after 10002 milliseconds. See https://curl.se/libcurl/c/libcurl-errors.html first for more details.
[22:49:40] Image_Downloader: Download failed (https://welovebudapest.com/assets/_empty.php): 404 Client Error: Not Found for url: https://welovebudapest.com/assets/_empty.php
[22:49:46] Image_Downloader: Download failed (https://welovebudapest.com/assets/_empty.php): 404 Client Error: Not Found for url: https://welovebudapest.com/assets/_empty.php

===== PIPELINE RUN START 2026-08-14T22:51:03 [run_pipeline_persistent] =====
[22:54:02] Image_Downloader: Download failed (https://welovebudapest.com/assets/_empty.php): 404 Client Error: Not Found for url: https://welovebudapest.com/assets/_empty.php
[22:54:08] Image_Downloader: Download failed (https://welovebudapest.com/assets/_empty.php): 404 Client Error: Not Found for url: https://welovebudapest.com/assets/_empty.php

===== PIPELINE RUN START 2026-08-14T22:56:05 [run_pipeline_persistent] =====

--- RSS Fetch Errors at 2026-08-14 22:57:45 ---
Error fetching https://www.economx.hu/feed: Failed to perform, curl: (28) Connection timed out after 10003 milliseconds. See https://curl.se/libcurl/c/libcurl-errors.html first for more details.
[23:00:20] Image_Downloader: Download failed (https://welovebudapest.com/assets/_empty.php): 404 Client Error: Not Found for url: https://welovebudapest.com/assets/_empty.php
[23:00:26] Image_Downloader: Download failed (https://welovebudapest.com/assets/_empty.php): 404 Client Error: Not Found for url: https://welovebudapest.com/assets/_empty.php

===== PIPELINE RUN START 2026-08-14T23:01:05 [run_pipeline_persistent] =====
[23:04:12] Image_Downloader: Download failed (https://welovebudapest.com/assets/_empty.php): 404 Client Error: Not Found for url: https://welovebudapest.com/assets/_empty.php
[23:04:19] Image_Downloader: Download failed (https://welovebudapest.com/assets/_empty.php): 404 Client Error: Not Found for url: https://welovebudapest.com/assets/_empty.php

===== PIPELINE RUN START 2026-08-14T23:06:07 [run_pipeline_persistent] =====

--- RSS Fetch Errors at 2026-08-14 23:07:35 ---
Error fetching https://sorozatjunkie.hu/feed: Failed to perform, curl: (28) Connection timed out after 10002 milliseconds. See https://curl.se/libcurl/c/libcurl-errors.html first for more details.
[23:10:01] Image_Downloader: Download failed (https://welovebudapest.com/assets/_empty.php): 404 Client Error: Not Found for url: https://welovebudapest.com/assets/_empty.php
[23:10:07] Image_Downloader: Download failed (https://welovebudapest.com/assets/_empty.php): 404 Client Error: Not Found for url: https://welovebudapest.com/assets/_empty.php

===== PIPELINE RUN START 2026-08-14T23:11:08 [run_pipeline_persistent] =====

--- RSS Fetch Errors at 2026-08-14 23:13:15 ---
Error fetching https://www.hwsw.hu/xml/latest_news_rss.xml: Failed to perform, curl: (28) Connection timed out after 10001 milliseconds. See https://curl.se/libcurl/c/libcurl-errors.html first for more details.
Error fetching https://sokszinuvidek.24.hu/?oembed=true&format=xml&url=https%3A%2F%2Fsokszinuvidek.24.hu%2F: Failed to perform, curl: (28) Connection timed out after 10002 milliseconds. See https://curl.se/libcurl/c/libcurl-errors.html first for more details.
Error fetching https://wallstreetzen.com/blog/feed/: Failed to perform, curl: (28) Connection timed out after 10003 milliseconds. See https://curl.se/libcurl/c/libcurl-errors.html first for more details.
Error fetching https://www.maxim.com/feed: Failed to perform, curl: (28) Operation timed out after 25004 milliseconds with 0 bytes received. See https://curl.se/libcurl/c/libcurl-errors.html first for more details.
[23:15:38] Image_Downloader: Download failed (https://welovebudapest.com/assets/_empty.php): 404 Client Error: Not Found for url: https://welovebudapest.com/assets/_empty.php
[23:15:44] Image_Downloader: Download failed (https://welovebudapest.com/assets/_empty.php): 404 Client Error: Not Found for url: https://welovebudapest.com/assets/_empty.php

===== PIPELINE RUN START 2026-08-14T23:16:08 [run_pipeline_persistent] =====

--- RSS Fetch Errors at 2026-08-14 23:17:34 ---
Error fetching https://www.playboy.com/read/celebrities/feed: Failed to perform, curl: (28) Connection timed out after 10003 milliseconds. See https://curl.se/libcurl/c/libcurl-errors.html first for more details.
[23:19:55] Image_Downloader: Download failed (https://welovebudapest.com/assets/_empty.php): 404 Client Error: Not Found for url: https://welovebudapest.com/assets/_empty.php
[23:20:01] Image_Downloader: Download failed (https://welovebudapest.com/assets/_empty.php): 404 Client Error: Not Found for url: https://welovebudapest.com/assets/_empty.php

===== PIPELINE RUN START 2026-08-14T23:21:09 [run_pipeline_persistent] =====

--- RSS Fetch Errors at 2026-08-14 23:22:34 ---
Error fetching https://femina.hu/24ora/rss.xml: Failed to perform, curl: (28) Connection timed out after 10003 milliseconds. See https://curl.se/libcurl/c/libcurl-errors.html first for more details.
[23:24:55] Image_Downloader: Download failed (https://welovebudapest.com/assets/_empty.php): 404 Client Error: Not Found for url: https://welovebudapest.com/assets/_empty.php
[23:25:01] Image_Downloader: Download failed (https://welovebudapest.com/assets/_empty.php): 404 Client Error: Not Found for url: https://welovebudapest.com/assets/_empty.php

===== PIPELINE RUN START 2026-08-14T23:26:10 [run_pipeline_persistent] =====
[23:30:51] Image_Downloader: Download failed (https://welovebudapest.com/assets/_empty.php): 404 Client Error: Not Found for url: https://welovebudapest.com/assets/_empty.php
[23:30:57] Image_Downloader: Download failed (https://welovebudapest.com/assets/_empty.php): 404 Client Error: Not Found for url: https://welovebudapest.com/assets/_empty.php

===== PIPELINE RUN START 2026-08-14T23:31:10 [run_pipeline_persistent] =====

--- RSS Fetch Errors at 2026-08-14 23:32:40 ---
Error fetching https://www.economx.hu/feed: Failed to perform, curl: (28) Connection timed out after 10003 milliseconds. See https://curl.se/libcurl/c/libcurl-errors.html first for more details.
Error fetching https://femina.hu/24ora/rss.xml: Failed to perform, curl: (28) Connection timed out after 10003 milliseconds. See https://curl.se/libcurl/c/libcurl-errors.html first for more details.
Error fetching https://www.hwsw.hu/xml/latest_news_rss.xml: Failed to perform, curl: (28) Connection timed out after 10003 milliseconds. See https://curl.se/libcurl/c/libcurl-errors.html first for more details.
Error fetching https://www.playboy.com/read/celebrities/feed: Failed to perform, curl: (28) Connection timed out after 10002 milliseconds. See https://curl.se/libcurl/c/libcurl-errors.html first for more details.
[23:35:26] Image_Downloader: Download failed (https://welovebudapest.com/assets/_empty.php): 404 Client Error: Not Found for url: https://welovebudapest.com/assets/_empty.php
[23:35:32] Image_Downloader: Download failed (https://welovebudapest.com/assets/_empty.php): 404 Client Error: Not Found for url: https://welovebudapest.com/assets/_empty.php

===== PIPELINE RUN START 2026-08-14T23:36:11 [run_pipeline_persistent] =====
[23:40:27] Image_Downloader: Download failed (https://welovebudapest.com/assets/_empty.php): 404 Client Error: Not Found for url: https://welovebudapest.com/assets/_empty.php
[23:40:34] Image_Downloader: Download failed (https://welovebudapest.com/assets/_empty.php): 404 Client Error: Not Found for url: https://welovebudapest.com/assets/_empty.php

===== PIPELINE RUN START 2026-08-14T23:41:12 [run_pipeline_persistent] =====
[23:45:28] Image_Downloader: Download failed (https://welovebudapest.com/assets/_empty.php): 404 Client Error: Not Found for url: https://welovebudapest.com/assets/_empty.php
[23:45:34] Image_Downloader: Download failed (https://welovebudapest.com/assets/_empty.php): 404 Client Error: Not Found for url: https://welovebudapest.com/assets/_empty.php

===== PIPELINE RUN START 2026-08-14T23:46:13 [run_pipeline_persistent] =====
[23:50:39] Image_Downloader: Download failed (https://welovebudapest.com/assets/_empty.php): 404 Client Error: Not Found for url: https://welovebudapest.com/assets/_empty.php
[23:50:45] Image_Downloader: Download failed (https://welovebudapest.com/assets/_empty.php): 404 Client Error: Not Found for url: https://welovebudapest.com/assets/_empty.php

===== PIPELINE RUN START 2026-08-14T23:51:13 [run_pipeline_persistent] =====
[23:55:20] Image_Downloader: Download failed (https://welovebudapest.com/assets/_empty.php): 404 Client Error: Not Found for url: https://welovebudapest.com/assets/_empty.php
[23:55:26] Image_Downloader: Download failed (https://welovebudapest.com/assets/_empty.php): 404 Client Error: Not Found for url: https://welovebudapest.com/assets/_empty.php

===== PIPELINE RUN START 2026-08-14T23:56:14 [run_pipeline_persistent] =====
[00:00:15] Image_Downloader: Download failed (https://welovebudapest.com/assets/_empty.php): 404 Client Error: Not Found for url: https://welovebudapest.com/assets/_empty.php
[00:00:22] Image_Downloader: Download failed (https://welovebudapest.com/assets/_empty.php): 404 Client Error: Not Found for url: https://welovebudapest.com/assets/_empty.php
