
--- RSS Fetch Errors at 2026-07-31 00:38:27 ---
Error fetching https://techpowerup.com/rss/news: HTTP Error 403: 
Error fetching https://www.drive.com.au/feed/: HTTP Error 403: 
Error fetching https://leetgaming.com/feed/: Failed to perform, curl: (28) Connection timed out after 10002 milliseconds. See https://curl.se/libcurl/c/libcurl-errors.html first for more details.
Error fetching https://velvet.hu/feed: HTTP Error 404: Not Found
Error fetching https://cliffhanger.hu/feed: HTTP Error 403: 
Error fetching https://instylemen.hu/feed: HTTP Error 404: 
Error fetching https://femina.hu/feed: HTTP Error 404: Not Found
Error fetching https://www.economx.hu/feed: Failed to perform, curl: (28) Connection timed out after 10003 milliseconds. See https://curl.se/libcurl/c/libcurl-errors.html first for more details.
Error fetching https://hwsw.hu/hirek/rss: Failed to perform, curl: (28) Connection timed out after 10002 milliseconds. See https://curl.se/libcurl/c/libcurl-errors.html first for more details.
[00:54:19] Summarizer: [DownloadWorker-0] SKIP (duplicate title): Christopher Nolan elárulta, miért írta á...
[00:54:32] Summarizer: [DownloadWorker-6] SKIP (duplicate title): Milk Road...
[00:54:38] Summarizer: [DownloadWorker-5] SKIP (duplicate title): Irányíthatatlanná vált a NASA teleszkópj...
[00:54:43] Summarizer: [Batch] 5 item(s) missing from response → marked for reprocessing
[00:54:52] Summarizer: [DownloadWorker-3] SKIP (duplicate title): Ben Affleck tarolt a Legyen Ön is millio...
[00:54:56] Summarizer: [DownloadWorker-2] SKIP (duplicate title): Túlfogyasztás napja: július 30-ára felél...
[00:54:57] Summarizer: [DownloadWorker-8] SKIP (duplicate title): Milk Road...
[00:54:57] Summarizer: [Batch] 3 item(s) missing from response → marked for reprocessing
[00:55:11] Summarizer: [DownloadWorker-4] SKIP (duplicate title): AT&#038;T vs. Verizon: Is It Time to Cho...
[00:55:12] Summarizer: [Batch] 2 item(s) missing from response → marked for reprocessing
[01:21:54] Summarizer: [DownloadWorker-7] SKIP (duplicate title): Ismét történelmi csúcson a magyar tőzsde...
[01:39:50] Summarizer: TIMEOUT (180s) - backend call took too long
[01:39:50] Summarizer: [Batch] No response from API (attempt 1/3)
[01:40:05] Summarizer: [Batch] 3 item(s) missing from response → marked for reprocessing
[01:55:11] Summarizer: TIMEOUT (180s) - backend call took too long
[01:55:11] Summarizer: [Batch] No response from API (attempt 1/3)
[01:55:13] Summarizer: TIMEOUT (180s) - backend call took too long
[01:55:13] Summarizer: [Batch] No response from API (attempt 1/3)
[02:10:57] Summarizer: [Batch] No response from API (attempt 1/3)
[02:10:57] Summarizer: [Batch] No response from API (attempt 1/3)
[02:10:57] Summarizer: [Batch] No response from API (attempt 1/3)
[02:11:22] Summarizer: [Batch] 2 item(s) missing from response → marked for reprocessing
[02:11:32] Summarizer: [Batch] Minor issues fixed: 1
[02:11:32] Summarizer: [MissingDetector] ⚠️ PAIRING FAIL: 'https://www.mafab.hu/hu/article/a-bosszuallok-5-forgatasan-erte-a-meglepetes-ian-mckellent-22' not found. KEEPING ITEM (Fallback).
[02:11:32] Summarizer: [Batch] 1 item(s) missing from response → marked for reprocessing
[02:11:32] Summarizer: [FreeGeminiAPI_3] ⚠️ PAIRING FAIL: 'https://www.mafab.hu/hu/article/a-bosszuallok-5-forgatasan-erte-a-meglepetes-ian-mckellent-22' not found. KEEPING ITEM (Fallback).
[02:11:33] Summarizer: [MissingDetector] ⚠️ PAIRING FAIL: 'https://www.pcwplus.hu/pcwlite/windows-hellokameravec-es-usbc-dokkoloval-jonnek-az-uj-philips-monitorok-385851.html' not found. KEEPING ITEM (Fallback).
[02:11:33] Summarizer: [Batch] 2 item(s) missing from response → marked for reprocessing
[02:11:33] Summarizer: [FreeGeminiAPI_2] ⚠️ PAIRING FAIL: 'https://www.pcwplus.hu/pcwlite/windows-hellokameravec-es-usbc-dokkoloval-jonnek-az-uj-philips-monitorok-385851.html' not found. KEEPING ITEM (Fallback).
[02:11:38] Summarizer: [Batch] 2 item(s) missing from response → marked for reprocessing
[02:28:08] Summarizer: [Batch] No response from API (attempt 1/3)
[02:28:08] Summarizer: [Batch] No response from API (attempt 1/3)
[02:28:08] Summarizer: [Batch] No response from API (attempt 1/3)
[02:28:24] Summarizer: [Batch] 2 item(s) missing from response → marked for reprocessing
[02:28:33] Summarizer: [Batch] 2 item(s) missing from response → marked for reprocessing
[02:45:50] Image_Downloader: Download failed (https://assets.telex.hu/images/20260730/1785446816-temp-n1kn6om4qde5akmfhbb_facebook.jpg): ('Connection aborted.', ConnectionResetError(54, 'Connection reset by peer'))
[02:45:59] Image_Downloader: Download failed (https://img.hvg.hu/Img/8133bb77-3fc3-490f-b374-cb198a0455cc/ec9ba355-b6b6-470d-8b76-0a5983b69af3.jpg): ("Connection broken: ConnectionResetError(54, 'Connection reset by peer')", ConnectionResetError(54, 'Connection reset by peer'))
[02:45:59] Summarizer: [Batch] No response from API (attempt 1/3)
[02:45:59] Summarizer: [Batch] No response from API (attempt 1/3)
[02:45:59] Summarizer: [Batch] No response from API (attempt 1/3)
[02:46:34] Summarizer: [MissingDetector] ⚠️ PAIRING FAIL: 'https://telex.hu/kulfold/2026/07/30/didier-gaspard-owen-maximilien-francia-fiu-szivoszalat-nyalogatott-szingapurbul' not found. KEEPING ITEM (Fallback).
[02:46:34] Summarizer: [Batch] 1 item(s) missing from response → marked for reprocessing
[02:46:34] Summarizer: [FreeGeminiAPI_2] ⚠️ PAIRING FAIL: 'https://telex.hu/kulfold/2026/07/30/didier-gaspard-owen-maximilien-francia-fiu-szivoszalat-nyalogatott-szingapurbul' not found. KEEPING ITEM (Fallback).
[02:46:34] Summarizer: [MissingDetector] ⚠️ PAIRING FAIL: 'https://telex.hu/gazdasag/20260730/bona-szabolcs-jeger-rendszer-kikapcsolas-jegkarelharito' not found. KEEPING ITEM (Fallback).
[02:46:34] Summarizer: [Batch] 1 item(s) missing from response → marked for reprocessing
[02:46:34] Summarizer: [FreeGeminiAPI_3] ⚠️ PAIRING FAIL: 'https://telex.hu/gazdasag/20260730/bona-szabolcs-jeger-rendszer-kikapcsolas-jegkarelharito' not found. KEEPING ITEM (Fallback).
[03:02:25] Summarizer: Reprocessing 4 pairing failures from data.json

--- RSS Fetch Errors at 2026-07-31 04:08:08 ---
Error fetching https://techpowerup.com/rss/news: HTTP Error 403: 
Error fetching https://www.drive.com.au/feed/: HTTP Error 403: 
Error fetching https://leetgaming.com/feed/: Failed to perform, curl: (28) Connection timed out after 10003 milliseconds. See https://curl.se/libcurl/c/libcurl-errors.html first for more details.
Error fetching https://cliffhanger.hu/feed: HTTP Error 403: 
Error fetching https://velvet.hu/feed: HTTP Error 404: Not Found
Error fetching https://femina.hu/feed: HTTP Error 404: Not Found
Error fetching https://hwsw.hu/hirek/rss: HTTP Error 404: 
Error fetching https://instylemen.hu/feed: HTTP Error 404: 
[04:08:18] Summarizer: [DownloadWorker-2] SKIP (duplicate title): Windows Hello-kamerával és USB-C dokkoló...
[04:08:19] Summarizer: [Batch] 2 item(s) missing from response → marked for reprocessing
[04:08:20] Summarizer: [DownloadWorker-3] SKIP (duplicate title): A hatos lottó e heti nyerőszámai...
[04:08:21] Summarizer: [DownloadWorker-8] SKIP (duplicate title): A Star Trek: Strange New Worlds 3. évadj...
[04:08:21] Summarizer: [DownloadWorker-9] SKIP (duplicate title): I Drove An Original Tesla Model S To See...
[04:08:22] Summarizer: [DownloadWorker-3] SKIP (duplicate title): Best Blazers For Men 2026: Top Styles Th...
[04:08:27] Summarizer: [Batch] 2 item(s) missing from response → marked for reprocessing
[04:08:30] Summarizer: [DownloadWorker-9] SKIP (duplicate title): Leállítják a jégelhárító JÉGER-rendszert...
[04:08:35] Summarizer: [Batch] 3 item(s) missing from response → marked for reprocessing
[04:08:45] Summarizer: [MissingDetector] ⚠️ PAIRING FAIL: 'https://www.economx.hu/kulfold/kiszaradas-hajozhatatlan-francia-svajci-hatar-brenets-t-o/' not found. KEEPING ITEM (Fallback).
[04:08:45] Summarizer: [Batch] 1 item(s) missing from response → marked for reprocessing
[04:08:45] Summarizer: [FreeGeminiAPI_1] ⚠️ PAIRING FAIL: 'https://www.economx.hu/kulfold/kiszaradas-hajozhatatlan-francia-svajci-hatar-brenets-t-o/' not found. KEEPING ITEM (Fallback).
[04:26:25] Summarizer: Reprocessing 1 pairing failures from data.json
[04:42:22] Image_Downloader: Download failed (https://raw.githubusercontent.com/Derushir/Kepek/main/67c6357751300334f52e35f893ac854f/news/budapesti-szallal-folytatodhat-a-tavoli-varos-cimu-torok-sik.webp): 404 Client Error: Not Found for url: https://raw.githubusercontent.com/Derushir/Kepek/main/67c6357751300334f52e35f893ac854f/news/budapesti-szallal-folytatodhat-a-tavoli-varos-cimu-torok-sik.webp
[04:42:23] Image_Downloader: Download failed (https://raw.githubusercontent.com/Derushir/Kepek/main/67c6357751300334f52e35f893ac854f/news/penzbuntetest-kapott-egy-francia-diak-szingapurban-amiert-me.jpg): 404 Client Error: Not Found for url: https://raw.githubusercontent.com/Derushir/Kepek/main/67c6357751300334f52e35f893ac854f/news/penzbuntetest-kapott-egy-francia-diak-szingapurban-amiert-me.jpg
[04:42:24] Image_Downloader: Download failed (https://raw.githubusercontent.com/Derushir/Kepek/main/67c6357751300334f52e35f893ac854f/news/meg-mindig-versenykepes-a-2015-os-tesla-model-s-2026-ban.jpg): 404 Client Error: Not Found for url: https://raw.githubusercontent.com/Derushir/Kepek/main/67c6357751300334f52e35f893ac854f/news/meg-mindig-versenykepes-a-2015-os-tesla-model-s-2026-ban.jpg
[04:42:25] Image_Downloader: Download failed (https://economx.hu/gimg/860/538/1/hirek/2023/08/brenets-to-aszaly.jpg): 404 Client Error: Not Found for url: https://www.economx.hu/gimg/860/538/1/hirek/2023/08/brenets-to-aszaly.jpg
[04:42:27] Image_Downloader: Download failed (https://raw.githubusercontent.com/Derushir/Kepek/main/67c6357751300334f52e35f893ac854f/news/tiz-ev-utan-uj-decathlon-aruhaz-nyilik-obudan.jpg): 404 Client Error: Not Found for url: https://raw.githubusercontent.com/Derushir/Kepek/main/67c6357751300334f52e35f893ac854f/news/tiz-ev-utan-uj-decathlon-aruhaz-nyilik-obudan.jpg
[04:42:30] Image_Downloader: Download failed (https://raw.githubusercontent.com/Derushir/Kepek/main/67c6357751300334f52e35f893ac854f/news/augusztusban-zarul-az-electronic-arts-55-milliard-dollaros-f.jpg): 404 Client Error: Not Found for url: https://raw.githubusercontent.com/Derushir/Kepek/main/67c6357751300334f52e35f893ac854f/news/augusztusban-zarul-az-electronic-arts-55-milliard-dollaros-f.jpg
[04:42:34] Image_Downloader: Download failed (https://raw.githubusercontent.com/Derushir/Kepek/main/67c6357751300334f52e35f893ac854f/news/uj-philips-uzleti-monitorok-erkeztek-windows-hello-kameraval.png): HTTPSConnectionPool(host='raw.githubusercontent.com', port=443): Read timed out. (read timeout=5)
[04:42:37] Image_Downloader: Download failed (https://raw.githubusercontent.com/Derushir/Kepek/main/67c6357751300334f52e35f893ac854f/news/jelentos-portfolio-atrendezest-hajtott-vegre-a-cathie-wood-v.jpg): HTTPSConnectionPool(host='raw.githubusercontent.com', port=443): Read timed out. (read timeout=5)
[04:42:41] Image_Downloader: Download failed (https://raw.githubusercontent.com/Derushir/Kepek/main/67c6357751300334f52e35f893ac854f/news/a-luxusorak-vilaga-szakertoi-interju-lakatos-zsolttal.png): HTTPSConnectionPool(host='raw.githubusercontent.com', port=443): Read timed out. (read timeout=5)
[04:42:41] Image_Downloader: Download failed (https://raw.githubusercontent.com/Derushir/Kepek/main/67c6357751300334f52e35f893ac854f/news/hibrid-munkavegzest-es-rugalmassagot-kovetelnek-a-mai-egyete.jpg): HTTPSConnectionPool(host='raw.githubusercontent.com', port=443): Read timed out. (read timeout=5)

--- RSS Fetch Errors at 2026-07-31 06:34:59 ---
Error fetching https://techpowerup.com/rss/news: HTTP Error 403: 
Error fetching https://www.drive.com.au/feed/: HTTP Error 403: 
Error fetching https://leetgaming.com/feed/: Failed to perform, curl: (28) Connection timed out after 10003 milliseconds. See https://curl.se/libcurl/c/libcurl-errors.html first for more details.
Error fetching https://velvet.hu/feed: HTTP Error 404: Not Found
Error fetching https://femina.hu/feed: HTTP Error 404: Not Found
Error fetching https://instylemen.hu/feed: HTTP Error 404: 
Error fetching https://cliffhanger.hu/feed: HTTP Error 403: 
Error fetching https://hwsw.hu/hirek/rss: HTTP Error 404: 
Error fetching https://index.hu/tudomany/til/rss/: Failed to perform, curl: (28) Connection timed out after 10003 milliseconds. See https://curl.se/libcurl/c/libcurl-errors.html first for more details.
Error fetching https://bankless.com/feed: Failed to perform, curl: (28) Operation timed out after 25744 milliseconds with 0 bytes received. See https://curl.se/libcurl/c/libcurl-errors.html first for more details.
[06:35:07] Summarizer: [DownloadWorker-0] SKIP (duplicate title): Kiszáradt a népszerű alpesi tó, munka né...
[06:35:13] Summarizer: [Batch] 1 item(s) missing from response → marked for reprocessing
[06:53:45] Summarizer: [Batch] 2 item(s) missing from response → marked for reprocessing

--- RSS Fetch Errors at 2026-07-31 07:11:38 ---
Error fetching https://techpowerup.com/rss/news: HTTP Error 403: 
Error fetching https://www.drive.com.au/feed/: HTTP Error 403: 
Error fetching https://leetgaming.com/feed/: Failed to perform, curl: (28) Connection timed out after 10003 milliseconds. See https://curl.se/libcurl/c/libcurl-errors.html first for more details.
Error fetching https://femina.hu/feed: HTTP Error 404: Not Found
Error fetching https://prog.hu/hirek/rss: Failed to perform, curl: (28) Operation timed out after 939856 milliseconds with 0 bytes received. See https://curl.se/libcurl/c/libcurl-errors.html first for more details.
Error fetching https://marieclaire.hu/feed: Failed to perform, curl: (28) Resolving timed out after 939856 milliseconds. See https://curl.se/libcurl/c/libcurl-errors.html first for more details.
Error fetching https://fhm.com/feed: Failed to perform, curl: (28) Resolving timed out after 939852 milliseconds. See https://curl.se/libcurl/c/libcurl-errors.html first for more details.
Error fetching https://d3e5kp2e91w0k0.cloudfront.net/favicon.svg: Failed to perform, curl: (28) Resolving timed out after 939852 milliseconds. See https://curl.se/libcurl/c/libcurl-errors.html first for more details.
Error fetching https://player.hu/feed: Failed to perform, curl: (28) Resolving timed out after 939852 milliseconds. See https://curl.se/libcurl/c/libcurl-errors.html first for more details.
Error fetching https://aihirfolyam.hu/feed: Failed to perform, curl: (28) Resolving timed out after 939856 milliseconds. See https://curl.se/libcurl/c/libcurl-errors.html first for more details.
Error fetching https://ng.24.hu/feed: Failed to perform, curl: (28) Resolving timed out after 939858 milliseconds. See https://curl.se/libcurl/c/libcurl-errors.html first for more details.
Error fetching https://hwsw.hu/hirek/rss: Failed to perform, curl: (28) Connection timed out after 939856 milliseconds. See https://curl.se/libcurl/c/libcurl-errors.html first for more details.
Error fetching https://funzine.hu/feed: Failed to perform, curl: (28) Operation timed out after 939856 milliseconds with 0 bytes received. See https://curl.se/libcurl/c/libcurl-errors.html first for more details.
Error fetching https://sorozatjunkie.hu/feed: Failed to perform, curl: (28) Resolving timed out after 939853 milliseconds. See https://curl.se/libcurl/c/libcurl-errors.html first for more details.
Error fetching https://www.maxim.com/feed: Failed to perform, curl: (28) Operation timed out after 939853 milliseconds with 0 bytes received. See https://curl.se/libcurl/c/libcurl-errors.html first for more details.
Error fetching https://velvet.hu/feed: Failed to perform, curl: (28) Resolving timed out after 939859 milliseconds. See https://curl.se/libcurl/c/libcurl-errors.html first for more details.
Error fetching https://cliffhanger.hu/feed: Failed to perform, curl: (28) Resolving timed out after 939853 milliseconds. See https://curl.se/libcurl/c/libcurl-errors.html first for more details.
Error fetching https://firstclass.hu/feed: Failed to perform, curl: (28) Resolving timed out after 938946 milliseconds. See https://curl.se/libcurl/c/libcurl-errors.html first for more details.
Error fetching https://www.playboy.com/read/sex-relationships/feed: Failed to perform, curl: (28) Operation timed out after 938741 milliseconds with 0 bytes received. See https://curl.se/libcurl/c/libcurl-errors.html first for more details.
Error fetching https://instylemen.hu/feed: Failed to perform, curl: (28) Resolving timed out after 939201 milliseconds. See https://curl.se/libcurl/c/libcurl-errors.html first for more details.
Error fetching https://www.playboy.com/wp-json/oembed/1.0/embed?url=https%3A%2F%2Fwww.playboy.com%2F&format=xml: Failed to perform, curl: (28) Resolving timed out after 938742 milliseconds. See https://curl.se/libcurl/c/libcurl-errors.html first for more details.
Error fetching https://index.hu/tudomany/til/rss/: Failed to perform, curl: (28) Connection timed out after 939079 milliseconds. See https://curl.se/libcurl/c/libcurl-errors.html first for more details.
Error fetching https://www.playboy.com/read/classics/feed: Failed to perform, curl: (28) Operation timed out after 938967 milliseconds with 0 bytes received. See https://curl.se/libcurl/c/libcurl-errors.html first for more details.
Error fetching https://travelmagazin.hu/feed: Failed to perform, curl: (28) Resolving timed out after 938690 milliseconds. See https://curl.se/libcurl/c/libcurl-errors.html first for more details.
[07:11:46] Summarizer: [DownloadWorker-3] SKIP (duplicate title): Öt tévhit, amelyet a tudomány már megcáf...
[07:11:48] Summarizer: [Batch] 3 item(s) missing from response → marked for reprocessing
[07:44:57] Summarizer: TIMEOUT (180s) - backend call took too long
[07:44:57] Summarizer: [Batch] No response from API (attempt 1/3)
[07:44:58] Summarizer: TIMEOUT (180s) - backend call took too long
[07:44:58] Summarizer: [Batch] No response from API (attempt 1/3)
[07:56:44] Summarizer: TIMEOUT (180s) - backend call took too long
[07:56:44] Summarizer: [Batch] No response from API (attempt 1/3)
[07:57:00] Summarizer: [Batch] 3 item(s) missing from response → marked for reprocessing
[07:58:15] Summarizer: [Batch] 1 item(s) missing from response → marked for reprocessing
[07:58:26] Summarizer: TIMEOUT (180s) - backend call took too long
[07:58:26] Summarizer: [Batch] No response from API (attempt 1/3)
[07:58:32] Summarizer: TIMEOUT (180s) - backend call took too long
[07:58:32] Summarizer: [Batch] No response from API (attempt 1/3)
[07:58:44] Summarizer: [Batch] 1 item(s) missing from response → marked for reprocessing
[07:58:53] Summarizer: [Batch] 1 item(s) missing from response → marked for reprocessing
[08:18:37] Summarizer: TIMEOUT (180s) - backend call took too long
[08:18:37] Summarizer: [Batch] No response from API (attempt 2/3)
[08:18:38] Summarizer: TIMEOUT (180s) - backend call took too long
[08:18:38] Summarizer: [Batch] No response from API (attempt 2/3)
[08:18:55] Summarizer: [Batch] 1 item(s) missing from response → marked for reprocessing

--- RSS Fetch Errors at 2026-07-31 08:53:28 ---
Error fetching https://techpowerup.com/rss/news: HTTP Error 403: 
Error fetching https://www.drive.com.au/feed/: HTTP Error 403: 
Error fetching https://leetgaming.com/feed/: Failed to perform, curl: (28) Connection timed out after 10003 milliseconds. See https://curl.se/libcurl/c/libcurl-errors.html first for more details.
Error fetching https://techcrunch.com/feed: Failed to perform, curl: (28) Connection timed out after 10003 milliseconds. See https://curl.se/libcurl/c/libcurl-errors.html first for more details.
Error fetching https://cliffhanger.hu/feed: HTTP Error 403: 
Error fetching https://femina.hu/feed: HTTP Error 404: Not Found
Error fetching https://velvet.hu/feed: HTTP Error 404: Not Found
Error fetching https://instylemen.hu/feed: HTTP Error 404: 
Error fetching https://www.economx.hu/feed: Failed to perform, curl: (28) Connection timed out after 10002 milliseconds. See https://curl.se/libcurl/c/libcurl-errors.html first for more details.
Error fetching https://hwsw.hu/hirek/rss: HTTP Error 404: 
Error fetching https://sokszinuvidek.24.hu/?oembed=true&format=xml&url=https%3A%2F%2Fsokszinuvidek.24.hu%2F: Failed to perform, curl: (28) Connection timed out after 10003 milliseconds. See https://curl.se/libcurl/c/libcurl-errors.html first for more details.
[08:53:34] Summarizer: [DownloadWorker-4] SKIP (duplicate title): A legtöbben elakadnak ezen a retró kvíze...
[08:53:35] Summarizer: [DownloadWorker-2] SKIP (duplicate title): Öt tévhit, amelyet a tudomány már megcáf...
[08:53:36] Summarizer: [DownloadWorker-3] SKIP (duplicate title): Magyar ételeknek hisszük, pedig nem azok...
[08:53:38] Summarizer: [DownloadWorker-7] SKIP (duplicate title): Why The Fed Isn’t Going To Contain Real ...
[08:53:40] Summarizer: [Batch] 3 item(s) missing from response → marked for reprocessing

--- RSS Fetch Errors at 2026-07-31 12:22:05 ---
Error fetching https://techpowerup.com/rss/news: HTTP Error 403: 
Error fetching https://leetgaming.com/feed/: Failed to perform, curl: (28) Connection timed out after 10003 milliseconds. See https://curl.se/libcurl/c/libcurl-errors.html first for more details.
Error fetching https://futurism.com/feed: Failed to perform, curl: (56) Connection closed abruptly. See https://curl.se/libcurl/c/libcurl-errors.html first for more details.
Error fetching https://www.drive.com.au/feed/: HTTP Error 403: 
Error fetching https://hvg.hu/rss: Failed to perform, curl: (28) Connection timed out after 10002 milliseconds. See https://curl.se/libcurl/c/libcurl-errors.html first for more details.
Error fetching https://24.hu/feed/: Failed to perform, curl: (28) Connection timed out after 10001 milliseconds. See https://curl.se/libcurl/c/libcurl-errors.html first for more details.
Error fetching https://velvet.hu/feed: HTTP Error 404: Not Found
Error fetching https://cliffhanger.hu/feed: HTTP Error 403: 
Error fetching https://velvet.hu/feed: Failed to perform, curl: (47) Maximum (30) redirects followed. See https://curl.se/libcurl/c/libcurl-errors.html first for more details.
Error fetching https://cliffhanger.hu/feed: HTTP Error 403: 
Error fetching https://femina.hu/feed: HTTP Error 404: Not Found
Error fetching https://femina.hu/feed: Failed to perform, curl: (28) Connection timed out after 10003 milliseconds. See https://curl.se/libcurl/c/libcurl-errors.html first for more details.
Error fetching https://hwsw.hu/hirek/rss: HTTP Error 404: 
Error fetching https://instylemen.hu/feed: HTTP Error 404: 
Error fetching https://firstclass.hu/feed: Failed to perform, curl: (28) Resolving timed out after 10002 milliseconds. See https://curl.se/libcurl/c/libcurl-errors.html first for more details.
Error fetching https://hwsw.hu/hirek/rss: HTTP Error 404: 
Error fetching https://instylemen.hu/feed: HTTP Error 404: 
Error fetching https://bankless.com/feed: Failed to perform, curl: (28) Resolving timed out after 660530 milliseconds. See https://curl.se/libcurl/c/libcurl-errors.html first for more details.
Error fetching https://wmn.hu/feed/: Failed to perform, curl: (28) Resolving timed out after 658191 milliseconds. See https://curl.se/libcurl/c/libcurl-errors.html first for more details.
Error fetching https://sokszinuvidek.24.hu/feed/: Failed to perform, curl: (28) Connection timed out after 663845 milliseconds. See https://curl.se/libcurl/c/libcurl-errors.html first for more details.
Error fetching https://hetediksor.hu/feed/: Failed to perform, curl: (28) Operation timed out after 660383 milliseconds with 0 bytes received. See https://curl.se/libcurl/c/libcurl-errors.html first for more details.
Error fetching https://index.hu/tudomany/til/rss/: Failed to perform, curl: (28) Operation timed out after 671390 milliseconds with 0 bytes received. See https://curl.se/libcurl/c/libcurl-errors.html first for more details.
Error fetching https://travelmagazin.hu/feed: Failed to perform, curl: (28) Operation timed out after 665496 milliseconds with 0 bytes received. See https://curl.se/libcurl/c/libcurl-errors.html first for more details.
Error fetching https://mafab.hu/rss: Failed to perform, curl: (28) Resolving timed out after 663384 milliseconds. See https://curl.se/libcurl/c/libcurl-errors.html first for more details.
Error fetching https://hetediksor.hu/comments/feed/: Failed to perform, curl: (28) Operation timed out after 660386 milliseconds with 0 bytes received. See https://curl.se/libcurl/c/libcurl-errors.html first for more details.
Error fetching https://sokszinuvidek.24.hu/feed/: Failed to perform, curl: (28) Connection timed out after 659383 milliseconds. See https://curl.se/libcurl/c/libcurl-errors.html first for more details.
Error fetching https://caravantimes.co.uk/feed: Failed to perform, curl: (28) Operation timed out after 667384 milliseconds with 0 bytes received. See https://curl.se/libcurl/c/libcurl-errors.html first for more details.
Error fetching https://caravantimes.co.uk/feed: Failed to perform, curl: (28) Resolving timed out after 657383 milliseconds. See https://curl.se/libcurl/c/libcurl-errors.html first for more details.
Error fetching https://wmn.hu/feed/: Failed to perform, curl: (28) Resolving timed out after 661387 milliseconds. See https://curl.se/libcurl/c/libcurl-errors.html first for more details.
Error fetching https://www.penzcentrum.hu/rss/all.xml: Failed to perform, curl: (28) Resolving timed out after 661228 milliseconds. See https://curl.se/libcurl/c/libcurl-errors.html first for more details.
Error fetching https://www.koncert.hu/rss/hirek: Failed to perform, curl: (28) Connection timed out after 659309 milliseconds. See https://curl.se/libcurl/c/libcurl-errors.html first for more details.
Error fetching https://hetediksor.hu/wp-json/oembed/1.0/embed?url=https%3A%2F%2Fhetediksor.hu%2F&format=xml: Failed to perform, curl: (28) Connection timed out after 660386 milliseconds. See https://curl.se/libcurl/c/libcurl-errors.html first for more details.
Error fetching https://www.penzcentrum.hu/rss/all.xml: Failed to perform, curl: (28) Connection timed out after 659465 milliseconds. See https://curl.se/libcurl/c/libcurl-errors.html first for more details.
[12:40:02] Summarizer: [DownloadWorker-5] SKIP (duplicate title): Délelőtti videó 4.: Sullivan’s Crossing ...

--- RSS Fetch Errors at 2026-07-31 12:40:03 ---
Error fetching https://techpowerup.com/rss/news: HTTP Error 403: 
Error fetching https://leetgaming.com/feed/: Failed to perform, curl: (28) Connection timed out after 10003 milliseconds. See https://curl.se/libcurl/c/libcurl-errors.html first for more details.
Error fetching https://www.drive.com.au/feed/: HTTP Error 403: 
Error fetching https://decrypt.co/feed: Failed to perform, curl: (28) Connection timed out after 10002 milliseconds. See https://curl.se/libcurl/c/libcurl-errors.html first for more details.
Error fetching https://gsplus.hu/site/rss/rss.xml: Failed to perform, curl: (28) Connection timed out after 10002 milliseconds. See https://curl.se/libcurl/c/libcurl-errors.html first for more details.
Error fetching https://cliffhanger.hu/feed: HTTP Error 403: 
Error fetching https://femina.hu/feed: HTTP Error 404: Not Found
Error fetching https://femina.hu/feed: HTTP Error 404: Not Found
Error fetching https://velvet.hu/feed: HTTP Error 404: Not Found
Error fetching https://velvet.hu/feed: HTTP Error 404: Not Found
Error fetching https://hwsw.hu/hirek/rss: HTTP Error 404: 
Error fetching https://prog.hu/hirek/rss: Failed to perform, curl: (28) Connection timed out after 10003 milliseconds. See https://curl.se/libcurl/c/libcurl-errors.html first for more details.
Error fetching https://offmedia.hu/feed: Failed to perform, curl: (28) Connection timed out after 10003 milliseconds. See https://curl.se/libcurl/c/libcurl-errors.html first for more details.
Error fetching https://www.economx.hu/feed: Failed to perform, curl: (28) Connection timed out after 10002 milliseconds. See https://curl.se/libcurl/c/libcurl-errors.html first for more details.
Error fetching https://fhm.com/feed: Failed to perform, curl: (28) Connection timed out after 10002 milliseconds. See https://curl.se/libcurl/c/libcurl-errors.html first for more details.
Error fetching https://nlc.hu/feed: Failed to perform, curl: (28) Connection timed out after 10003 milliseconds. See https://curl.se/libcurl/c/libcurl-errors.html first for more details.
Error fetching https://cliffhanger.hu/feed: HTTP Error 403: 
Error fetching https://roadster.hu/feed: Failed to perform, curl: (28) Resolving timed out after 658476 milliseconds. See https://curl.se/libcurl/c/libcurl-errors.html first for more details.
Error fetching https://sorozatjunkie.hu/feed: Failed to perform, curl: (28) Resolving timed out after 659950 milliseconds. See https://curl.se/libcurl/c/libcurl-errors.html first for more details.
Error fetching https://prog.hu/hirek/rss: Failed to perform, curl: (28) Operation timed out after 668957 milliseconds with 0 bytes received. See https://curl.se/libcurl/c/libcurl-errors.html first for more details.
Error fetching https://hwsw.hu/hirek/rss: Failed to perform, curl: (28) Operation timed out after 664210 milliseconds with 0 bytes received. See https://curl.se/libcurl/c/libcurl-errors.html first for more details.
Error fetching https://instylemen.hu/feed: Failed to perform, curl: (28) Connection timed out after 658124 milliseconds. See https://curl.se/libcurl/c/libcurl-errors.html first for more details.
Error fetching https://index.hu/tudomany/til/rss/: Failed to perform, curl: (28) Resolving timed out after 659385 milliseconds. See https://curl.se/libcurl/c/libcurl-errors.html first for more details.
Error fetching https://firstclass.hu/feed: Failed to perform, curl: (28) Connection timed out after 660386 milliseconds. See https://curl.se/libcurl/c/libcurl-errors.html first for more details.
Error fetching https://player.hu/feed: Failed to perform, curl: (28) Operation timed out after 659384 milliseconds with 0 bytes received. See https://curl.se/libcurl/c/libcurl-errors.html first for more details.
Error fetching https://firstclass.hu/feed: Failed to perform, curl: (28) Connection timed out after 657994 milliseconds. See https://curl.se/libcurl/c/libcurl-errors.html first for more details.
Error fetching https://marieclaire.hu/feed: Failed to perform, curl: (28) Connection timed out after 665567 milliseconds. See https://curl.se/libcurl/c/libcurl-errors.html first for more details.
Error fetching https://faroutmagazine.co.uk/icon.svg: Failed to perform, curl: (28) Resolving timed out after 657382 milliseconds. See https://curl.se/libcurl/c/libcurl-errors.html first for more details.
Error fetching https://www.playboy.com/read/classics/feed: Failed to perform, curl: (28) Resolving timed out after 657578 milliseconds. See https://curl.se/libcurl/c/libcurl-errors.html first for more details.
Error fetching https://faroutmagazine.co.uk/icon.svg: Failed to perform, curl: (28) Resolving timed out after 657404 milliseconds. See https://curl.se/libcurl/c/libcurl-errors.html first for more details.
Error fetching https://d3e5kp2e91w0k0.cloudfront.net/favicon.svg: Failed to perform, curl: (28) Connection timed out after 662386 milliseconds. See https://curl.se/libcurl/c/libcurl-errors.html first for more details.
Error fetching https://www.playboy.com/read/celebrities/feed: Failed to perform, curl: (28) Connection timed out after 658096 milliseconds. See https://curl.se/libcurl/c/libcurl-errors.html first for more details.
Error fetching https://player.hu/feed: Failed to perform, curl: (28) Resolving timed out after 661400 milliseconds. See https://curl.se/libcurl/c/libcurl-errors.html first for more details.
Error fetching https://instylemen.hu/feed: Failed to perform, curl: (28) Resolving timed out after 661386 milliseconds. See https://curl.se/libcurl/c/libcurl-errors.html first for more details.
Error fetching https://www.playboy.com/read/celebrities/feed: Failed to perform, curl: (28) Resolving timed out after 661401 milliseconds. See https://curl.se/libcurl/c/libcurl-errors.html first for more details.
Error fetching https://d3e5kp2e91w0k0.cloudfront.net/favicon.svg: Failed to perform, curl: (28) Connection timed out after 661401 milliseconds. See https://curl.se/libcurl/c/libcurl-errors.html first for more details.
Error fetching https://bankless.com/feed: Failed to perform, curl: (28) Resolving timed out after 657400 milliseconds. See https://curl.se/libcurl/c/libcurl-errors.html first for more details.
Error fetching https://hetediksor.hu/feed/: Failed to perform, curl: (28) Connection timed out after 10003 milliseconds. See https://curl.se/libcurl/c/libcurl-errors.html first for more details.
Error fetching https://hetediksor.hu/comments/feed/: Failed to perform, curl: (28) Connection timed out after 10003 milliseconds. See https://curl.se/libcurl/c/libcurl-errors.html first for more details.
Error fetching https://hetediksor.hu/wp-json/oembed/1.0/embed?url=https%3A%2F%2Fhetediksor.hu%2F&format=xml: Failed to perform, curl: (28) Connection timed out after 10002 milliseconds. See https://curl.se/libcurl/c/libcurl-errors.html first for more details.
[12:40:07] Summarizer: [DownloadWorker-9] SKIP (duplicate title): Negyedórányi bemutatót kapott a Star War...
[12:56:20] Summarizer: [Batch] 2 item(s) missing from response → marked for reprocessing
[12:56:26] Summarizer: [Batch] 2 item(s) missing from response → marked for reprocessing
[12:56:28] Summarizer: [DownloadWorker-0] SKIP (duplicate title): No. 1 a Netflixen: Csak tegnap került fe...
[12:56:36] Summarizer: [DownloadWorker-0] SKIP (duplicate title): Negyedórányi bemutatót kapott a Star War...
[12:56:40] Summarizer: [DownloadWorker-6] SKIP (duplicate title): [TOPLISTA] 10 film, amit látnod kell aug...
[12:56:50] Summarizer: [MissingDetector] ⚠️ PAIRING FAIL: 'https://telex.hu/kulfold/2026/07/31/aszaly-svajc-brenets-t-kiszaradt-csapadekhiany' not found. KEEPING ITEM (Fallback).
[12:56:50] Summarizer: [Batch] 1 item(s) missing from response → marked for reprocessing
[12:56:50] Summarizer: [FreeGeminiAPI_2] ⚠️ PAIRING FAIL: 'https://telex.hu/kulfold/2026/07/31/aszaly-svajc-brenets-t-kiszaradt-csapadekhiany' not found. KEEPING ITEM (Fallback).
[12:57:00] Summarizer: [Batch] 1 item(s) missing from response → marked for reprocessing
[12:57:09] Summarizer: [Batch] 2 item(s) missing from response → marked for reprocessing
[12:57:11] Summarizer: [Batch] 3 item(s) missing from response → marked for reprocessing
[12:57:15] Image_Downloader: Download failed (https://www.mafab.hu//www.instagram.com/embed.js): 404 Client Error: Not Found for url: https://www.mafab.hu//www.instagram.com/embed.js
[12:57:15] Summarizer: [Batch] 3 item(s) missing from response → marked for reprocessing
[12:57:19] Summarizer: [Batch] 1 item(s) missing from response → marked for reprocessing
[12:57:21] Summarizer: [Batch] 1 item(s) missing from response → marked for reprocessing
[12:57:23] Summarizer: [Batch] 1 item(s) missing from response → marked for reprocessing
[12:57:29] Image_Downloader: Download failed (https://assets.4cdn.hu/kraken/8NArNzzxGDkkGWBLs-lg.jpeg): HTTPSConnectionPool(host='assets.4cdn.hu', port=443): Read timed out. (read timeout=5)
[12:57:30] Summarizer: [DownloadWorker-7] SKIP (duplicate title): No. 1 a Netflixen: Csak tegnap került fe...
[12:57:34] Summarizer: [Batch] 3 item(s) missing from response → marked for reprocessing
[12:57:40] Image_Downloader: Download failed (https://cdn.forbes.hu/uploads/2026/07/Kep.webp?r=eyJ3IjoxMjAwLCJxIjo5MCwicyI6InBuZyIsImgiOjYzMH0): HTTPSConnectionPool(host='cdn.forbes.hu', port=443): Read timed out. (read timeout=5)
[12:57:41] Summarizer: [Batch] 1 item(s) missing from response → marked for reprocessing
[12:57:42] Image_Downloader: Download failed (https://static.sorozatjunkie.hu/wp-content/uploads/2026/07/DOPE-Unit-1.-evad-ALLBLK-500x281.jpg): HTTPSConnectionPool(host='static.sorozatjunkie.hu', port=443): Read timed out. (read timeout=5)
[12:57:43] Image_Downloader: Download failed (https://kep.cdn.index.hu/1/0/7078/70785/707859/70785903_5221057_0ec2647df8cee5c836a4925c2f65973d_wm.png): HTTPSConnectionPool(host='kep.cdn.index.hu', port=443): Read timed out. (read timeout=5)
[12:57:52] Summarizer: [Batch] No response from API (attempt 1/3)
[12:57:55] Summarizer: [MissingDetector] ⚠️ PAIRING FAIL: 'https://24.hu/belfold/20260731/hanko-nka-botrany-tarr-visszautalas/' not found. KEEPING ITEM (Fallback).
[12:57:55] Summarizer: [Batch] 1 item(s) missing from response → marked for reprocessing
[12:57:55] Summarizer: [FreeGeminiAPI_3] ⚠️ PAIRING FAIL: 'https://24.hu/belfold/20260731/hanko-nka-botrany-tarr-visszautalas/' not found. KEEPING ITEM (Fallback).
[12:57:56] Summarizer: [Batch] 2 item(s) missing from response → marked for reprocessing
[12:57:59] Image_Downloader: Download failed (https://www.mafab.hu//www.instagram.com/embed.js): 404 Client Error: Not Found for url: https://www.mafab.hu//www.instagram.com/embed.js
[12:58:05] Image_Downloader: Download failed (https://resizer.ladbiblegroup.com/ogimage/v3/assets/bltbc1876152fcd9f07/blt5d86ea130ca6fd70/6a6c5a633335004fa14ed47f/supermariosunshine.jpg): HTTPSConnectionPool(host='resizer.ladbiblegroup.com', port=443): Read timed out. (read timeout=5)
[12:58:06] Summarizer: [Batch] 1 item(s) missing from response → marked for reprocessing
[12:58:09] Summarizer: [MissingDetector] ⚠️ PAIRING FAIL: 'https://esport1.hu/news/2026/07/31/gaming-a-metallica-adja-a-ritmust-a-saskak-meszarlasahoz-a-gears-of-war-e-day-ben-tzeus' not found. KEEPING ITEM (Fallback).
[12:58:09] Summarizer: [Batch] 1 item(s) missing from response → marked for reprocessing
[12:58:09] Summarizer: [FreeGeminiAPI_1] ⚠️ PAIRING FAIL: 'https://esport1.hu/news/2026/07/31/gaming-a-metallica-adja-a-ritmust-a-saskak-meszarlasahoz-a-gears-of-war-e-day-ben-tzeus' not found. KEEPING ITEM (Fallback).
[12:58:13] Summarizer: [MissingDetector] ⚠️ PAIRING FAIL: 'https://www.mafab.hu/hu/article/a-marvel-beismerte-a-hibajat-ryan-gosling-pedig-eloallt-a-tervvel-ami-mindent-megvaltoztathat-36' not found. KEEPING ITEM (Fallback).
[12:58:13] Summarizer: [Batch] 1 item(s) missing from response → marked for reprocessing
[12:58:13] Summarizer: [FreeGeminiAPI_2] ⚠️ PAIRING FAIL: 'https://www.mafab.hu/hu/article/a-marvel-beismerte-a-hibajat-ryan-gosling-pedig-eloallt-a-tervvel-ami-mindent-megvaltoztathat-36' not found. KEEPING ITEM (Fallback).
[12:58:22] Summarizer: [MissingDetector] ⚠️ PAIRING FAIL: 'https://www.penzcentrum.hu/gazdasag/20260731/tobb-ezer-ember-maradt-ivoviz-nelkul-szentendrere-a-honvedsegnek-is-be-kellett-avatkoznia-1203196' not found. KEEPING ITEM (Fallback).
[12:58:22] Summarizer: [Batch] 3 item(s) missing from response → marked for reprocessing
[12:58:22] Summarizer: [FreeGeminiAPI_3] ⚠️ PAIRING FAIL: 'https://www.penzcentrum.hu/gazdasag/20260731/tobb-ezer-ember-maradt-ivoviz-nelkul-szentendrere-a-honvedsegnek-is-be-kellett-avatkoznia-1203196' not found. KEEPING ITEM (Fallback).
[12:58:22] Summarizer: [MissingDetector] ⚠️ PAIRING FAIL: 'https://telex.hu/kulfold/2026/07/31/aszaly-svajc-brenets-t-kiszaradt-csapadekhiany' not found. KEEPING ITEM (Fallback).
[12:58:22] Summarizer: [Batch] 1 item(s) missing from response → marked for reprocessing
[12:58:22] Summarizer: [FreeGeminiAPI_2] ⚠️ PAIRING FAIL: 'https://telex.hu/kulfold/2026/07/31/aszaly-svajc-brenets-t-kiszaradt-csapadekhiany' not found. KEEPING ITEM (Fallback).
[12:58:26] Image_Downloader: Download failed (https://kep.cdn.index.hu/1/0/7076/70767/707675/70767539_5219765_881e5effe94858bfc68abaa2c29b7973_wm.jpg): HTTPSConnectionPool(host='kep.cdn.index.hu', port=443): Read timed out. (read timeout=5)
[12:58:27] Summarizer: [Batch] 1 item(s) missing from response → marked for reprocessing
[12:58:27] Image_Downloader: Download failed (https://i.cdn29.hu/apix_collect_c/ngg_images/2607/31/galvolgyi_judit_111737_1_original_760x425_cover.jpg): HTTPSConnectionPool(host='i.cdn29.hu', port=443): Read timed out. (read timeout=5)
[12:58:28] Summarizer: [Batch] 3 item(s) missing from response → marked for reprocessing
[12:58:29] Summarizer: [Batch] 2 item(s) missing from response → marked for reprocessing
[12:58:31] Summarizer: [DownloadWorker-9] SKIP (duplicate title): [TOPLISTA] 10 film, amit látnod kell aug...
[12:58:34] Summarizer: [MissingDetector] ⚠️ PAIRING FAIL: 'https://www.penzcentrum.hu/otthon/20260731/fordulat-a-lakaspiac-kilottek-a-lakasepitesek-magyarorszagon-ozonlenek-az-uj-projektek-1203185' not found. KEEPING ITEM (Fallback).
[12:58:34] Summarizer: [Batch] 1 item(s) missing from response → marked for reprocessing
[12:58:34] Summarizer: [FreeGeminiAPI_2] ⚠️ PAIRING FAIL: 'https://www.penzcentrum.hu/otthon/20260731/fordulat-a-lakaspiac-kilottek-a-lakasepitesek-magyarorszagon-ozonlenek-az-uj-projektek-1203185' not found. KEEPING ITEM (Fallback).
[12:58:36] Image_Downloader: Download failed (https://assets.4cdn.hu/kraken/8N9TgMLQvSAwgFSAs-lg.jpeg): HTTPSConnectionPool(host='assets.4cdn.hu', port=443): Read timed out. (read timeout=5)
[12:58:36] Image_Downloader: Download failed (https://i.cdn29.hu/apix_collect_c/ngg_images/2606/08/steam_091210_1_original_760x425_cover.jpg): HTTPSConnectionPool(host='i.cdn29.hu', port=443): Read timed out. (read timeout=5)
[12:58:51] Summarizer: [MissingDetector] ⚠️ PAIRING FAIL: 'https://telex.hu/belfold/2026/07/31/tarr-zoltan-nemzeti-kulturalis-alap-tamogatas-vissafizetes-3-3-milliard-forint' not found. KEEPING ITEM (Fallback).
[12:58:51] Summarizer: [Batch] 2 item(s) missing from response → marked for reprocessing
[12:58:51] Summarizer: [FreeGeminiAPI_2] ⚠️ PAIRING FAIL: 'https://telex.hu/belfold/2026/07/31/tarr-zoltan-nemzeti-kulturalis-alap-tamogatas-vissafizetes-3-3-milliard-forint' not found. KEEPING ITEM (Fallback).
[12:58:59] Summarizer: TIMEOUT (180s) - backend call took too long
[12:58:59] Summarizer: [Batch] No response from API (attempt 1/3)
[12:59:02] Summarizer: [Batch] 2 item(s) missing from response → marked for reprocessing
[12:59:04] Image_Downloader: Download failed (https://pcdn.hu/articles/images-xl/o/l/y/olympia-wing-1-845652.jpg): HTTPSConnectionPool(host='pcdn.hu', port=443): Read timed out. (read timeout=5)
[12:59:05] Image_Downloader: Download failed (https://pcdn.hu/articles/images-xl/o/l/y/olympia-wing-1-845652.jpg): HTTPSConnectionPool(host='pcdn.hu', port=443): Read timed out. (read timeout=5)
[13:11:16] Summarizer: [Batch] No response from API (attempt 1/3)
[13:11:23] Summarizer: [Batch] No response from API (attempt 1/3)
[13:11:23] Summarizer: [Batch] 1 item(s) missing from response → marked for reprocessing
[13:11:27] Summarizer: [MissingDetector] ⚠️ PAIRING FAIL: 'https://www.forbes.com/councils/forbestechcouncil/2026/07/31/why-custom-software-is-the-new-software/' not found. KEEPING ITEM (Fallback).
[13:11:27] Summarizer: [Batch] 1 item(s) missing from response → marked for reprocessing
[13:11:27] Summarizer: [FreeGeminiAPI_2] ⚠️ PAIRING FAIL: 'https://www.forbes.com/councils/forbestechcouncil/2026/07/31/why-custom-software-is-the-new-software/' not found. KEEPING ITEM (Fallback).
[13:11:40] Summarizer: [Batch] 1 item(s) missing from response → marked for reprocessing
[13:11:48] Summarizer: [Batch] 2 item(s) missing from response → marked for reprocessing
[13:11:49] Summarizer: [Batch] 1 item(s) missing from response → marked for reprocessing
[13:48:17] Summarizer: TIMEOUT (180s) - backend call took too long
[13:48:17] Summarizer: [Batch] No response from API (attempt 1/3)
[13:48:18] Summarizer: TIMEOUT (180s) - backend call took too long
[13:48:18] Summarizer: [Batch] No response from API (attempt 1/3)
[13:48:35] Summarizer: [Batch] 1 item(s) missing from response → marked for reprocessing
[13:48:39] Summarizer: Reprocessing 6 pairing failures from data.json
[13:48:39] Summarizer: Reprocessing 2 pairing failures from data.json
[14:04:34] Summarizer: Reprocessing stopped early (time limit), 4 items remaining.
[14:31:27] Image_Downloader: Download failed (https://raw.githubusercontent.com/Derushir/Kepek/main/67c6357751300334f52e35f893ac854f/news/augusztus-6-an-barki-betekinthet-a-szentendrei-romai-tabor-r.jpg): 404 Client Error: Not Found for url: https://raw.githubusercontent.com/Derushir/Kepek/main/67c6357751300334f52e35f893ac854f/news/augusztus-6-an-barki-betekinthet-a-szentendrei-romai-tabor-r.jpg
[14:31:27] Image_Downloader: Download failed (https://raw.githubusercontent.com/Derushir/Kepek/main/67c6357751300334f52e35f893ac854f/news/augusztustol-valtozik-a-one-magyarorszag-vezetekes-es-mobils.jpg): 404 Client Error: Not Found for url: https://raw.githubusercontent.com/Derushir/Kepek/main/67c6357751300334f52e35f893ac854f/news/augusztustol-valtozik-a-one-magyarorszag-vezetekes-es-mobils.jpg
[14:31:27] Image_Downloader: Download failed (https://raw.githubusercontent.com/Derushir/Kepek/main/67c6357751300334f52e35f893ac854f/news/tilos-taskat-tenni-az-ulesre-a-holland-vonatokon.jpg): 404 Client Error: Not Found for url: https://raw.githubusercontent.com/Derushir/Kepek/main/67c6357751300334f52e35f893ac854f/news/tilos-taskat-tenni-az-ulesre-a-holland-vonatokon.jpg
[14:31:27] Image_Downloader: Download failed (https://raw.githubusercontent.com/Derushir/Kepek/main/67c6357751300334f52e35f893ac854f/news/drontamadas-egyiptomban-veszelyben-a-szuezi-csatorna-olajsza.png): 404 Client Error: Not Found for url: https://raw.githubusercontent.com/Derushir/Kepek/main/67c6357751300334f52e35f893ac854f/news/drontamadas-egyiptomban-veszelyben-a-szuezi-csatorna-olajsza.png
[14:31:27] Image_Downloader: Download failed (https://raw.githubusercontent.com/Derushir/Kepek/main/67c6357751300334f52e35f893ac854f/news/elobukkantak-a-regi-ferenc-jozsef-hid-maradvanyai-az-alacson.jpg): 404 Client Error: Not Found for url: https://raw.githubusercontent.com/Derushir/Kepek/main/67c6357751300334f52e35f893ac854f/news/elobukkantak-a-regi-ferenc-jozsef-hid-maradvanyai-az-alacson.jpg
[14:31:27] Image_Downloader: Download failed (https://raw.githubusercontent.com/Derushir/Kepek/main/67c6357751300334f52e35f893ac854f/news/kulonelo-hazastarsak-oroklesi-jogi-buktatoi-mikor-eshet-el-v.jpg): 404 Client Error: Not Found for url: https://raw.githubusercontent.com/Derushir/Kepek/main/67c6357751300334f52e35f893ac854f/news/kulonelo-hazastarsak-oroklesi-jogi-buktatoi-mikor-eshet-el-v.jpg
[14:31:27] Image_Downloader: Download failed (https://raw.githubusercontent.com/Derushir/Kepek/main/67c6357751300334f52e35f893ac854f/news/jelentosen-javult-a-csecsemohalandosag-a-kozep-europai-regio.jpg): 404 Client Error: Not Found for url: https://raw.githubusercontent.com/Derushir/Kepek/main/67c6357751300334f52e35f893ac854f/news/jelentosen-javult-a-csecsemohalandosag-a-kozep-europai-regio.jpg
[14:31:27] Image_Downloader: Download failed (https://raw.githubusercontent.com/Derushir/Kepek/main/67c6357751300334f52e35f893ac854f/news/uj-kozossegi-ter-nyilik-az-alleeban-vali-kert-neven-indul-a-.jpg): 404 Client Error: Not Found for url: https://raw.githubusercontent.com/Derushir/Kepek/main/67c6357751300334f52e35f893ac854f/news/uj-kozossegi-ter-nyilik-az-alleeban-vali-kert-neven-indul-a-.jpg
[14:31:27] Image_Downloader: Download failed (https://raw.githubusercontent.com/Derushir/Kepek/main/67c6357751300334f52e35f893ac854f/news/28-ezer-fovel-csokkent-magyarorszag-nepessege-az-ev-elso-fel.jpg): 404 Client Error: Not Found for url: https://raw.githubusercontent.com/Derushir/Kepek/main/67c6357751300334f52e35f893ac854f/news/28-ezer-fovel-csokkent-magyarorszag-nepessege-az-ev-elso-fel.jpg
[14:31:27] Image_Downloader: Download failed (https://raw.githubusercontent.com/Derushir/Kepek/main/67c6357751300334f52e35f893ac854f/news/forsthoffer-agnes-ideiglenes-koztarsasagi-elnok-nem-koltozik.jpg): 404 Client Error: Not Found for url: https://raw.githubusercontent.com/Derushir/Kepek/main/67c6357751300334f52e35f893ac854f/news/forsthoffer-agnes-ideiglenes-koztarsasagi-elnok-nem-koltozik.jpg
[14:31:27] Image_Downloader: Download failed (https://raw.githubusercontent.com/Derushir/Kepek/main/67c6357751300334f52e35f893ac854f/news/erdotuzek-miatt-menekultek-el-otthonukbol-a-clooney-hazaspar.jpg): 404 Client Error: Not Found for url: https://raw.githubusercontent.com/Derushir/Kepek/main/67c6357751300334f52e35f893ac854f/news/erdotuzek-miatt-menekultek-el-otthonukbol-a-clooney-hazaspar.jpg
[14:31:27] Image_Downloader: Download failed (https://raw.githubusercontent.com/Derushir/Kepek/main/67c6357751300334f52e35f893ac854f/news/felszamolta-a-hezbollah-foldalatti-bazisat-az-izraeli-hadser.jpg): 404 Client Error: Not Found for url: https://raw.githubusercontent.com/Derushir/Kepek/main/67c6357751300334f52e35f893ac854f/news/felszamolta-a-hezbollah-foldalatti-bazisat-az-izraeli-hadser.jpg
[14:31:27] Image_Downloader: Download failed (https://raw.githubusercontent.com/Derushir/Kepek/main/67c6357751300334f52e35f893ac854f/news/ivoviz-nelkul-maradt-szentendre-a-rendszer-tulterheltsege-mi.jpg): 404 Client Error: Not Found for url: https://raw.githubusercontent.com/Derushir/Kepek/main/67c6357751300334f52e35f893ac854f/news/ivoviz-nelkul-maradt-szentendre-a-rendszer-tulterheltsege-mi.jpg
[14:31:27] Image_Downloader: Download failed (https://raw.githubusercontent.com/Derushir/Kepek/main/67c6357751300334f52e35f893ac854f/news/virtualis-tura-koszovoban-a-google-street-view-mar-elerheto-.jpg): 404 Client Error: Not Found for url: https://raw.githubusercontent.com/Derushir/Kepek/main/67c6357751300334f52e35f893ac854f/news/virtualis-tura-koszovoban-a-google-street-view-mar-elerheto-.jpg
[14:31:27] Image_Downloader: Download failed (https://raw.githubusercontent.com/Derushir/Kepek/main/67c6357751300334f52e35f893ac854f/news/rendkivuli-intezkedes-a-godi-samsung-gyar-50-szazalekkal-cso.jpg): 404 Client Error: Not Found for url: https://raw.githubusercontent.com/Derushir/Kepek/main/67c6357751300334f52e35f893ac854f/news/rendkivuli-intezkedes-a-godi-samsung-gyar-50-szazalekkal-cso.jpg
[14:31:27] Image_Downloader: Download failed (https://raw.githubusercontent.com/Derushir/Kepek/main/67c6357751300334f52e35f893ac854f/news/ivoviz-nelkul-maradt-szentendre-a-rendszer-tulterheltsege-mi.jpg): 404 Client Error: Not Found for url: https://raw.githubusercontent.com/Derushir/Kepek/main/67c6357751300334f52e35f893ac854f/news/ivoviz-nelkul-maradt-szentendre-a-rendszer-tulterheltsege-mi.jpg
[14:31:27] Image_Downloader: Download failed (https://raw.githubusercontent.com/Derushir/Kepek/main/67c6357751300334f52e35f893ac854f/news/panama-a-vilag-legnepszerubb-celpontja-az-expatok-koreben-sz.jpg): 404 Client Error: Not Found for url: https://raw.githubusercontent.com/Derushir/Kepek/main/67c6357751300334f52e35f893ac854f/news/panama-a-vilag-legnepszerubb-celpontja-az-expatok-koreben-sz.jpg
[14:31:27] Image_Downloader: Download failed (https://raw.githubusercontent.com/Derushir/Kepek/main/67c6357751300334f52e35f893ac854f/news/kulonelo-hazastarsak-oroklesi-jogi-buktatoi-mikor-eshet-el-v.jpg): 404 Client Error: Not Found for url: https://raw.githubusercontent.com/Derushir/Kepek/main/67c6357751300334f52e35f893ac854f/news/kulonelo-hazastarsak-oroklesi-jogi-buktatoi-mikor-eshet-el-v.jpg
[14:31:27] Image_Downloader: Download failed (https://raw.githubusercontent.com/Derushir/Kepek/main/67c6357751300334f52e35f893ac854f/news/jelentosen-javult-a-csecsemohalandosag-a-kozep-europai-regio.jpg): 404 Client Error: Not Found for url: https://raw.githubusercontent.com/Derushir/Kepek/main/67c6357751300334f52e35f893ac854f/news/jelentosen-javult-a-csecsemohalandosag-a-kozep-europai-regio.jpg
[14:31:27] Image_Downloader: Download failed (https://raw.githubusercontent.com/Derushir/Kepek/main/67c6357751300334f52e35f893ac854f/news/tilos-taskat-tenni-az-ulesre-a-holland-vonatokon.jpg): 404 Client Error: Not Found for url: https://raw.githubusercontent.com/Derushir/Kepek/main/67c6357751300334f52e35f893ac854f/news/tilos-taskat-tenni-az-ulesre-a-holland-vonatokon.jpg
[14:31:27] Image_Downloader: Download failed (https://raw.githubusercontent.com/Derushir/Kepek/main/67c6357751300334f52e35f893ac854f/news/erdotuzek-miatt-menekultek-el-otthonukbol-a-clooney-hazaspar.jpg): 404 Client Error: Not Found for url: https://raw.githubusercontent.com/Derushir/Kepek/main/67c6357751300334f52e35f893ac854f/news/erdotuzek-miatt-menekultek-el-otthonukbol-a-clooney-hazaspar.jpg
[14:31:27] Image_Downloader: Download failed (https://raw.githubusercontent.com/Derushir/Kepek/main/67c6357751300334f52e35f893ac854f/news/harmadfoku-vizkorlatozast-vezettek-be-14-telepulesen-a-hoseg.jpg): 404 Client Error: Not Found for url: https://raw.githubusercontent.com/Derushir/Kepek/main/67c6357751300334f52e35f893ac854f/news/harmadfoku-vizkorlatozast-vezettek-be-14-telepulesen-a-hoseg.jpg
[14:31:27] Image_Downloader: Download failed (https://raw.githubusercontent.com/Derushir/Kepek/main/67c6357751300334f52e35f893ac854f/news/felszamolta-a-hezbollah-foldalatti-bazisat-az-izraeli-hadser.jpg): 404 Client Error: Not Found for url: https://raw.githubusercontent.com/Derushir/Kepek/main/67c6357751300334f52e35f893ac854f/news/felszamolta-a-hezbollah-foldalatti-bazisat-az-izraeli-hadser.jpg
[14:31:27] Image_Downloader: Download failed (https://raw.githubusercontent.com/Derushir/Kepek/main/67c6357751300334f52e35f893ac854f/news/urge-vorsatz-diana-az-extrem-hoseg-miatt-elelmiszerar-dragul.jpg): 404 Client Error: Not Found for url: https://raw.githubusercontent.com/Derushir/Kepek/main/67c6357751300334f52e35f893ac854f/news/urge-vorsatz-diana-az-extrem-hoseg-miatt-elelmiszerar-dragul.jpg
[14:31:27] Image_Downloader: Download failed (https://raw.githubusercontent.com/Derushir/Kepek/main/67c6357751300334f52e35f893ac854f/news/augusztustol-valtozik-a-one-magyarorszag-vezetekes-es-mobils.jpg): 404 Client Error: Not Found for url: https://raw.githubusercontent.com/Derushir/Kepek/main/67c6357751300334f52e35f893ac854f/news/augusztustol-valtozik-a-one-magyarorszag-vezetekes-es-mobils.jpg
[14:31:28] Image_Downloader: Download failed (https://raw.githubusercontent.com/Derushir/Kepek/main/67c6357751300334f52e35f893ac854f/news/drontamadas-egyiptomban-veszelyben-a-szuezi-csatorna-olajsza.png): 404 Client Error: Not Found for url: https://raw.githubusercontent.com/Derushir/Kepek/main/67c6357751300334f52e35f893ac854f/news/drontamadas-egyiptomban-veszelyben-a-szuezi-csatorna-olajsza.png
[14:31:28] Image_Downloader: Download failed (https://raw.githubusercontent.com/Derushir/Kepek/main/67c6357751300334f52e35f893ac854f/news/augusztus-6-an-barki-betekinthet-a-szentendrei-romai-tabor-r.jpg): 404 Client Error: Not Found for url: https://raw.githubusercontent.com/Derushir/Kepek/main/67c6357751300334f52e35f893ac854f/news/augusztus-6-an-barki-betekinthet-a-szentendrei-romai-tabor-r.jpg
[14:31:28] Image_Downloader: Download failed (https://raw.githubusercontent.com/Derushir/Kepek/main/67c6357751300334f52e35f893ac854f/news/elobukkantak-a-regi-ferenc-jozsef-hid-maradvanyai-az-alacson.jpg): 404 Client Error: Not Found for url: https://raw.githubusercontent.com/Derushir/Kepek/main/67c6357751300334f52e35f893ac854f/news/elobukkantak-a-regi-ferenc-jozsef-hid-maradvanyai-az-alacson.jpg
[14:31:28] Image_Downloader: Download failed (https://raw.githubusercontent.com/Derushir/Kepek/main/67c6357751300334f52e35f893ac854f/news/virtualis-tura-koszovoban-a-google-street-view-mar-elerheto-.jpg): 404 Client Error: Not Found for url: https://raw.githubusercontent.com/Derushir/Kepek/main/67c6357751300334f52e35f893ac854f/news/virtualis-tura-koszovoban-a-google-street-view-mar-elerheto-.jpg
[14:31:28] Image_Downloader: Download failed (https://raw.githubusercontent.com/Derushir/Kepek/main/67c6357751300334f52e35f893ac854f/news/akar-napi-864-ezer-kobmeter-vizet-is-veszithet-a-tisza-to-a-.jpg): 404 Client Error: Not Found for url: https://raw.githubusercontent.com/Derushir/Kepek/main/67c6357751300334f52e35f893ac854f/news/akar-napi-864-ezer-kobmeter-vizet-is-veszithet-a-tisza-to-a-.jpg
[14:31:28] Image_Downloader: Download failed (https://raw.githubusercontent.com/Derushir/Kepek/main/67c6357751300334f52e35f893ac854f/news/uj-kozossegi-ter-nyilik-az-alleeban-vali-kert-neven-indul-a-.jpg): 404 Client Error: Not Found for url: https://raw.githubusercontent.com/Derushir/Kepek/main/67c6357751300334f52e35f893ac854f/news/uj-kozossegi-ter-nyilik-az-alleeban-vali-kert-neven-indul-a-.jpg
[14:31:29] Image_Downloader: Download failed (https://raw.githubusercontent.com/Derushir/Kepek/main/67c6357751300334f52e35f893ac854f/news/28-ezer-fovel-csokkent-magyarorszag-nepessege-az-ev-elso-fel.jpg): 404 Client Error: Not Found for url: https://raw.githubusercontent.com/Derushir/Kepek/main/67c6357751300334f52e35f893ac854f/news/28-ezer-fovel-csokkent-magyarorszag-nepessege-az-ev-elso-fel.jpg
[14:31:29] Image_Downloader: Download failed (https://raw.githubusercontent.com/Derushir/Kepek/main/67c6357751300334f52e35f893ac854f/news/forsthoffer-agnes-ideiglenes-koztarsasagi-elnok-nem-koltozik.jpg): 404 Client Error: Not Found for url: https://raw.githubusercontent.com/Derushir/Kepek/main/67c6357751300334f52e35f893ac854f/news/forsthoffer-agnes-ideiglenes-koztarsasagi-elnok-nem-koltozik.jpg
[14:31:29] Image_Downloader: Download failed (https://raw.githubusercontent.com/Derushir/Kepek/main/67c6357751300334f52e35f893ac854f/news/rendkivuli-intezkedes-a-godi-samsung-gyar-50-szazalekkal-cso.jpg): 404 Client Error: Not Found for url: https://raw.githubusercontent.com/Derushir/Kepek/main/67c6357751300334f52e35f893ac854f/news/rendkivuli-intezkedes-a-godi-samsung-gyar-50-szazalekkal-cso.jpg
[14:31:30] Image_Downloader: Download failed (https://raw.githubusercontent.com/Derushir/Kepek/main/67c6357751300334f52e35f893ac854f/news/akar-napi-864-ezer-kobmeter-vizet-is-veszithet-a-tisza-to-a-.jpg): 404 Client Error: Not Found for url: https://raw.githubusercontent.com/Derushir/Kepek/main/67c6357751300334f52e35f893ac854f/news/akar-napi-864-ezer-kobmeter-vizet-is-veszithet-a-tisza-to-a-.jpg
[14:31:31] Image_Downloader: Download failed (https://raw.githubusercontent.com/Derushir/Kepek/main/67c6357751300334f52e35f893ac854f/news/urge-vorsatz-diana-az-extrem-hoseg-miatt-elelmiszerar-dragul.jpg): 404 Client Error: Not Found for url: https://raw.githubusercontent.com/Derushir/Kepek/main/67c6357751300334f52e35f893ac854f/news/urge-vorsatz-diana-az-extrem-hoseg-miatt-elelmiszerar-dragul.jpg
[14:31:31] Image_Downloader: Download failed (https://raw.githubusercontent.com/Derushir/Kepek/main/67c6357751300334f52e35f893ac854f/news/elolapi-kameraval-es-4g-vel-erkezhet-az-uj-nokia-250-4g-smar.jpg): 404 Client Error: Not Found for url: https://raw.githubusercontent.com/Derushir/Kepek/main/67c6357751300334f52e35f893ac854f/news/elolapi-kameraval-es-4g-vel-erkezhet-az-uj-nokia-250-4g-smar.jpg
[14:31:31] Image_Downloader: Download failed (https://raw.githubusercontent.com/Derushir/Kepek/main/67c6357751300334f52e35f893ac854f/news/munkahelyi-zaklatas-miatt-perelik-a-comcastet-pitet-nyomtak-.jpg): 404 Client Error: Not Found for url: https://raw.githubusercontent.com/Derushir/Kepek/main/67c6357751300334f52e35f893ac854f/news/munkahelyi-zaklatas-miatt-perelik-a-comcastet-pitet-nyomtak-.jpg
[14:31:31] Image_Downloader: Download failed (https://raw.githubusercontent.com/Derushir/Kepek/main/67c6357751300334f52e35f893ac854f/news/elolapi-kameraval-es-4g-vel-erkezhet-az-uj-nokia-250-4g-smar.jpg): 404 Client Error: Not Found for url: https://raw.githubusercontent.com/Derushir/Kepek/main/67c6357751300334f52e35f893ac854f/news/elolapi-kameraval-es-4g-vel-erkezhet-az-uj-nokia-250-4g-smar.jpg
[14:31:32] Image_Downloader: Download failed (https://raw.githubusercontent.com/Derushir/Kepek/main/67c6357751300334f52e35f893ac854f/news/keret-nelkuli-kijelzovel-kiserletezik-a-tecno-koncepciotelef.jpg): 404 Client Error: Not Found for url: https://raw.githubusercontent.com/Derushir/Kepek/main/67c6357751300334f52e35f893ac854f/news/keret-nelkuli-kijelzovel-kiserletezik-a-tecno-koncepciotelef.jpg
[14:31:32] Image_Downloader: Download failed (https://raw.githubusercontent.com/Derushir/Kepek/main/67c6357751300334f52e35f893ac854f/news/keret-nelkuli-kijelzovel-kiserletezik-a-tecno-koncepciotelef.jpg): 404 Client Error: Not Found for url: https://raw.githubusercontent.com/Derushir/Kepek/main/67c6357751300334f52e35f893ac854f/news/keret-nelkuli-kijelzovel-kiserletezik-a-tecno-koncepciotelef.jpg
[14:31:32] Image_Downloader: Download failed (https://raw.githubusercontent.com/Derushir/Kepek/main/67c6357751300334f52e35f893ac854f/news/ujrainditas-nelkul-is-frissulhet-a-jovoben-a-google-chrome.jpg): 404 Client Error: Not Found for url: https://raw.githubusercontent.com/Derushir/Kepek/main/67c6357751300334f52e35f893ac854f/news/ujrainditas-nelkul-is-frissulhet-a-jovoben-a-google-chrome.jpg
[14:31:33] Image_Downloader: Download failed (https://raw.githubusercontent.com/Derushir/Kepek/main/67c6357751300334f52e35f893ac854f/news/a-gwm-bemutatta-uj-30-literes-turbodizel-motorjat.jpg): 404 Client Error: Not Found for url: https://raw.githubusercontent.com/Derushir/Kepek/main/67c6357751300334f52e35f893ac854f/news/a-gwm-bemutatta-uj-30-literes-turbodizel-motorjat.jpg
[14:31:33] Image_Downloader: Download failed (https://raw.githubusercontent.com/Derushir/Kepek/main/67c6357751300334f52e35f893ac854f/news/a-gwm-bemutatta-uj-30-literes-turbodizel-motorjat.jpg): 404 Client Error: Not Found for url: https://raw.githubusercontent.com/Derushir/Kepek/main/67c6357751300334f52e35f893ac854f/news/a-gwm-bemutatta-uj-30-literes-turbodizel-motorjat.jpg
[14:31:33] Image_Downloader: Download failed (https://raw.githubusercontent.com/Derushir/Kepek/main/67c6357751300334f52e35f893ac854f/news/a-gazdak-digitalis-felkeszultsege-akadalyozza-az-mi-mezogazd.jpg): 404 Client Error: Not Found for url: https://raw.githubusercontent.com/Derushir/Kepek/main/67c6357751300334f52e35f893ac854f/news/a-gazdak-digitalis-felkeszultsege-akadalyozza-az-mi-mezogazd.jpg
[14:31:33] Image_Downloader: Download failed (https://raw.githubusercontent.com/Derushir/Kepek/main/67c6357751300334f52e35f893ac854f/news/a-gazdak-digitalis-felkeszultsege-akadalyozza-az-mi-mezogazd.jpg): 404 Client Error: Not Found for url: https://raw.githubusercontent.com/Derushir/Kepek/main/67c6357751300334f52e35f893ac854f/news/a-gazdak-digitalis-felkeszultsege-akadalyozza-az-mi-mezogazd.jpg
[14:31:33] Image_Downloader: Download failed (https://raw.githubusercontent.com/Derushir/Kepek/main/67c6357751300334f52e35f893ac854f/news/akar-80-szazalekkal-csokkentette-gpt-56-modelljeinek-arait-a.jpg): 404 Client Error: Not Found for url: https://raw.githubusercontent.com/Derushir/Kepek/main/67c6357751300334f52e35f893ac854f/news/akar-80-szazalekkal-csokkentette-gpt-56-modelljeinek-arait-a.jpg
[14:31:33] Image_Downloader: Download failed (https://raw.githubusercontent.com/Derushir/Kepek/main/67c6357751300334f52e35f893ac854f/news/adatvedelmi-kockazatot-jelentenek-a-szemelyre-szabott-mi-alt.jpg): 404 Client Error: Not Found for url: https://raw.githubusercontent.com/Derushir/Kepek/main/67c6357751300334f52e35f893ac854f/news/adatvedelmi-kockazatot-jelentenek-a-szemelyre-szabott-mi-alt.jpg
[14:31:33] Image_Downloader: Download failed (https://raw.githubusercontent.com/Derushir/Kepek/main/67c6357751300334f52e35f893ac854f/news/adatvedelmi-kockazatot-jelentenek-a-szemelyre-szabott-mi-alt.jpg): 404 Client Error: Not Found for url: https://raw.githubusercontent.com/Derushir/Kepek/main/67c6357751300334f52e35f893ac854f/news/adatvedelmi-kockazatot-jelentenek-a-szemelyre-szabott-mi-alt.jpg
[14:31:33] Image_Downloader: Download failed (https://raw.githubusercontent.com/Derushir/Kepek/main/67c6357751300334f52e35f893ac854f/news/akar-80-szazalekkal-csokkentette-gpt-56-modelljeinek-arait-a.jpg): 404 Client Error: Not Found for url: https://raw.githubusercontent.com/Derushir/Kepek/main/67c6357751300334f52e35f893ac854f/news/akar-80-szazalekkal-csokkentette-gpt-56-modelljeinek-arait-a.jpg
[14:31:33] Image_Downloader: Download failed (https://raw.githubusercontent.com/Derushir/Kepek/main/67c6357751300334f52e35f893ac854f/news/a-tavhutes-hatekony-megoldas-lehet-a-varosi-hoseg-ellen.jpg): 404 Client Error: Not Found for url: https://raw.githubusercontent.com/Derushir/Kepek/main/67c6357751300334f52e35f893ac854f/news/a-tavhutes-hatekony-megoldas-lehet-a-varosi-hoseg-ellen.jpg
[14:31:33] Image_Downloader: Download failed (https://raw.githubusercontent.com/Derushir/Kepek/main/67c6357751300334f52e35f893ac854f/news/a-tavhutes-hatekony-megoldas-lehet-a-varosi-hoseg-ellen.jpg): 404 Client Error: Not Found for url: https://raw.githubusercontent.com/Derushir/Kepek/main/67c6357751300334f52e35f893ac854f/news/a-tavhutes-hatekony-megoldas-lehet-a-varosi-hoseg-ellen.jpg
[14:31:33] Image_Downloader: Download failed (https://raw.githubusercontent.com/Derushir/Kepek/main/67c6357751300334f52e35f893ac854f/news/mesterseges-intelligenciaval-es-viselkedestudomannyal-teszik.jpg): 404 Client Error: Not Found for url: https://raw.githubusercontent.com/Derushir/Kepek/main/67c6357751300334f52e35f893ac854f/news/mesterseges-intelligenciaval-es-viselkedestudomannyal-teszik.jpg
[14:31:33] Image_Downloader: Download failed (https://raw.githubusercontent.com/Derushir/Kepek/main/67c6357751300334f52e35f893ac854f/news/az-mi-atalakitja-a-szoftverfejlesztest-miert-lesz-szabvany-a.jpg): 404 Client Error: Not Found for url: https://raw.githubusercontent.com/Derushir/Kepek/main/67c6357751300334f52e35f893ac854f/news/az-mi-atalakitja-a-szoftverfejlesztest-miert-lesz-szabvany-a.jpg
[14:31:34] Image_Downloader: Download failed (https://raw.githubusercontent.com/Derushir/Kepek/main/67c6357751300334f52e35f893ac854f/news/az-mi-atalakitja-a-szoftverfejlesztest-miert-lesz-szabvany-a.jpg): 404 Client Error: Not Found for url: https://raw.githubusercontent.com/Derushir/Kepek/main/67c6357751300334f52e35f893ac854f/news/az-mi-atalakitja-a-szoftverfejlesztest-miert-lesz-szabvany-a.jpg
[14:31:34] Image_Downloader: Download failed (https://raw.githubusercontent.com/Derushir/Kepek/main/67c6357751300334f52e35f893ac854f/news/50-terabajtos-merevlemezek-fejlesztesen-dolgozik-a-seagate.png): 404 Client Error: Not Found for url: https://raw.githubusercontent.com/Derushir/Kepek/main/67c6357751300334f52e35f893ac854f/news/50-terabajtos-merevlemezek-fejlesztesen-dolgozik-a-seagate.png
[14:31:34] Image_Downloader: Download failed (https://raw.githubusercontent.com/Derushir/Kepek/main/67c6357751300334f52e35f893ac854f/news/harmadfoku-vizkorlatozast-vezettek-be-14-telepulesen-a-hoseg.jpg): 404 Client Error: Not Found for url: https://raw.githubusercontent.com/Derushir/Kepek/main/67c6357751300334f52e35f893ac854f/news/harmadfoku-vizkorlatozast-vezettek-be-14-telepulesen-a-hoseg.jpg
[14:31:34] Image_Downloader: Download failed (https://raw.githubusercontent.com/Derushir/Kepek/main/67c6357751300334f52e35f893ac854f/news/munkahelyi-zaklatas-miatt-perelik-a-comcastet-pitet-nyomtak-.jpg): 404 Client Error: Not Found for url: https://raw.githubusercontent.com/Derushir/Kepek/main/67c6357751300334f52e35f893ac854f/news/munkahelyi-zaklatas-miatt-perelik-a-comcastet-pitet-nyomtak-.jpg
[14:31:34] Image_Downloader: Download failed (https://raw.githubusercontent.com/Derushir/Kepek/main/67c6357751300334f52e35f893ac854f/news/panama-a-vilag-legnepszerubb-celpontja-az-expatok-koreben-sz.jpg): 404 Client Error: Not Found for url: https://raw.githubusercontent.com/Derushir/Kepek/main/67c6357751300334f52e35f893ac854f/news/panama-a-vilag-legnepszerubb-celpontja-az-expatok-koreben-sz.jpg
[14:31:35] Image_Downloader: Download failed (https://raw.githubusercontent.com/Derushir/Kepek/main/67c6357751300334f52e35f893ac854f/news/ujrainditas-nelkul-is-frissulhet-a-jovoben-a-google-chrome.jpg): 404 Client Error: Not Found for url: https://raw.githubusercontent.com/Derushir/Kepek/main/67c6357751300334f52e35f893ac854f/news/ujrainditas-nelkul-is-frissulhet-a-jovoben-a-google-chrome.jpg
[14:31:35] Image_Downloader: Download failed (https://raw.githubusercontent.com/Derushir/Kepek/main/67c6357751300334f52e35f893ac854f/news/50-terabajtos-merevlemezek-fejlesztesen-dolgozik-a-seagate.png): 404 Client Error: Not Found for url: https://raw.githubusercontent.com/Derushir/Kepek/main/67c6357751300334f52e35f893ac854f/news/50-terabajtos-merevlemezek-fejlesztesen-dolgozik-a-seagate.png
[14:31:35] Image_Downloader: Download failed (https://raw.githubusercontent.com/Derushir/Kepek/main/67c6357751300334f52e35f893ac854f/news/uj-modszerrel-tettek-lathatova-az-emberi-szem-szamara-eddig-.jpg): 404 Client Error: Not Found for url: https://raw.githubusercontent.com/Derushir/Kepek/main/67c6357751300334f52e35f893ac854f/news/uj-modszerrel-tettek-lathatova-az-emberi-szem-szamara-eddig-.jpg
[14:31:35] Image_Downloader: Download failed (https://raw.githubusercontent.com/Derushir/Kepek/main/67c6357751300334f52e35f893ac854f/news/113-millio-eves-pteroszaurusz-kovuletbol-mutattak-ki-koleszt.jpg): 404 Client Error: Not Found for url: https://raw.githubusercontent.com/Derushir/Kepek/main/67c6357751300334f52e35f893ac854f/news/113-millio-eves-pteroszaurusz-kovuletbol-mutattak-ki-koleszt.jpg
[14:31:35] Image_Downloader: Download failed (https://raw.githubusercontent.com/Derushir/Kepek/main/67c6357751300334f52e35f893ac854f/news/tudomanyos-fogalomtar-mi-az-a-kovalens-kotes.jpg): 404 Client Error: Not Found for url: https://raw.githubusercontent.com/Derushir/Kepek/main/67c6357751300334f52e35f893ac854f/news/tudomanyos-fogalomtar-mi-az-a-kovalens-kotes.jpg
[14:31:35] Image_Downloader: Download failed (https://raw.githubusercontent.com/Derushir/Kepek/main/67c6357751300334f52e35f893ac854f/news/kozmikus-pusztitas-11-ezer-fenyevre-torli-el-kornyezetet-egy.jpg): 404 Client Error: Not Found for url: https://raw.githubusercontent.com/Derushir/Kepek/main/67c6357751300334f52e35f893ac854f/news/kozmikus-pusztitas-11-ezer-fenyevre-torli-el-kornyezetet-egy.jpg
[14:31:35] Image_Downloader: Download failed (https://raw.githubusercontent.com/Derushir/Kepek/main/67c6357751300334f52e35f893ac854f/news/113-millio-eves-pteroszaurusz-kovuletbol-mutattak-ki-koleszt.jpg): 404 Client Error: Not Found for url: https://raw.githubusercontent.com/Derushir/Kepek/main/67c6357751300334f52e35f893ac854f/news/113-millio-eves-pteroszaurusz-kovuletbol-mutattak-ki-koleszt.jpg
[14:31:36] Image_Downloader: Download failed (https://raw.githubusercontent.com/Derushir/Kepek/main/67c6357751300334f52e35f893ac854f/news/tudomanyos-fogalomtar-mi-az-a-kovalens-kotes.jpg): 404 Client Error: Not Found for url: https://raw.githubusercontent.com/Derushir/Kepek/main/67c6357751300334f52e35f893ac854f/news/tudomanyos-fogalomtar-mi-az-a-kovalens-kotes.jpg
[14:31:36] Image_Downloader: Download failed (https://raw.githubusercontent.com/Derushir/Kepek/main/67c6357751300334f52e35f893ac854f/news/uj-modszerrel-tettek-lathatova-az-emberi-szem-szamara-eddig-.jpg): 404 Client Error: Not Found for url: https://raw.githubusercontent.com/Derushir/Kepek/main/67c6357751300334f52e35f893ac854f/news/uj-modszerrel-tettek-lathatova-az-emberi-szem-szamara-eddig-.jpg
[14:31:36] Image_Downloader: Download failed (https://raw.githubusercontent.com/Derushir/Kepek/main/67c6357751300334f52e35f893ac854f/news/mesterseges-intelligenciaval-es-viselkedestudomannyal-teszik.jpg): 404 Client Error: Not Found for url: https://raw.githubusercontent.com/Derushir/Kepek/main/67c6357751300334f52e35f893ac854f/news/mesterseges-intelligenciaval-es-viselkedestudomannyal-teszik.jpg
[14:31:36] Image_Downloader: Download failed (https://raw.githubusercontent.com/Derushir/Kepek/main/67c6357751300334f52e35f893ac854f/news/kozmikus-pusztitas-11-ezer-fenyevre-torli-el-kornyezetet-egy.jpg): 404 Client Error: Not Found for url: https://raw.githubusercontent.com/Derushir/Kepek/main/67c6357751300334f52e35f893ac854f/news/kozmikus-pusztitas-11-ezer-fenyevre-torli-el-kornyezetet-egy.jpg
[14:31:37] Image_Downloader: Download failed (https://raw.githubusercontent.com/Derushir/Kepek/main/67c6357751300334f52e35f893ac854f/news/az-ai-korszakaban-is-a-ketkezi-szakmak-jelentik-a-biztos-jov.jpg): 404 Client Error: Not Found for url: https://raw.githubusercontent.com/Derushir/Kepek/main/67c6357751300334f52e35f893ac854f/news/az-ai-korszakaban-is-a-ketkezi-szakmak-jelentik-a-biztos-jov.jpg
[14:31:37] Image_Downloader: Download failed (https://raw.githubusercontent.com/Derushir/Kepek/main/67c6357751300334f52e35f893ac854f/news/az-ai-korszakaban-is-a-ketkezi-szakmak-jelentik-a-biztos-jov.jpg): 404 Client Error: Not Found for url: https://raw.githubusercontent.com/Derushir/Kepek/main/67c6357751300334f52e35f893ac854f/news/az-ai-korszakaban-is-a-ketkezi-szakmak-jelentik-a-biztos-jov.jpg
[14:31:38] Image_Downloader: Download failed (https://raw.githubusercontent.com/Derushir/Kepek/main/67c6357751300334f52e35f893ac854f/news/latvanyos-felvetel-a-dark-doodad-kod-es-az-ngc-4372-csillagh.jpg): 404 Client Error: Not Found for url: https://raw.githubusercontent.com/Derushir/Kepek/main/67c6357751300334f52e35f893ac854f/news/latvanyos-felvetel-a-dark-doodad-kod-es-az-ngc-4372-csillagh.jpg
[14:31:39] Image_Downloader: Download failed (https://raw.githubusercontent.com/Derushir/Kepek/main/67c6357751300334f52e35f893ac854f/news/jelentos-elenkules-a-magyar-lakaspiacon-22-szazalekkal-tobb-.jpg): 404 Client Error: Not Found for url: https://raw.githubusercontent.com/Derushir/Kepek/main/67c6357751300334f52e35f893ac854f/news/jelentos-elenkules-a-magyar-lakaspiacon-22-szazalekkal-tobb-.jpg
[14:31:39] Image_Downloader: Download failed (https://raw.githubusercontent.com/Derushir/Kepek/main/67c6357751300334f52e35f893ac854f/news/brutto-620-ezer-forintnal-kezdodik-a-jomod-magyarorszagon-ta.jpg): 404 Client Error: Not Found for url: https://raw.githubusercontent.com/Derushir/Kepek/main/67c6357751300334f52e35f893ac854f/news/brutto-620-ezer-forintnal-kezdodik-a-jomod-magyarorszagon-ta.jpg
[14:47:21] Image_Downloader: Download failed (https://raw.githubusercontent.com/Derushir/Kepek/main/67c6357751300334f52e35f893ac854f/news/elvetette-a-bmw-a-mercedes-g-osztaly-rivalisanak-fejlesztese.jpg): 404 Client Error: Not Found for url: https://raw.githubusercontent.com/Derushir/Kepek/main/67c6357751300334f52e35f893ac854f/news/elvetette-a-bmw-a-mercedes-g-osztaly-rivalisanak-fejlesztese.jpg

--- RSS Fetch Errors at 2026-07-31 14:47:21 ---
Error fetching https://index.hu/belfold/rss/: Failed to perform, curl: (28) Connection timed out after 10002 milliseconds. See https://curl.se/libcurl/c/libcurl-errors.html first for more details.
Error fetching https://444.hu/category/tudomany/feed: Failed to perform, curl: (28) Connection timed out after 10002 milliseconds. See https://curl.se/libcurl/c/libcurl-errors.html first for more details.
Error fetching https://leetgaming.com/feed/: Failed to perform, curl: (28) Connection timed out after 10002 milliseconds. See https://curl.se/libcurl/c/libcurl-errors.html first for more details.
Error fetching https://www.drive.com.au/feed/: HTTP Error 403: 
Error fetching https://techpowerup.com/rss/news: HTTP Error 403: 
Error fetching https://hvg.hu/rss: Failed to perform, curl: (28) Resolving timed out after 100714 milliseconds. See https://curl.se/libcurl/c/libcurl-errors.html first for more details.
Error fetching https://hu.ign.com/feed.xml: Failed to perform, curl: (28) Connection timed out after 99197 milliseconds. See https://curl.se/libcurl/c/libcurl-errors.html first for more details.
Error fetching https://electrek.co/feed/: Failed to perform, curl: (28) Connection timed out after 103011 milliseconds. See https://curl.se/libcurl/c/libcurl-errors.html first for more details.
Error fetching https://insideevs.com/rss/articles/all: Failed to perform, curl: (28) Operation timed out after 103053 milliseconds with 4950 out of 13365 bytes received. See https://curl.se/libcurl/c/libcurl-errors.html first for more details.
Error fetching https://drive.hu/rss: Failed to perform, curl: (28) Operation timed out after 101732 milliseconds with 0 bytes received. See https://curl.se/libcurl/c/libcurl-errors.html first for more details.
Error fetching https://prog.hu/site/backend/proghu-rss.xml: Failed to perform, curl: (28) Connection timed out after 98526 milliseconds. See https://curl.se/libcurl/c/libcurl-errors.html first for more details.
Error fetching https://24.hu/feed/: Failed to perform, curl: (28) Connection timed out after 98605 milliseconds. See https://curl.se/libcurl/c/libcurl-errors.html first for more details.
Error fetching https://blog.google/rss/: Failed to perform, curl: (28) Connection timed out after 104384 milliseconds. See https://curl.se/libcurl/c/libcurl-errors.html first for more details.
Error fetching https://cliffhanger.hu/feed: HTTP Error 403: 
Error fetching https://femina.hu/feed: HTTP Error 404: Not Found
Error fetching https://cliffhanger.hu/feed: HTTP Error 403: 
Error fetching https://femina.hu/feed: HTTP Error 404: Not Found
Error fetching https://hwsw.hu/hirek/rss: HTTP Error 404: 
Error fetching https://velvet.hu/feed: HTTP Error 404: Not Found
Error fetching https://velvet.hu/feed: HTTP Error 404: Not Found
Error fetching https://hwsw.hu/hirek/rss: HTTP Error 404: 
Error fetching https://instylemen.hu/feed: HTTP Error 404: 
Error fetching https://instylemen.hu/feed: HTTP Error 404: 
Error fetching https://sokszinuvidek.24.hu/feed/: Failed to perform, curl: (28) Connection timed out after 10003 milliseconds. See https://curl.se/libcurl/c/libcurl-errors.html first for more details.
[14:47:21] Image_Downloader: Download failed (https://www.hwsw.hu/kepek/hirek/2026/07/cream_pie_face.jpg): ('Connection aborted.', ConnectionResetError(54, 'Connection reset by peer'))
[14:47:22] Image_Downloader: Download failed (https://raw.githubusercontent.com/Derushir/Kepek/main/67c6357751300334f52e35f893ac854f/news/tobb-millio-fos-osi-civilizaciot-fedeztek-fel-az-amazonas-me.jpg): HTTPSConnectionPool(host='raw.githubusercontent.com', port=443): Read timed out. (read timeout=5)
[14:47:22] Image_Downloader: Download failed (https://raw.githubusercontent.com/Derushir/Kepek/main/67c6357751300334f52e35f893ac854f/news/magyarorszagon-is-megjelent-az-audi-q9-a-luxus-suv-ara-42-mi.jpg): 404 Client Error: Not Found for url: https://raw.githubusercontent.com/Derushir/Kepek/main/67c6357751300334f52e35f893ac854f/news/magyarorszagon-is-megjelent-az-audi-q9-a-luxus-suv-ara-42-mi.jpg
[14:47:22] Image_Downloader: Download failed (https://raw.githubusercontent.com/Derushir/Kepek/main/67c6357751300334f52e35f893ac854f/news/elvetette-a-bmw-a-mercedes-g-osztaly-rivalisanak-fejlesztese.jpg): 404 Client Error: Not Found for url: https://raw.githubusercontent.com/Derushir/Kepek/main/67c6357751300334f52e35f893ac854f/news/elvetette-a-bmw-a-mercedes-g-osztaly-rivalisanak-fejlesztese.jpg
[14:47:22] Image_Downloader: Download failed (https://raw.githubusercontent.com/Derushir/Kepek/main/67c6357751300334f52e35f893ac854f/news/brutto-620-ezer-forintnal-kezdodik-a-jomod-magyarorszagon-ta.jpg): 404 Client Error: Not Found for url: https://raw.githubusercontent.com/Derushir/Kepek/main/67c6357751300334f52e35f893ac854f/news/brutto-620-ezer-forintnal-kezdodik-a-jomod-magyarorszagon-ta.jpg
[14:47:22] Image_Downloader: Download failed (https://raw.githubusercontent.com/Derushir/Kepek/main/67c6357751300334f52e35f893ac854f/news/palyazatot-irtak-ki-a-nemzeti-filmintezet-vezerigazgatoi-pos.jpg): 404 Client Error: Not Found for url: https://raw.githubusercontent.com/Derushir/Kepek/main/67c6357751300334f52e35f893ac854f/news/palyazatot-irtak-ki-a-nemzeti-filmintezet-vezerigazgatoi-pos.jpg
[14:47:22] Image_Downloader: Download failed (https://raw.githubusercontent.com/Derushir/Kepek/main/67c6357751300334f52e35f893ac854f/news/tobb-millio-fos-osi-civilizaciot-fedeztek-fel-az-amazonas-me.jpg): 404 Client Error: Not Found for url: https://raw.githubusercontent.com/Derushir/Kepek/main/67c6357751300334f52e35f893ac854f/news/tobb-millio-fos-osi-civilizaciot-fedeztek-fel-az-amazonas-me.jpg
[14:47:22] Image_Downloader: Download failed (https://raw.githubusercontent.com/Derushir/Kepek/main/67c6357751300334f52e35f893ac854f/news/magyarorszagon-is-megjelent-az-audi-q9-a-luxus-suv-ara-42-mi.jpg): 404 Client Error: Not Found for url: https://raw.githubusercontent.com/Derushir/Kepek/main/67c6357751300334f52e35f893ac854f/news/magyarorszagon-is-megjelent-az-audi-q9-a-luxus-suv-ara-42-mi.jpg
[14:47:22] Image_Downloader: Download failed (https://raw.githubusercontent.com/Derushir/Kepek/main/67c6357751300334f52e35f893ac854f/news/a-mol-csoport-720-millio-dollarert-vasarol-be-egy-hatalmas-c.jpg): 404 Client Error: Not Found for url: https://raw.githubusercontent.com/Derushir/Kepek/main/67c6357751300334f52e35f893ac854f/news/a-mol-csoport-720-millio-dollarert-vasarol-be-egy-hatalmas-c.jpg
[14:47:22] Image_Downloader: Download failed (https://raw.githubusercontent.com/Derushir/Kepek/main/67c6357751300334f52e35f893ac854f/news/latvanyos-felvetel-a-dark-doodad-kod-es-az-ngc-4372-csillagh.jpg): 404 Client Error: Not Found for url: https://raw.githubusercontent.com/Derushir/Kepek/main/67c6357751300334f52e35f893ac854f/news/latvanyos-felvetel-a-dark-doodad-kod-es-az-ngc-4372-csillagh.jpg
[14:47:22] Image_Downloader: Download failed (https://raw.githubusercontent.com/Derushir/Kepek/main/67c6357751300334f52e35f893ac854f/news/palyazatot-irtak-ki-a-nemzeti-filmintezet-vezerigazgatoi-pos.jpg): 404 Client Error: Not Found for url: https://raw.githubusercontent.com/Derushir/Kepek/main/67c6357751300334f52e35f893ac854f/news/palyazatot-irtak-ki-a-nemzeti-filmintezet-vezerigazgatoi-pos.jpg
[14:47:23] Image_Downloader: Download failed (https://raw.githubusercontent.com/Derushir/Kepek/main/67c6357751300334f52e35f893ac854f/news/a-gm-es-a-ford-is-harcba-szall-az-amerikai-hadsereg-uj-jarmu.jpg): 404 Client Error: Not Found for url: https://raw.githubusercontent.com/Derushir/Kepek/main/67c6357751300334f52e35f893ac854f/news/a-gm-es-a-ford-is-harcba-szall-az-amerikai-hadsereg-uj-jarmu.jpg
[14:47:23] Image_Downloader: Download failed (https://vezess2.p3k.hu/app/uploads/2026/07/gwm-tank-500-3-0-td_03-001-1200x801.jpg): HTTPSConnectionPool(host='vezess2.p3k.hu', port=443): Read timed out. (read timeout=5)
[14:47:23] Image_Downloader: Download failed (https://raw.githubusercontent.com/Derushir/Kepek/main/67c6357751300334f52e35f893ac854f/news/limitalt-kiadasu-tag-heuer-carrera-chronograph-a-team-ikuzaw.jpg): 404 Client Error: Not Found for url: https://raw.githubusercontent.com/Derushir/Kepek/main/67c6357751300334f52e35f893ac854f/news/limitalt-kiadasu-tag-heuer-carrera-chronograph-a-team-ikuzaw.jpg
[14:47:23] Image_Downloader: Download failed (https://raw.githubusercontent.com/Derushir/Kepek/main/67c6357751300334f52e35f893ac854f/news/inflacios-nyomas-az-eurozonaban-szeptemberben-kamatemeles-va.jpg): 404 Client Error: Not Found for url: https://raw.githubusercontent.com/Derushir/Kepek/main/67c6357751300334f52e35f893ac854f/news/inflacios-nyomas-az-eurozonaban-szeptemberben-kamatemeles-va.jpg
[14:47:23] Image_Downloader: Download failed (https://raw.githubusercontent.com/Derushir/Kepek/main/67c6357751300334f52e35f893ac854f/news/inflacios-nyomas-az-eurozonaban-szeptemberben-kamatemeles-va.jpg): 404 Client Error: Not Found for url: https://raw.githubusercontent.com/Derushir/Kepek/main/67c6357751300334f52e35f893ac854f/news/inflacios-nyomas-az-eurozonaban-szeptemberben-kamatemeles-va.jpg
[14:47:23] Image_Downloader: Download failed (https://raw.githubusercontent.com/Derushir/Kepek/main/67c6357751300334f52e35f893ac854f/news/limitalt-kiadasu-tag-heuer-carrera-chronograph-a-team-ikuzaw.jpg): 404 Client Error: Not Found for url: https://raw.githubusercontent.com/Derushir/Kepek/main/67c6357751300334f52e35f893ac854f/news/limitalt-kiadasu-tag-heuer-carrera-chronograph-a-team-ikuzaw.jpg
[14:47:23] Image_Downloader: Download failed (https://raw.githubusercontent.com/Derushir/Kepek/main/67c6357751300334f52e35f893ac854f/news/belfoldon-dragult-az-ipari-termeles-mikozben-az-exportarak-c.jpg): 404 Client Error: Not Found for url: https://raw.githubusercontent.com/Derushir/Kepek/main/67c6357751300334f52e35f893ac854f/news/belfoldon-dragult-az-ipari-termeles-mikozben-az-exportarak-c.jpg
[14:47:23] Image_Downloader: Download failed (https://raw.githubusercontent.com/Derushir/Kepek/main/67c6357751300334f52e35f893ac854f/news/belfoldon-dragult-az-ipari-termeles-mikozben-az-exportarak-c.jpg): 404 Client Error: Not Found for url: https://raw.githubusercontent.com/Derushir/Kepek/main/67c6357751300334f52e35f893ac854f/news/belfoldon-dragult-az-ipari-termeles-mikozben-az-exportarak-c.jpg
[14:47:23] Image_Downloader: Download failed (https://raw.githubusercontent.com/Derushir/Kepek/main/67c6357751300334f52e35f893ac854f/news/jelentosen-novelte-elektromos-furgonflottajat-az-amazon-a-ri.jpg): 404 Client Error: Not Found for url: https://raw.githubusercontent.com/Derushir/Kepek/main/67c6357751300334f52e35f893ac854f/news/jelentosen-novelte-elektromos-furgonflottajat-az-amazon-a-ri.jpg
[14:47:23] Image_Downloader: Download failed (https://raw.githubusercontent.com/Derushir/Kepek/main/67c6357751300334f52e35f893ac854f/news/jelentosen-novelte-elektromos-furgonflottajat-az-amazon-a-ri.jpg): 404 Client Error: Not Found for url: https://raw.githubusercontent.com/Derushir/Kepek/main/67c6357751300334f52e35f893ac854f/news/jelentosen-novelte-elektromos-furgonflottajat-az-amazon-a-ri.jpg
[14:47:23] Image_Downloader: Download failed (https://raw.githubusercontent.com/Derushir/Kepek/main/67c6357751300334f52e35f893ac854f/news/tiz-szazalek-alatti-kamattal-is-elerhetoek-mar-szemelyi-kolc.jpg): 404 Client Error: Not Found for url: https://raw.githubusercontent.com/Derushir/Kepek/main/67c6357751300334f52e35f893ac854f/news/tiz-szazalek-alatti-kamattal-is-elerhetoek-mar-szemelyi-kolc.jpg
[14:47:23] Image_Downloader: Download failed (https://raw.githubusercontent.com/Derushir/Kepek/main/67c6357751300334f52e35f893ac854f/news/energiavalsag-budapesti-ettermek-kapcsoljak-le-a-vilagitast-.webp): 404 Client Error: Not Found for url: https://raw.githubusercontent.com/Derushir/Kepek/main/67c6357751300334f52e35f893ac854f/news/energiavalsag-budapesti-ettermek-kapcsoljak-le-a-vilagitast-.webp
[14:47:24] Image_Downloader: Download failed (https://raw.githubusercontent.com/Derushir/Kepek/main/67c6357751300334f52e35f893ac854f/news/energiavalsag-budapesti-ettermek-kapcsoljak-le-a-vilagitast-.webp): 404 Client Error: Not Found for url: https://raw.githubusercontent.com/Derushir/Kepek/main/67c6357751300334f52e35f893ac854f/news/energiavalsag-budapesti-ettermek-kapcsoljak-le-a-vilagitast-.webp
[14:47:24] Image_Downloader: Download failed (https://raw.githubusercontent.com/Derushir/Kepek/main/67c6357751300334f52e35f893ac854f/news/jelentos-elenkules-a-magyar-lakaspiacon-22-szazalekkal-tobb-.jpg): 404 Client Error: Not Found for url: https://raw.githubusercontent.com/Derushir/Kepek/main/67c6357751300334f52e35f893ac854f/news/jelentos-elenkules-a-magyar-lakaspiacon-22-szazalekkal-tobb-.jpg
[14:47:25] Image_Downloader: Download failed (https://raw.githubusercontent.com/Derushir/Kepek/main/67c6357751300334f52e35f893ac854f/news/tiz-szazalek-alatti-kamattal-is-elerhetoek-mar-szemelyi-kolc.jpg): 404 Client Error: Not Found for url: https://raw.githubusercontent.com/Derushir/Kepek/main/67c6357751300334f52e35f893ac854f/news/tiz-szazalek-alatti-kamattal-is-elerhetoek-mar-szemelyi-kolc.jpg
[14:47:25] Image_Downloader: Download failed (https://raw.githubusercontent.com/Derushir/Kepek/main/67c6357751300334f52e35f893ac854f/news/hibrid-modellekkel-erosit-az-audi-az-amerikai-piacon.jpg): 404 Client Error: Not Found for url: https://raw.githubusercontent.com/Derushir/Kepek/main/67c6357751300334f52e35f893ac854f/news/hibrid-modellekkel-erosit-az-audi-az-amerikai-piacon.jpg
[14:47:25] Image_Downloader: Download failed (https://raw.githubusercontent.com/Derushir/Kepek/main/67c6357751300334f52e35f893ac854f/news/hibrid-modellekkel-erosit-az-audi-az-amerikai-piacon.jpg): 404 Client Error: Not Found for url: https://raw.githubusercontent.com/Derushir/Kepek/main/67c6357751300334f52e35f893ac854f/news/hibrid-modellekkel-erosit-az-audi-az-amerikai-piacon.jpg
[14:47:25] Image_Downloader: Download failed (https://raw.githubusercontent.com/Derushir/Kepek/main/67c6357751300334f52e35f893ac854f/news/tobb-mint-60-alkotas-tavozik-augusztusban-az-hbo-max-kinalat.png): 404 Client Error: Not Found for url: https://raw.githubusercontent.com/Derushir/Kepek/main/67c6357751300334f52e35f893ac854f/news/tobb-mint-60-alkotas-tavozik-augusztusban-az-hbo-max-kinalat.png
[14:47:26] Image_Downloader: Download failed (https://raw.githubusercontent.com/Derushir/Kepek/main/67c6357751300334f52e35f893ac854f/news/balatonszemesen-vacsorazott-bill-nighy-a-vilaghiru-brit-szin.jpg): 404 Client Error: Not Found for url: https://raw.githubusercontent.com/Derushir/Kepek/main/67c6357751300334f52e35f893ac854f/news/balatonszemesen-vacsorazott-bill-nighy-a-vilaghiru-brit-szin.jpg
[14:47:26] Image_Downloader: Download failed (https://raw.githubusercontent.com/Derushir/Kepek/main/67c6357751300334f52e35f893ac854f/news/szeptemberben-erkezik-a-hazai-mozikba-a-zuhanas-2.jpg): 404 Client Error: Not Found for url: https://raw.githubusercontent.com/Derushir/Kepek/main/67c6357751300334f52e35f893ac854f/news/szeptemberben-erkezik-a-hazai-mozikba-a-zuhanas-2.jpg
[14:47:26] Image_Downloader: Download failed (https://raw.githubusercontent.com/Derushir/Kepek/main/67c6357751300334f52e35f893ac854f/news/ido-elott-szivargott-ki-az-elden-ring-film-forgatasanak-befe.jpg): 404 Client Error: Not Found for url: https://raw.githubusercontent.com/Derushir/Kepek/main/67c6357751300334f52e35f893ac854f/news/ido-elott-szivargott-ki-az-elden-ring-film-forgatasanak-befe.jpg
[14:47:26] Image_Downloader: Download failed (https://raw.githubusercontent.com/Derushir/Kepek/main/67c6357751300334f52e35f893ac854f/news/indonezia-kulonleges-latvanyossaga-a-csirke-alaku-imahaz.jpg): 404 Client Error: Not Found for url: https://raw.githubusercontent.com/Derushir/Kepek/main/67c6357751300334f52e35f893ac854f/news/indonezia-kulonleges-latvanyossaga-a-csirke-alaku-imahaz.jpg
[14:47:27] Image_Downloader: Download failed (https://raw.githubusercontent.com/Derushir/Kepek/main/67c6357751300334f52e35f893ac854f/news/nosztalgia-es-kozos-elmenyek-ujra-lesz-nulladik-nap-a-sziget.webp): 404 Client Error: Not Found for url: https://raw.githubusercontent.com/Derushir/Kepek/main/67c6357751300334f52e35f893ac854f/news/nosztalgia-es-kozos-elmenyek-ujra-lesz-nulladik-nap-a-sziget.webp
[14:47:27] Image_Downloader: Download failed (https://raw.githubusercontent.com/Derushir/Kepek/main/67c6357751300334f52e35f893ac854f/news/balatonszemesen-vacsorazott-bill-nighy-a-vilaghiru-brit-szin.jpg): 404 Client Error: Not Found for url: https://raw.githubusercontent.com/Derushir/Kepek/main/67c6357751300334f52e35f893ac854f/news/balatonszemesen-vacsorazott-bill-nighy-a-vilaghiru-brit-szin.jpg
[14:47:27] Image_Downloader: Download failed (https://raw.githubusercontent.com/Derushir/Kepek/main/67c6357751300334f52e35f893ac854f/news/dasha-uj-pop-country-dallal-a-memoval-valaszol-a-kritikusokn.jpg): 404 Client Error: Not Found for url: https://raw.githubusercontent.com/Derushir/Kepek/main/67c6357751300334f52e35f893ac854f/news/dasha-uj-pop-country-dallal-a-memoval-valaszol-a-kritikusokn.jpg
[14:47:27] Image_Downloader: Download failed (https://raw.githubusercontent.com/Derushir/Kepek/main/67c6357751300334f52e35f893ac854f/news/zokogva-es-panikrohamokkal-menekult-el-sajat-filmje-forgatas.webp): 404 Client Error: Not Found for url: https://raw.githubusercontent.com/Derushir/Kepek/main/67c6357751300334f52e35f893ac854f/news/zokogva-es-panikrohamokkal-menekult-el-sajat-filmje-forgatas.webp
[14:47:27] Image_Downloader: Download failed (https://raw.githubusercontent.com/Derushir/Kepek/main/67c6357751300334f52e35f893ac854f/news/uj-korszakot-nyit-nle-choppa-a-shiloh-alteregoval.jpg): 404 Client Error: Not Found for url: https://raw.githubusercontent.com/Derushir/Kepek/main/67c6357751300334f52e35f893ac854f/news/uj-korszakot-nyit-nle-choppa-a-shiloh-alteregoval.jpg
[14:47:27] Image_Downloader: Download failed (https://raw.githubusercontent.com/Derushir/Kepek/main/67c6357751300334f52e35f893ac854f/news/harmincdalos-filmzenealbummal-jelentkezett-a-green-day.jpg): 404 Client Error: Not Found for url: https://raw.githubusercontent.com/Derushir/Kepek/main/67c6357751300334f52e35f893ac854f/news/harmincdalos-filmzenealbummal-jelentkezett-a-green-day.jpg
[14:47:27] Image_Downloader: Download failed (https://raw.githubusercontent.com/Derushir/Kepek/main/67c6357751300334f52e35f893ac854f/news/indonezia-kulonleges-latvanyossaga-a-csirke-alaku-imahaz.jpg): 404 Client Error: Not Found for url: https://raw.githubusercontent.com/Derushir/Kepek/main/67c6357751300334f52e35f893ac854f/news/indonezia-kulonleges-latvanyossaga-a-csirke-alaku-imahaz.jpg
[14:47:27] Image_Downloader: Download failed (https://raw.githubusercontent.com/Derushir/Kepek/main/67c6357751300334f52e35f893ac854f/news/szazeves-a-szentendrei-regi-muvesztelep-gigakiallitas-nyilt-.jpg): 404 Client Error: Not Found for url: https://raw.githubusercontent.com/Derushir/Kepek/main/67c6357751300334f52e35f893ac854f/news/szazeves-a-szentendrei-regi-muvesztelep-gigakiallitas-nyilt-.jpg
[14:47:27] Image_Downloader: Download failed (https://raw.githubusercontent.com/Derushir/Kepek/main/67c6357751300334f52e35f893ac854f/news/ido-elott-szivargott-ki-az-elden-ring-film-forgatasanak-befe.jpg): 404 Client Error: Not Found for url: https://raw.githubusercontent.com/Derushir/Kepek/main/67c6357751300334f52e35f893ac854f/news/ido-elott-szivargott-ki-az-elden-ring-film-forgatasanak-befe.jpg
[14:47:28] Image_Downloader: Download failed (https://raw.githubusercontent.com/Derushir/Kepek/main/67c6357751300334f52e35f893ac854f/news/ariana-grande-sotetebb-tonusu-studioalbummal-jelentkezett.jpg): 404 Client Error: Not Found for url: https://raw.githubusercontent.com/Derushir/Kepek/main/67c6357751300334f52e35f893ac854f/news/ariana-grande-sotetebb-tonusu-studioalbummal-jelentkezett.jpg
[14:47:28] Image_Downloader: Download failed (https://raw.githubusercontent.com/Derushir/Kepek/main/67c6357751300334f52e35f893ac854f/news/robert-downey-jr-hangja-gyozte-meg-a-rendezoket-a-doctor-doo.jpg): 404 Client Error: Not Found for url: https://raw.githubusercontent.com/Derushir/Kepek/main/67c6357751300334f52e35f893ac854f/news/robert-downey-jr-hangja-gyozte-meg-a-rendezoket-a-doctor-doo.jpg
[14:47:28] Image_Downloader: Download failed (https://raw.githubusercontent.com/Derushir/Kepek/main/67c6357751300334f52e35f893ac854f/news/nosztalgia-es-kozos-elmenyek-ujra-lesz-nulladik-nap-a-sziget.webp): 404 Client Error: Not Found for url: https://raw.githubusercontent.com/Derushir/Kepek/main/67c6357751300334f52e35f893ac854f/news/nosztalgia-es-kozos-elmenyek-ujra-lesz-nulladik-nap-a-sziget.webp
[14:47:29] Image_Downloader: Download failed (https://raw.githubusercontent.com/Derushir/Kepek/main/67c6357751300334f52e35f893ac854f/news/harmincdalos-filmzenealbummal-jelentkezett-a-green-day.jpg): 404 Client Error: Not Found for url: https://raw.githubusercontent.com/Derushir/Kepek/main/67c6357751300334f52e35f893ac854f/news/harmincdalos-filmzenealbummal-jelentkezett-a-green-day.jpg
[14:47:29] Image_Downloader: Download failed (https://raw.githubusercontent.com/Derushir/Kepek/main/67c6357751300334f52e35f893ac854f/news/szeptemberben-erkezik-a-hazai-mozikba-a-zuhanas-2.jpg): 404 Client Error: Not Found for url: https://raw.githubusercontent.com/Derushir/Kepek/main/67c6357751300334f52e35f893ac854f/news/szeptemberben-erkezik-a-hazai-mozikba-a-zuhanas-2.jpg
[14:47:29] Image_Downloader: Download failed (https://raw.githubusercontent.com/Derushir/Kepek/main/67c6357751300334f52e35f893ac854f/news/a-mol-csoport-720-millio-dollarert-vasarol-be-egy-hatalmas-c.jpg): 404 Client Error: Not Found for url: https://raw.githubusercontent.com/Derushir/Kepek/main/67c6357751300334f52e35f893ac854f/news/a-mol-csoport-720-millio-dollarert-vasarol-be-egy-hatalmas-c.jpg
[14:47:29] Image_Downloader: Download failed (https://raw.githubusercontent.com/Derushir/Kepek/main/67c6357751300334f52e35f893ac854f/news/a-gm-es-a-ford-is-harcba-szall-az-amerikai-hadsereg-uj-jarmu.jpg): 404 Client Error: Not Found for url: https://raw.githubusercontent.com/Derushir/Kepek/main/67c6357751300334f52e35f893ac854f/news/a-gm-es-a-ford-is-harcba-szall-az-amerikai-hadsereg-uj-jarmu.jpg
[14:47:30] Image_Downloader: Download failed (https://raw.githubusercontent.com/Derushir/Kepek/main/67c6357751300334f52e35f893ac854f/news/dasha-uj-pop-country-dallal-a-memoval-valaszol-a-kritikusokn.jpg): 404 Client Error: Not Found for url: https://raw.githubusercontent.com/Derushir/Kepek/main/67c6357751300334f52e35f893ac854f/news/dasha-uj-pop-country-dallal-a-memoval-valaszol-a-kritikusokn.jpg
[14:47:30] Image_Downloader: Download failed (https://raw.githubusercontent.com/Derushir/Kepek/main/67c6357751300334f52e35f893ac854f/news/uj-korszakot-nyit-nle-choppa-a-shiloh-alteregoval.jpg): 404 Client Error: Not Found for url: https://raw.githubusercontent.com/Derushir/Kepek/main/67c6357751300334f52e35f893ac854f/news/uj-korszakot-nyit-nle-choppa-a-shiloh-alteregoval.jpg
[14:47:30] Image_Downloader: Download failed (https://raw.githubusercontent.com/Derushir/Kepek/main/67c6357751300334f52e35f893ac854f/news/zokogva-es-panikrohamokkal-menekult-el-sajat-filmje-forgatas.webp): 404 Client Error: Not Found for url: https://raw.githubusercontent.com/Derushir/Kepek/main/67c6357751300334f52e35f893ac854f/news/zokogva-es-panikrohamokkal-menekult-el-sajat-filmje-forgatas.webp
[14:47:31] Image_Downloader: Download failed (https://raw.githubusercontent.com/Derushir/Kepek/main/67c6357751300334f52e35f893ac854f/news/a-disney-varatlanul-elkaszalta-a-wonder-man-cimu-marvel-soro.jpg): 404 Client Error: Not Found for url: https://raw.githubusercontent.com/Derushir/Kepek/main/67c6357751300334f52e35f893ac854f/news/a-disney-varatlanul-elkaszalta-a-wonder-man-cimu-marvel-soro.jpg
[14:47:31] Image_Downloader: Download failed (https://raw.githubusercontent.com/Derushir/Kepek/main/67c6357751300334f52e35f893ac854f/news/robert-downey-jr-hangja-gyozte-meg-a-rendezoket-a-doctor-doo.jpg): 404 Client Error: Not Found for url: https://raw.githubusercontent.com/Derushir/Kepek/main/67c6357751300334f52e35f893ac854f/news/robert-downey-jr-hangja-gyozte-meg-a-rendezoket-a-doctor-doo.jpg
[14:47:31] Image_Downloader: Download failed (https://cdn.penzcentrum.hu/images/articles/lead/2026/07/1783324900-FxfVorIut_lg.jpg): HTTPSConnectionPool(host='cdn.penzcentrum.hu', port=443): Read timed out. (read timeout=5)
[14:47:31] Image_Downloader: Download failed (https://raw.githubusercontent.com/Derushir/Kepek/main/67c6357751300334f52e35f893ac854f/news/szazeves-a-szentendrei-regi-muvesztelep-gigakiallitas-nyilt-.jpg): 404 Client Error: Not Found for url: https://raw.githubusercontent.com/Derushir/Kepek/main/67c6357751300334f52e35f893ac854f/news/szazeves-a-szentendrei-regi-muvesztelep-gigakiallitas-nyilt-.jpg
[14:47:31] Image_Downloader: Download failed (https://raw.githubusercontent.com/Derushir/Kepek/main/67c6357751300334f52e35f893ac854f/news/tobb-mint-60-alkotas-tavozik-augusztusban-az-hbo-max-kinalat.png): 404 Client Error: Not Found for url: https://raw.githubusercontent.com/Derushir/Kepek/main/67c6357751300334f52e35f893ac854f/news/tobb-mint-60-alkotas-tavozik-augusztusban-az-hbo-max-kinalat.png
[14:47:31] Image_Downloader: Download failed (https://raw.githubusercontent.com/Derushir/Kepek/main/67c6357751300334f52e35f893ac854f/news/romeo-beckham-a-tommy-hilfiger-uj-oszi-farmerkampanyanak-arc.png): 404 Client Error: Not Found for url: https://raw.githubusercontent.com/Derushir/Kepek/main/67c6357751300334f52e35f893ac854f/news/romeo-beckham-a-tommy-hilfiger-uj-oszi-farmerkampanyanak-arc.png
[14:47:31] Image_Downloader: Download failed (https://raw.githubusercontent.com/Derushir/Kepek/main/67c6357751300334f52e35f893ac854f/news/ariana-grande-sotetebb-tonusu-studioalbummal-jelentkezett.jpg): 404 Client Error: Not Found for url: https://raw.githubusercontent.com/Derushir/Kepek/main/67c6357751300334f52e35f893ac854f/news/ariana-grande-sotetebb-tonusu-studioalbummal-jelentkezett.jpg
[14:47:31] Image_Downloader: Download failed (https://raw.githubusercontent.com/Derushir/Kepek/main/67c6357751300334f52e35f893ac854f/news/miley-cyrus-az-atlantic-recordshoz-szerzodott-es-uj-albumra-.jpg): 404 Client Error: Not Found for url: https://raw.githubusercontent.com/Derushir/Kepek/main/67c6357751300334f52e35f893ac854f/news/miley-cyrus-az-atlantic-recordshoz-szerzodott-es-uj-albumra-.jpg
[14:47:31] Image_Downloader: Download failed (https://raw.githubusercontent.com/Derushir/Kepek/main/67c6357751300334f52e35f893ac854f/news/a-levitak-konyve-cimu-horror-a-melegkonverzios-terapiak-sote.webp): 404 Client Error: Not Found for url: https://raw.githubusercontent.com/Derushir/Kepek/main/67c6357751300334f52e35f893ac854f/news/a-levitak-konyve-cimu-horror-a-melegkonverzios-terapiak-sote.webp
[14:47:31] Image_Downloader: Download failed (https://raw.githubusercontent.com/Derushir/Kepek/main/67c6357751300334f52e35f893ac854f/news/reszletfizetesi-lehetoseget-vezet-be-a-sziget-fesztival.jpg): 404 Client Error: Not Found for url: https://raw.githubusercontent.com/Derushir/Kepek/main/67c6357751300334f52e35f893ac854f/news/reszletfizetesi-lehetoseget-vezet-be-a-sziget-fesztival.jpg
[14:47:32] Image_Downloader: Download failed (https://raw.githubusercontent.com/Derushir/Kepek/main/67c6357751300334f52e35f893ac854f/news/bruce-willis-gyulolte-a-die-hard-2-egyik-ikonikus-mondatat.webp): 404 Client Error: Not Found for url: https://raw.githubusercontent.com/Derushir/Kepek/main/67c6357751300334f52e35f893ac854f/news/bruce-willis-gyulolte-a-die-hard-2-egyik-ikonikus-mondatat.webp
[14:47:33] Image_Downloader: Download failed (https://raw.githubusercontent.com/Derushir/Kepek/main/67c6357751300334f52e35f893ac854f/news/ujra-cher-horowitz-sorozat-keszul-a-spinedzserek-cimu-kultfi.webp): 404 Client Error: Not Found for url: https://raw.githubusercontent.com/Derushir/Kepek/main/67c6357751300334f52e35f893ac854f/news/ujra-cher-horowitz-sorozat-keszul-a-spinedzserek-cimu-kultfi.webp
[14:47:34] Image_Downloader: Download failed (https://raw.githubusercontent.com/Derushir/Kepek/main/67c6357751300334f52e35f893ac854f/news/harmincharom-eves-a-sziget-fesztival-legendas-pillanatok-a-h.jpg): 404 Client Error: Not Found for url: https://raw.githubusercontent.com/Derushir/Kepek/main/67c6357751300334f52e35f893ac854f/news/harmincharom-eves-a-sziget-fesztival-legendas-pillanatok-a-h.jpg
[14:47:34] Image_Downloader: Download failed (https://raw.githubusercontent.com/Derushir/Kepek/main/67c6357751300334f52e35f893ac854f/news/maika-monroe-foszereplesevel-erkezik-a-victorian-psycho-cimu.jpg): 404 Client Error: Not Found for url: https://raw.githubusercontent.com/Derushir/Kepek/main/67c6357751300334f52e35f893ac854f/news/maika-monroe-foszereplesevel-erkezik-a-victorian-psycho-cimu.jpg
[14:47:34] Image_Downloader: Download failed (https://raw.githubusercontent.com/Derushir/Kepek/main/67c6357751300334f52e35f893ac854f/news/a-levitak-konyve-cimu-horror-a-melegkonverzios-terapiak-sote.webp): 404 Client Error: Not Found for url: https://raw.githubusercontent.com/Derushir/Kepek/main/67c6357751300334f52e35f893ac854f/news/a-levitak-konyve-cimu-horror-a-melegkonverzios-terapiak-sote.webp
[14:47:34] Image_Downloader: Download failed (https://www.pcguru.hu/images/news/2026-07/_balatonszemesen_lazit_a_harry_potter_es_a_karib-tenger_kalozai_sztarja__1785484888_c1c54978885bed268479.jpg): HTTPSConnectionPool(host='www.pcguru.hu', port=443): Read timed out. (read timeout=5)
[14:47:34] Image_Downloader: Download failed (https://raw.githubusercontent.com/Derushir/Kepek/main/67c6357751300334f52e35f893ac854f/news/maika-monroe-foszereplesevel-erkezik-a-victorian-psycho-cimu.jpg): HTTPSConnectionPool(host='raw.githubusercontent.com', port=443): Read timed out. (read timeout=5)
[14:47:35] Image_Downloader: Download failed (https://raw.githubusercontent.com/Derushir/Kepek/main/67c6357751300334f52e35f893ac854f/news/novemberben-erkezik-a-hivatalos-dungeons-dragons-world-of-wa.jpg): 404 Client Error: Not Found for url: https://raw.githubusercontent.com/Derushir/Kepek/main/67c6357751300334f52e35f893ac854f/news/novemberben-erkezik-a-hivatalos-dungeons-dragons-world-of-wa.jpg
[14:47:36] Image_Downloader: Download failed (https://raw.githubusercontent.com/Derushir/Kepek/main/67c6357751300334f52e35f893ac854f/news/kinaban-tarol-az-uj-pokember-tom-holland-szerint-a-korai-ver.webp): HTTPSConnectionPool(host='raw.githubusercontent.com', port=443): Read timed out. (read timeout=5)
[14:47:36] Image_Downloader: Download failed (https://raw.githubusercontent.com/Derushir/Kepek/main/67c6357751300334f52e35f893ac854f/news/romeo-beckham-a-tommy-hilfiger-uj-oszi-farmerkampanyanak-arc.png): 404 Client Error: Not Found for url: https://raw.githubusercontent.com/Derushir/Kepek/main/67c6357751300334f52e35f893ac854f/news/romeo-beckham-a-tommy-hilfiger-uj-oszi-farmerkampanyanak-arc.png
[14:47:37] Image_Downloader: Download failed (https://raw.githubusercontent.com/Derushir/Kepek/main/67c6357751300334f52e35f893ac854f/news/ujrakiadast-vagy-felujitast-kaphat-a-the-lord-of-the-rings-w.jpg): 404 Client Error: Not Found for url: https://raw.githubusercontent.com/Derushir/Kepek/main/67c6357751300334f52e35f893ac854f/news/ujrakiadast-vagy-felujitast-kaphat-a-the-lord-of-the-rings-w.jpg
[14:47:37] Image_Downloader: Download failed (https://raw.githubusercontent.com/Derushir/Kepek/main/67c6357751300334f52e35f893ac854f/news/105-millio-dollarra-perlik-a-netflixet-egy-ellopott-nicolas-.webp): HTTPSConnectionPool(host='raw.githubusercontent.com', port=443): Read timed out. (read timeout=5)
[14:47:38] Image_Downloader: Download failed (https://raw.githubusercontent.com/Derushir/Kepek/main/67c6357751300334f52e35f893ac854f/news/tom-holland-a-the-last-of-us-part-2-t-tartja-kedvenc-jatekan.jpg): 404 Client Error: Not Found for url: https://raw.githubusercontent.com/Derushir/Kepek/main/67c6357751300334f52e35f893ac854f/news/tom-holland-a-the-last-of-us-part-2-t-tartja-kedvenc-jatekan.jpg
[14:47:38] Image_Downloader: Download failed (https://raw.githubusercontent.com/Derushir/Kepek/main/67c6357751300334f52e35f893ac854f/news/miley-cyrus-az-atlantic-recordshoz-szerzodott-es-uj-albumra-.jpg): 404 Client Error: Not Found for url: https://raw.githubusercontent.com/Derushir/Kepek/main/67c6357751300334f52e35f893ac854f/news/miley-cyrus-az-atlantic-recordshoz-szerzodott-es-uj-albumra-.jpg
[14:47:39] Image_Downloader: Download failed (https://raw.githubusercontent.com/Derushir/Kepek/main/67c6357751300334f52e35f893ac854f/news/105-millio-dollarra-perlik-a-netflixet-egy-ellopott-nicolas-.webp): 404 Client Error: Not Found for url: https://raw.githubusercontent.com/Derushir/Kepek/main/67c6357751300334f52e35f893ac854f/news/105-millio-dollarra-perlik-a-netflixet-egy-ellopott-nicolas-.webp
[14:47:40] Image_Downloader: Download failed (https://raw.githubusercontent.com/Derushir/Kepek/main/67c6357751300334f52e35f893ac854f/news/welcome-to-kowloon-nyomaszto-horrorelmeny-de-technikai-hibak.jpg): 404 Client Error: Not Found for url: https://raw.githubusercontent.com/Derushir/Kepek/main/67c6357751300334f52e35f893ac854f/news/welcome-to-kowloon-nyomaszto-horrorelmeny-de-technikai-hibak.jpg
[14:47:40] Image_Downloader: Download failed (https://raw.githubusercontent.com/Derushir/Kepek/main/67c6357751300334f52e35f893ac854f/news/harmincharom-eves-a-sziget-fesztival-legendas-pillanatok-a-h.jpg): 404 Client Error: Not Found for url: https://raw.githubusercontent.com/Derushir/Kepek/main/67c6357751300334f52e35f893ac854f/news/harmincharom-eves-a-sziget-fesztival-legendas-pillanatok-a-h.jpg
[14:47:40] Image_Downloader: Download failed (https://assets.telex.hu/images/20260728/1785250168-temp-al7vc8u96l0ocjdjoki_facebook.jpg): HTTPSConnectionPool(host='assets.telex.hu', port=443): Read timed out. (read timeout=5)
[14:47:40] Image_Downloader: Download failed (https://raw.githubusercontent.com/Derushir/Kepek/main/67c6357751300334f52e35f893ac854f/news/a-pragmata-fejlesztoi-majdnem-megvaltoztattak-diana-karakter.jpg): 404 Client Error: Not Found for url: https://raw.githubusercontent.com/Derushir/Kepek/main/67c6357751300334f52e35f893ac854f/news/a-pragmata-fejlesztoi-majdnem-megvaltoztattak-diana-karakter.jpg
[14:47:40] Image_Downloader: Download failed (https://raw.githubusercontent.com/Derushir/Kepek/main/67c6357751300334f52e35f893ac854f/news/befejezodott-az-elden-ring-film-forgatasa.jpg): 404 Client Error: Not Found for url: https://raw.githubusercontent.com/Derushir/Kepek/main/67c6357751300334f52e35f893ac854f/news/befejezodott-az-elden-ring-film-forgatasa.jpg
[14:47:41] Image_Downloader: Download failed (https://raw.githubusercontent.com/Derushir/Kepek/main/67c6357751300334f52e35f893ac854f/news/a-disney-varatlanul-elkaszalta-a-wonder-man-cimu-marvel-soro.jpg): HTTPSConnectionPool(host='raw.githubusercontent.com', port=443): Read timed out. (read timeout=5)
[14:47:41] Image_Downloader: Download failed (https://kep.cdn.index.hu/1/0/7076/70767/707675/70767539_5219765_881e5effe94858bfc68abaa2c29b7973_wm.jpg): HTTPSConnectionPool(host='kep.cdn.index.hu', port=443): Read timed out. (read timeout=5)
[14:47:42] Image_Downloader: Download failed (https://raw.githubusercontent.com/Derushir/Kepek/main/67c6357751300334f52e35f893ac854f/news/mikrotranzakciok-nelkul-erkezik-a-gears-of-war-e-day.jpg): 404 Client Error: Not Found for url: https://raw.githubusercontent.com/Derushir/Kepek/main/67c6357751300334f52e35f893ac854f/news/mikrotranzakciok-nelkul-erkezik-a-gears-of-war-e-day.jpg
[14:47:42] Image_Downloader: Download failed (https://raw.githubusercontent.com/Derushir/Kepek/main/67c6357751300334f52e35f893ac854f/news/kinaban-tarol-az-uj-pokember-tom-holland-szerint-a-korai-ver.webp): 404 Client Error: Not Found for url: https://raw.githubusercontent.com/Derushir/Kepek/main/67c6357751300334f52e35f893ac854f/news/kinaban-tarol-az-uj-pokember-tom-holland-szerint-a-korai-ver.webp
[14:47:42] Image_Downloader: Download failed (https://kep.cdn.index.hu/1/0/7075/70753/707538/70753845_5218779_ca901af6d368aaf08c6d496d3f805fc4_wm.jpg): HTTPSConnectionPool(host='kep.cdn.index.hu', port=443): Read timed out. (read timeout=5)
[14:47:43] Image_Downloader: Download failed (https://raw.githubusercontent.com/Derushir/Kepek/main/67c6357751300334f52e35f893ac854f/news/novemberben-erkezik-a-hivatalos-dungeons-dragons-world-of-wa.jpg): 404 Client Error: Not Found for url: https://raw.githubusercontent.com/Derushir/Kepek/main/67c6357751300334f52e35f893ac854f/news/novemberben-erkezik-a-hivatalos-dungeons-dragons-world-of-wa.jpg
[14:47:43] Image_Downloader: Download failed (https://raw.githubusercontent.com/Derushir/Kepek/main/67c6357751300334f52e35f893ac854f/news/ujra-cher-horowitz-sorozat-keszul-a-spinedzserek-cimu-kultfi.webp): HTTPSConnectionPool(host='raw.githubusercontent.com', port=443): Read timed out. (read timeout=5)
[14:47:44] Image_Downloader: Download failed (https://raw.githubusercontent.com/Derushir/Kepek/main/67c6357751300334f52e35f893ac854f/news/a-metallica-a-gears-of-war-e-day-hivatalos-partnere-lesz.jpg): 404 Client Error: Not Found for url: https://raw.githubusercontent.com/Derushir/Kepek/main/67c6357751300334f52e35f893ac854f/news/a-metallica-a-gears-of-war-e-day-hivatalos-partnere-lesz.jpg
[14:47:44] Image_Downloader: Download failed (https://raw.githubusercontent.com/Derushir/Kepek/main/67c6357751300334f52e35f893ac854f/news/az-oregedes-biologiai-hattere-es-az-eletmodbeli-beavatkozaso.webp): 404 Client Error: Not Found for url: https://raw.githubusercontent.com/Derushir/Kepek/main/67c6357751300334f52e35f893ac854f/news/az-oregedes-biologiai-hattere-es-az-eletmodbeli-beavatkozaso.webp
[14:47:45] Image_Downloader: Download failed (https://www.maxim.com/wp-content/uploads/2026/07/BoninPhoto.jpg): HTTPSConnectionPool(host='www.maxim.com', port=443): Read timed out. (read timeout=5)
[14:47:45] Image_Downloader: Download failed (https://raw.githubusercontent.com/Derushir/Kepek/main/67c6357751300334f52e35f893ac854f/news/reszletfizetesi-lehetoseget-vezet-be-a-sziget-fesztival.jpg): 404 Client Error: Not Found for url: https://raw.githubusercontent.com/Derushir/Kepek/main/67c6357751300334f52e35f893ac854f/news/reszletfizetesi-lehetoseget-vezet-be-a-sziget-fesztival.jpg
[14:47:46] Image_Downloader: Download failed (https://raw.githubusercontent.com/Derushir/Kepek/main/67c6357751300334f52e35f893ac854f/news/a-metallica-a-gears-of-war-e-day-hivatalos-partnere-lesz.jpg): HTTPSConnectionPool(host='raw.githubusercontent.com', port=443): Read timed out. (read timeout=5)
[14:47:46] Image_Downloader: Download failed (https://raw.githubusercontent.com/Derushir/Kepek/main/67c6357751300334f52e35f893ac854f/news/tom-holland-a-the-last-of-us-part-2-t-tartja-kedvenc-jatekan.jpg): 404 Client Error: Not Found for url: https://raw.githubusercontent.com/Derushir/Kepek/main/67c6357751300334f52e35f893ac854f/news/tom-holland-a-the-last-of-us-part-2-t-tartja-kedvenc-jatekan.jpg
[14:47:47] Image_Downloader: Download failed (https://raw.githubusercontent.com/Derushir/Kepek/main/67c6357751300334f52e35f893ac854f/news/5-csillagjegy-akik-a-vedikus-asztrologia-szerint-angyali-lel.jpg): 404 Client Error: Not Found for url: https://raw.githubusercontent.com/Derushir/Kepek/main/67c6357751300334f52e35f893ac854f/news/5-csillagjegy-akik-a-vedikus-asztrologia-szerint-angyali-lel.jpg
[14:47:47] Image_Downloader: Download failed (https://raw.githubusercontent.com/Derushir/Kepek/main/67c6357751300334f52e35f893ac854f/news/oktoberben-erkezhet-a-lego-playstation-1-keszlet.jpg): HTTPSConnectionPool(host='raw.githubusercontent.com', port=443): Read timed out. (read timeout=5)
[14:47:48] Image_Downloader: Download failed (https://raw.githubusercontent.com/Derushir/Kepek/main/67c6357751300334f52e35f893ac854f/news/het-gyakori-hiba-a-befozesnel-amitol-megromolhat-a-termes.jpg): 404 Client Error: Not Found for url: https://raw.githubusercontent.com/Derushir/Kepek/main/67c6357751300334f52e35f893ac854f/news/het-gyakori-hiba-a-befozesnel-amitol-megromolhat-a-termes.jpg
[14:47:48] Image_Downloader: Download failed (https://raw.githubusercontent.com/Derushir/Kepek/main/67c6357751300334f52e35f893ac854f/news/a-tropusi-ejszakak-valtak-az-uj-veszelyforrassa-a-hazai-nyar.jpg): 404 Client Error: Not Found for url: https://raw.githubusercontent.com/Derushir/Kepek/main/67c6357751300334f52e35f893ac854f/news/a-tropusi-ejszakak-valtak-az-uj-veszelyforrassa-a-hazai-nyar.jpg
[14:47:48] Summarizer: [Batch] 1 item(s) missing from response → marked for reprocessing
[14:47:49] Image_Downloader: Download failed (https://raw.githubusercontent.com/Derushir/Kepek/main/67c6357751300334f52e35f893ac854f/news/het-gyakori-hiba-a-befozesnel-amitol-megromolhat-a-termes.jpg): 404 Client Error: Not Found for url: https://raw.githubusercontent.com/Derushir/Kepek/main/67c6357751300334f52e35f893ac854f/news/het-gyakori-hiba-a-befozesnel-amitol-megromolhat-a-termes.jpg
[14:47:49] Image_Downloader: Download failed (https://raw.githubusercontent.com/Derushir/Kepek/main/67c6357751300334f52e35f893ac854f/news/tippek-a-nyari-zoldsegek-tartositasahoz-igy-tegyuk-el-oket-t.jpg): 404 Client Error: Not Found for url: https://raw.githubusercontent.com/Derushir/Kepek/main/67c6357751300334f52e35f893ac854f/news/tippek-a-nyari-zoldsegek-tartositasahoz-igy-tegyuk-el-oket-t.jpg
[14:47:49] Image_Downloader: Download failed (https://raw.githubusercontent.com/Derushir/Kepek/main/67c6357751300334f52e35f893ac854f/news/frome-a-somerseti-kisvaros-amiert-a-jobaratok-sztarja-is-raj.jpg): 404 Client Error: Not Found for url: https://raw.githubusercontent.com/Derushir/Kepek/main/67c6357751300334f52e35f893ac854f/news/frome-a-somerseti-kisvaros-amiert-a-jobaratok-sztarja-is-raj.jpg
[14:47:49] Image_Downloader: Download failed (https://raw.githubusercontent.com/Derushir/Kepek/main/67c6357751300334f52e35f893ac854f/news/mi-az-a-dupe-illat-utmutato-a-luxusparfumok-megfizetheto-alt.jpg): 404 Client Error: Not Found for url: https://raw.githubusercontent.com/Derushir/Kepek/main/67c6357751300334f52e35f893ac854f/news/mi-az-a-dupe-illat-utmutato-a-luxusparfumok-megfizetheto-alt.jpg
[14:47:49] Image_Downloader: Download failed (https://raw.githubusercontent.com/Derushir/Kepek/main/67c6357751300334f52e35f893ac854f/news/csapviz-szurt-viz-vagy-palackos-mi-a-fenntarthato-es-egeszse.jpg): 404 Client Error: Not Found for url: https://raw.githubusercontent.com/Derushir/Kepek/main/67c6357751300334f52e35f893ac854f/news/csapviz-szurt-viz-vagy-palackos-mi-a-fenntarthato-es-egeszse.jpg
[14:47:50] Image_Downloader: Download failed (https://raw.githubusercontent.com/Derushir/Kepek/main/67c6357751300334f52e35f893ac854f/news/tippek-a-nyari-zoldsegek-tartositasahoz-igy-tegyuk-el-oket-t.jpg): HTTPSConnectionPool(host='raw.githubusercontent.com', port=443): Read timed out. (read timeout=5)
[14:47:50] Image_Downloader: Download failed (https://raw.githubusercontent.com/Derushir/Kepek/main/67c6357751300334f52e35f893ac854f/news/miert-gyujtenek-kavicsokat-a-gyerekek-a-tudatos-fejlodes-jel.jpg): 404 Client Error: Not Found for url: https://raw.githubusercontent.com/Derushir/Kepek/main/67c6357751300334f52e35f893ac854f/news/miert-gyujtenek-kavicsokat-a-gyerekek-a-tudatos-fejlodes-jel.jpg
[14:47:50] Image_Downloader: Download failed (https://www.maxim.com/wp-content/uploads/2026/07/miley-cyrus-wonderland-cover-promo-1180x664.jpg): HTTPSConnectionPool(host='www.maxim.com', port=443): Read timed out. (read timeout=5)
[14:47:50] Image_Downloader: Download failed (https://raw.githubusercontent.com/Derushir/Kepek/main/67c6357751300334f52e35f893ac854f/news/oktoberben-erkezhet-a-lego-playstation-1-keszlet.jpg): HTTPSConnectionPool(host='raw.githubusercontent.com', port=443): Read timed out. (read timeout=5)
[14:47:50] Image_Downloader: Download failed (https://raw.githubusercontent.com/Derushir/Kepek/main/67c6357751300334f52e35f893ac854f/news/luxusotthonok-es-wellness-az-idosodo-tehetos-reteg-uj-ingatl.jpg): HTTPSConnectionPool(host='raw.githubusercontent.com', port=443): Read timed out. (read timeout=5)
[14:47:50] Image_Downloader: Download failed (https://raw.githubusercontent.com/Derushir/Kepek/main/67c6357751300334f52e35f893ac854f/news/varkonyi-andrea-visszautasitotta-toth-ildiko-ner-felesegekre.png): 404 Client Error: Not Found for url: https://raw.githubusercontent.com/Derushir/Kepek/main/67c6357751300334f52e35f893ac854f/news/varkonyi-andrea-visszautasitotta-toth-ildiko-ner-felesegekre.png
[14:47:50] Image_Downloader: Download failed (https://raw.githubusercontent.com/Derushir/Kepek/main/67c6357751300334f52e35f893ac854f/news/csapviz-szurt-viz-vagy-palackos-mi-a-fenntarthato-es-egeszse.jpg): 404 Client Error: Not Found for url: https://raw.githubusercontent.com/Derushir/Kepek/main/67c6357751300334f52e35f893ac854f/news/csapviz-szurt-viz-vagy-palackos-mi-a-fenntarthato-es-egeszse.jpg
[14:47:51] Image_Downloader: Download failed (https://raw.githubusercontent.com/Derushir/Kepek/main/67c6357751300334f52e35f893ac854f/news/uj-vervizsgalatok-segithetik-az-alzheimer-kor-korai-diagnozi.png): 404 Client Error: Not Found for url: https://raw.githubusercontent.com/Derushir/Kepek/main/67c6357751300334f52e35f893ac854f/news/uj-vervizsgalatok-segithetik-az-alzheimer-kor-korai-diagnozi.png
[14:47:51] Image_Downloader: Download failed (https://raw.githubusercontent.com/Derushir/Kepek/main/67c6357751300334f52e35f893ac854f/news/a-chi-chi-koktel-a-pina-colada-vodkas-frissito-alternativaja.jpg): 404 Client Error: Not Found for url: https://raw.githubusercontent.com/Derushir/Kepek/main/67c6357751300334f52e35f893ac854f/news/a-chi-chi-koktel-a-pina-colada-vodkas-frissito-alternativaja.jpg
[14:47:51] Image_Downloader: Download failed (https://raw.githubusercontent.com/Derushir/Kepek/main/67c6357751300334f52e35f893ac854f/news/bruce-willis-gyulolte-a-die-hard-2-egyik-ikonikus-mondatat.webp): 404 Client Error: Not Found for url: https://raw.githubusercontent.com/Derushir/Kepek/main/67c6357751300334f52e35f893ac854f/news/bruce-willis-gyulolte-a-die-hard-2-egyik-ikonikus-mondatat.webp
[14:47:52] Image_Downloader: Download failed (https://raw.githubusercontent.com/Derushir/Kepek/main/67c6357751300334f52e35f893ac854f/news/szelektivebbe-valhat-a-kriptopiac-kevesebb-nyertes-az-altcoi.jpg): HTTPSConnectionPool(host='raw.githubusercontent.com', port=443): Read timed out. (read timeout=5)
[14:47:52] Image_Downloader: Download failed (https://raw.githubusercontent.com/Derushir/Kepek/main/67c6357751300334f52e35f893ac854f/news/hatastalanok-lehetnek-a-munkaeropiaci-felkeszito-programok.jpg): HTTPSConnectionPool(host='raw.githubusercontent.com', port=443): Read timed out. (read timeout=5)
[14:47:53] Image_Downloader: Download failed (https://raw.githubusercontent.com/Derushir/Kepek/main/67c6357751300334f52e35f893ac854f/news/a-kriptotozsdeken-robbanasszeruen-no-a-tokenizalt-eszkozok-k.jpg): 404 Client Error: Not Found for url: https://raw.githubusercontent.com/Derushir/Kepek/main/67c6357751300334f52e35f893ac854f/news/a-kriptotozsdeken-robbanasszeruen-no-a-tokenizalt-eszkozok-k.jpg
[14:47:56] Image_Downloader: Download failed (https://raw.githubusercontent.com/Derushir/Kepek/main/67c6357751300334f52e35f893ac854f/news/penzugyi-utmutato-az-elso-lakokocsis-nyaralashoz.jpg): HTTPSConnectionPool(host='raw.githubusercontent.com', port=443): Read timed out. (read timeout=5)
[14:47:57] Summarizer: [Batch] 1 item(s) missing from response → marked for reprocessing
[14:47:57] Image_Downloader: Download failed (https://raw.githubusercontent.com/Derushir/Kepek/main/67c6357751300334f52e35f893ac854f/news/a-kriptotozsdeken-robbanasszeruen-no-a-tokenizalt-eszkozok-k.jpg): HTTPSConnectionPool(host='raw.githubusercontent.com', port=443): Read timed out. (read timeout=5)
[14:47:57] Image_Downloader: Download failed (https://raw.githubusercontent.com/Derushir/Kepek/main/67c6357751300334f52e35f893ac854f/news/kovaszos-peksutemenyekkel-es-bekebeli-receptekkel-nyitott-me.jpg): HTTPSConnectionPool(host='raw.githubusercontent.com', port=443): Read timed out. (read timeout=5)
[14:47:57] Image_Downloader: Download failed (https://raw.githubusercontent.com/Derushir/Kepek/main/67c6357751300334f52e35f893ac854f/news/a-pragmata-fejlesztoi-majdnem-megvaltoztattak-diana-karakter.jpg): 404 Client Error: Not Found for url: https://raw.githubusercontent.com/Derushir/Kepek/main/67c6357751300334f52e35f893ac854f/news/a-pragmata-fejlesztoi-majdnem-megvaltoztattak-diana-karakter.jpg
[14:47:58] Image_Downloader: Download failed (https://raw.githubusercontent.com/Derushir/Kepek/main/67c6357751300334f52e35f893ac854f/news/uj-vervizsgalatok-segithetik-az-alzheimer-kor-korai-diagnozi.png): HTTPSConnectionPool(host='raw.githubusercontent.com', port=443): Read timed out. (read timeout=5)
[14:47:58] Image_Downloader: Download failed (https://raw.githubusercontent.com/Derushir/Kepek/main/67c6357751300334f52e35f893ac854f/news/huszas-eveikben-jaro-szineszek-alakitjak-a-tiniket-a-netflix.jpg): HTTPSConnectionPool(host='raw.githubusercontent.com', port=443): Read timed out. (read timeout=5)
[14:48:00] Image_Downloader: Download failed (https://raw.githubusercontent.com/Derushir/Kepek/main/67c6357751300334f52e35f893ac854f/news/premium-gasztronomiai-pontta-valt-a-vamhaz-korut-9-szam-alat.jpg): 404 Client Error: Not Found for url: https://raw.githubusercontent.com/Derushir/Kepek/main/67c6357751300334f52e35f893ac854f/news/premium-gasztronomiai-pontta-valt-a-vamhaz-korut-9-szam-alat.jpg
[14:48:00] Image_Downloader: Download failed (https://raw.githubusercontent.com/Derushir/Kepek/main/67c6357751300334f52e35f893ac854f/news/a-18-szazadi-lady-diana-spencer-tragikus-elete-es-parhuzamai.jpg): 404 Client Error: Not Found for url: https://raw.githubusercontent.com/Derushir/Kepek/main/67c6357751300334f52e35f893ac854f/news/a-18-szazadi-lady-diana-spencer-tragikus-elete-es-parhuzamai.jpg
[14:48:00] Image_Downloader: Download failed (https://raw.githubusercontent.com/Derushir/Kepek/main/67c6357751300334f52e35f893ac854f/news/marsi-aniko-nyitott-az-egyuttmukodesre-palik-laszloval.png): 404 Client Error: Not Found for url: https://raw.githubusercontent.com/Derushir/Kepek/main/67c6357751300334f52e35f893ac854f/news/marsi-aniko-nyitott-az-egyuttmukodesre-palik-laszloval.png
[14:48:01] Image_Downloader: Download failed (https://raw.githubusercontent.com/Derushir/Kepek/main/67c6357751300334f52e35f893ac854f/news/vita-alakult-ki-szoboszlai-dominik-es-curtis-jones-kozott-a-.jpg): 404 Client Error: Not Found for url: https://raw.githubusercontent.com/Derushir/Kepek/main/67c6357751300334f52e35f893ac854f/news/vita-alakult-ki-szoboszlai-dominik-es-curtis-jones-kozott-a-.jpg
[14:48:01] Image_Downloader: Download failed (https://assets.telex.hu/images/20260724/1784880814-temp-v9itsqa0kc3s9dliaen_facebook.jpg): HTTPSConnectionPool(host='assets.telex.hu', port=443): Read timed out. (read timeout=5)
[14:48:01] Image_Downloader: Download failed (https://raw.githubusercontent.com/Derushir/Kepek/main/67c6357751300334f52e35f893ac854f/news/hatastalanok-lehetnek-a-munkaeropiaci-felkeszito-programok.jpg): 404 Client Error: Not Found for url: https://raw.githubusercontent.com/Derushir/Kepek/main/67c6357751300334f52e35f893ac854f/news/hatastalanok-lehetnek-a-munkaeropiaci-felkeszito-programok.jpg
[14:48:01] Image_Downloader: Download failed (https://raw.githubusercontent.com/Derushir/Kepek/main/67c6357751300334f52e35f893ac854f/news/befejezodott-az-elden-ring-film-forgatasa.jpg): 404 Client Error: Not Found for url: https://raw.githubusercontent.com/Derushir/Kepek/main/67c6357751300334f52e35f893ac854f/news/befejezodott-az-elden-ring-film-forgatasa.jpg
[14:48:02] Image_Downloader: Download failed (https://raw.githubusercontent.com/Derushir/Kepek/main/67c6357751300334f52e35f893ac854f/news/jennifer-aniston-bikiniben-mutatta-meg-kivalo-formajat-mallo.jpg): 404 Client Error: Not Found for url: https://raw.githubusercontent.com/Derushir/Kepek/main/67c6357751300334f52e35f893ac854f/news/jennifer-aniston-bikiniben-mutatta-meg-kivalo-formajat-mallo.jpg
[14:48:02] Image_Downloader: Download failed (https://raw.githubusercontent.com/Derushir/Kepek/main/67c6357751300334f52e35f893ac854f/news/szelektivebbe-valhat-a-kriptopiac-kevesebb-nyertes-az-altcoi.jpg): 404 Client Error: Not Found for url: https://raw.githubusercontent.com/Derushir/Kepek/main/67c6357751300334f52e35f893ac854f/news/szelektivebbe-valhat-a-kriptopiac-kevesebb-nyertes-az-altcoi.jpg
[14:48:03] Image_Downloader: Download failed (https://raw.githubusercontent.com/Derushir/Kepek/main/67c6357751300334f52e35f893ac854f/news/mikrotranzakciok-nelkul-erkezik-a-gears-of-war-e-day.jpg): 404 Client Error: Not Found for url: https://raw.githubusercontent.com/Derushir/Kepek/main/67c6357751300334f52e35f893ac854f/news/mikrotranzakciok-nelkul-erkezik-a-gears-of-war-e-day.jpg
[14:48:03] Image_Downloader: Download failed (https://raw.githubusercontent.com/Derushir/Kepek/main/67c6357751300334f52e35f893ac854f/news/komoly-egeszsegugyi-kockazatokat-rejt-a-hot-dog-rendszeres-f.jpg): 404 Client Error: Not Found for url: https://raw.githubusercontent.com/Derushir/Kepek/main/67c6357751300334f52e35f893ac854f/news/komoly-egeszsegugyi-kockazatokat-rejt-a-hot-dog-rendszeres-f.jpg
[14:48:03] Image_Downloader: Download failed (https://raw.githubusercontent.com/Derushir/Kepek/main/67c6357751300334f52e35f893ac854f/news/az-oregedes-biologiai-hattere-es-az-eletmodbeli-beavatkozaso.webp): 404 Client Error: Not Found for url: https://raw.githubusercontent.com/Derushir/Kepek/main/67c6357751300334f52e35f893ac854f/news/az-oregedes-biologiai-hattere-es-az-eletmodbeli-beavatkozaso.webp
[14:48:03] Image_Downloader: Download failed (https://raw.githubusercontent.com/Derushir/Kepek/main/67c6357751300334f52e35f893ac854f/news/miert-gyujtenek-kavicsokat-a-gyerekek-a-tudatos-fejlodes-jel.jpg): 404 Client Error: Not Found for url: https://raw.githubusercontent.com/Derushir/Kepek/main/67c6357751300334f52e35f893ac854f/news/miert-gyujtenek-kavicsokat-a-gyerekek-a-tudatos-fejlodes-jel.jpg
[14:48:03] Image_Downloader: Download failed (https://raw.githubusercontent.com/Derushir/Kepek/main/67c6357751300334f52e35f893ac854f/news/a-18-szazadi-lady-diana-spencer-tragikus-elete-es-parhuzamai.jpg): HTTPSConnectionPool(host='raw.githubusercontent.com', port=443): Read timed out. (read timeout=5)
[14:48:04] Image_Downloader: Download failed (https://raw.githubusercontent.com/Derushir/Kepek/main/67c6357751300334f52e35f893ac854f/news/premium-gasztronomiai-pontta-valt-a-vamhaz-korut-9-szam-alat.jpg): 404 Client Error: Not Found for url: https://raw.githubusercontent.com/Derushir/Kepek/main/67c6357751300334f52e35f893ac854f/news/premium-gasztronomiai-pontta-valt-a-vamhaz-korut-9-szam-alat.jpg
[14:48:04] Image_Downloader: Download failed (https://raw.githubusercontent.com/Derushir/Kepek/main/67c6357751300334f52e35f893ac854f/news/jennifer-aniston-bikiniben-mutatta-meg-kivalo-formajat-mallo.jpg): 404 Client Error: Not Found for url: https://raw.githubusercontent.com/Derushir/Kepek/main/67c6357751300334f52e35f893ac854f/news/jennifer-aniston-bikiniben-mutatta-meg-kivalo-formajat-mallo.jpg
[14:48:05] Image_Downloader: Download failed (https://raw.githubusercontent.com/Derushir/Kepek/main/67c6357751300334f52e35f893ac854f/news/komoly-egeszsegugyi-kockazatokat-rejt-a-hot-dog-rendszeres-f.jpg): 404 Client Error: Not Found for url: https://raw.githubusercontent.com/Derushir/Kepek/main/67c6357751300334f52e35f893ac854f/news/komoly-egeszsegugyi-kockazatokat-rejt-a-hot-dog-rendszeres-f.jpg
[14:48:05] Image_Downloader: Download failed (https://raw.githubusercontent.com/Derushir/Kepek/main/67c6357751300334f52e35f893ac854f/news/welcome-to-kowloon-nyomaszto-horrorelmeny-de-technikai-hibak.jpg): 404 Client Error: Not Found for url: https://raw.githubusercontent.com/Derushir/Kepek/main/67c6357751300334f52e35f893ac854f/news/welcome-to-kowloon-nyomaszto-horrorelmeny-de-technikai-hibak.jpg
[14:48:05] Image_Downloader: Download failed (https://raw.githubusercontent.com/Derushir/Kepek/main/67c6357751300334f52e35f893ac854f/news/nagy-adam-10-ev-legioskodas-utan-visszatert-a-ferencvaroshoz.jpg): 404 Client Error: Not Found for url: https://raw.githubusercontent.com/Derushir/Kepek/main/67c6357751300334f52e35f893ac854f/news/nagy-adam-10-ev-legioskodas-utan-visszatert-a-ferencvaroshoz.jpg
[14:48:05] Image_Downloader: Download failed (https://raw.githubusercontent.com/Derushir/Kepek/main/67c6357751300334f52e35f893ac854f/news/elhunyt-franco-baresi-az-olasz-futball-legendas-hatvedje.jpg): 404 Client Error: Not Found for url: https://raw.githubusercontent.com/Derushir/Kepek/main/67c6357751300334f52e35f893ac854f/news/elhunyt-franco-baresi-az-olasz-futball-legendas-hatvedje.jpg
[14:48:05] Image_Downloader: Download failed (https://raw.githubusercontent.com/Derushir/Kepek/main/67c6357751300334f52e35f893ac854f/news/5-csillagjegy-akik-a-vedikus-asztrologia-szerint-angyali-lel.jpg): HTTPSConnectionPool(host='raw.githubusercontent.com', port=443): Read timed out. (read timeout=5)
[15:04:48] Image_Downloader: Download failed (https://raw.githubusercontent.com/Derushir/Kepek/main/67c6357751300334f52e35f893ac854f/news/varkonyi-andrea-visszautasitotta-toth-ildiko-ner-felesegekre.png): HTTPSConnectionPool(host='raw.githubusercontent.com', port=443): Read timed out. (read timeout=5)
[15:04:48] Summarizer: [Batch] No response from API (attempt 1/3)
[15:04:48] Image_Downloader: Download failed (https://esport1.hu/images/fb_share/6a6c515ac814b_6a6c515ac8108-a-gears-of-war-e-day-egy-lancer-lancfureszevel-vagja-at-a-live-service-jatekok-kapzsisagat.jpg): ('Connection aborted.', ConnectionResetError(54, 'Connection reset by peer'))
[15:04:49] Image_Downloader: Download failed (https://raw.githubusercontent.com/Derushir/Kepek/main/67c6357751300334f52e35f893ac854f/news/a-tropusi-ejszakak-valtak-az-uj-veszelyforrassa-a-hazai-nyar.jpg): ('Connection aborted.', ConnectionResetError(54, 'Connection reset by peer'))
[15:04:49] Image_Downloader: Download failed (https://raw.githubusercontent.com/Derushir/Kepek/main/67c6357751300334f52e35f893ac854f/news/vedekezesi-problemak-miatt-bajban-a-philadelphia-phillies-sz.jpg): 404 Client Error: Not Found for url: https://raw.githubusercontent.com/Derushir/Kepek/main/67c6357751300334f52e35f893ac854f/news/vedekezesi-problemak-miatt-bajban-a-philadelphia-phillies-sz.jpg
[15:04:49] Image_Downloader: Download failed (https://raw.githubusercontent.com/Derushir/Kepek/main/67c6357751300334f52e35f893ac854f/news/luxusotthonok-es-wellness-az-idosodo-tehetos-reteg-uj-ingatl.jpg): 404 Client Error: Not Found for url: https://raw.githubusercontent.com/Derushir/Kepek/main/67c6357751300334f52e35f893ac854f/news/luxusotthonok-es-wellness-az-idosodo-tehetos-reteg-uj-ingatl.jpg
[15:04:49] Image_Downloader: Download failed (https://raw.githubusercontent.com/Derushir/Kepek/main/67c6357751300334f52e35f893ac854f/news/jason-kelce-megerositette-nincs-hiteles-foto-taylor-swift-es.jpg): 404 Client Error: Not Found for url: https://raw.githubusercontent.com/Derushir/Kepek/main/67c6357751300334f52e35f893ac854f/news/jason-kelce-megerositette-nincs-hiteles-foto-taylor-swift-es.jpg
[15:04:49] Image_Downloader: Download failed (https://raw.githubusercontent.com/Derushir/Kepek/main/67c6357751300334f52e35f893ac854f/news/jason-kelce-megerositette-nincs-hiteles-foto-taylor-swift-es.jpg): 404 Client Error: Not Found for url: https://raw.githubusercontent.com/Derushir/Kepek/main/67c6357751300334f52e35f893ac854f/news/jason-kelce-megerositette-nincs-hiteles-foto-taylor-swift-es.jpg
[15:04:49] Image_Downloader: Download failed (https://raw.githubusercontent.com/Derushir/Kepek/main/67c6357751300334f52e35f893ac854f/news/penzugyi-utmutato-az-elso-lakokocsis-nyaralashoz.jpg): 404 Client Error: Not Found for url: https://raw.githubusercontent.com/Derushir/Kepek/main/67c6357751300334f52e35f893ac854f/news/penzugyi-utmutato-az-elso-lakokocsis-nyaralashoz.jpg
[15:04:49] Image_Downloader: Download failed (https://raw.githubusercontent.com/Derushir/Kepek/main/67c6357751300334f52e35f893ac854f/news/vedekezesi-problemak-miatt-bajban-a-philadelphia-phillies-sz.jpg): 404 Client Error: Not Found for url: https://raw.githubusercontent.com/Derushir/Kepek/main/67c6357751300334f52e35f893ac854f/news/vedekezesi-problemak-miatt-bajban-a-philadelphia-phillies-sz.jpg
[15:04:49] Image_Downloader: Download failed (https://raw.githubusercontent.com/Derushir/Kepek/main/67c6357751300334f52e35f893ac854f/news/kovaszos-peksutemenyekkel-es-bekebeli-receptekkel-nyitott-me.jpg): HTTPSConnectionPool(host='raw.githubusercontent.com', port=443): Read timed out. (read timeout=5)
[15:04:50] Image_Downloader: Download failed (https://raw.githubusercontent.com/Derushir/Kepek/main/67c6357751300334f52e35f893ac854f/news/nagy-adam-10-ev-legioskodas-utan-visszatert-a-ferencvaroshoz.jpg): 404 Client Error: Not Found for url: https://raw.githubusercontent.com/Derushir/Kepek/main/67c6357751300334f52e35f893ac854f/news/nagy-adam-10-ev-legioskodas-utan-visszatert-a-ferencvaroshoz.jpg
[15:04:50] Image_Downloader: Download failed (https://raw.githubusercontent.com/Derushir/Kepek/main/67c6357751300334f52e35f893ac854f/news/elhunyt-franco-baresi-az-olasz-futball-legendas-hatvedje.jpg): 404 Client Error: Not Found for url: https://raw.githubusercontent.com/Derushir/Kepek/main/67c6357751300334f52e35f893ac854f/news/elhunyt-franco-baresi-az-olasz-futball-legendas-hatvedje.jpg
[15:04:50] Summarizer: [DownloadWorker-7] SKIP (duplicate title): Megérkezett Selena Gomez és Becky G közö...
[15:04:50] Image_Downloader: Download failed (https://raw.githubusercontent.com/Derushir/Kepek/main/67c6357751300334f52e35f893ac854f/news/vita-alakult-ki-szoboszlai-dominik-es-curtis-jones-kozott-a-.jpg): ('Connection aborted.', ConnectionResetError(54, 'Connection reset by peer'))
[15:04:50] Image_Downloader: Download failed (https://raw.githubusercontent.com/Derushir/Kepek/main/67c6357751300334f52e35f893ac854f/news/frome-a-somerseti-kisvaros-amiert-a-jobaratok-sztarja-is-raj.jpg): ('Connection aborted.', ConnectionResetError(54, 'Connection reset by peer'))
[15:04:51] Image_Downloader: Download failed (https://kep.cdn.index.hu/1/0/7077/70778/707782/70778225_5220529_a7cbc6aba4af1a4b2fb8b1055a2d6bc3_wm.jpg): HTTPSConnectionPool(host='kep.cdn.index.hu', port=443): Read timed out. (read timeout=5)
[15:04:51] Image_Downloader: Download failed (https://raw.githubusercontent.com/Derushir/Kepek/main/67c6357751300334f52e35f893ac854f/news/a-chi-chi-koktel-a-pina-colada-vodkas-frissito-alternativaja.jpg): HTTPSConnectionPool(host='raw.githubusercontent.com', port=443): Read timed out. (read timeout=5)
[15:04:52] Image_Downloader: Download failed (https://player.hu/uploads/2026/07/GettyImages-2267247710-1290x675.jpg): HTTPSConnectionPool(host='player.hu', port=443): Read timed out. (read timeout=5)
[15:04:52] Image_Downloader: Download failed (https://marieclaire.hu/uploads/2026/07/GettyImages-1172532795.jpg): HTTPSConnectionPool(host='marieclaire.hu', port=443): Read timed out. (read timeout=5)
[15:04:52] Summarizer: [DownloadWorker-2] SKIP (duplicate title): L.L. Junior egyszer és mindenkorra tiszt...
[15:04:53] Summarizer: [DownloadWorker-2] SKIP (duplicate title): Napi üzenet péntek – 2026. 07. 31....
[15:04:55] Summarizer: [DownloadWorker-8] SKIP (duplicate title): Hihetetlen: ez a repülő mopsz egy eredet...
[15:04:55] Summarizer: [DownloadWorker-0] SKIP (duplicate title): Ezekben a nyaralós autókban veszélyben v...
[15:04:58] Summarizer: [DownloadWorker-6] SKIP (duplicate title): Utazz a reformkorba a Kisfaludy és a Hab...
[15:04:59] Summarizer: [DownloadWorker-4] SKIP (duplicate title): How Vocational Professionals Help SSDI B...
[15:04:59] Summarizer: [DownloadWorker-5] SKIP (duplicate title): Maxim Cover Girl Competition Spotlight: ...
[15:04:59] Summarizer: [DownloadWorker-1] SKIP (duplicate title): Már évszázadokkal ezelőtt felkészültek a...
[15:04:59] Summarizer: [DownloadWorker-3] SKIP (duplicate title): „Senki nem adja el a labdarúgást” – Infa...
[15:04:59] Summarizer: [DownloadWorker-8] SKIP (duplicate title): Hétvégi szerelmi horoszkóp: fellángolnak...
[15:04:59] Summarizer: [DownloadWorker-0] SKIP (duplicate title): Délelőtti videó 1.: Common Side Effects...
[15:05:02] Summarizer: [DownloadWorker-7] SKIP (duplicate title): Stranahan’s Announces Its First-Ever Bot...
[15:05:02] Summarizer: [MissingDetector] ⚠️ PAIRING FAIL: 'https://telex.hu/kulfold/2026/07/31/aszaly-svajc-brenets-t-kiszaradt-csapadekhiany' not found. KEEPING ITEM (Fallback).
[15:05:02] Summarizer: [Batch] 4 item(s) missing from response → marked for reprocessing
[15:05:02] Summarizer: [FreeGeminiAPI_1] ⚠️ PAIRING FAIL: 'https://telex.hu/kulfold/2026/07/31/aszaly-svajc-brenets-t-kiszaradt-csapadekhiany' not found. KEEPING ITEM (Fallback).
[15:05:03] Summarizer: [DownloadWorker-6] SKIP (duplicate title): 10 Power Players Who Rewrote The Rules A...
[15:05:12] Summarizer: [MissingDetector] ⚠️ PAIRING FAIL: 'https://hvg.hu/gazdag/20260731_mol-shell-aphrodite-melytengeri-gazmezo-ciprus' not found. KEEPING ITEM (Fallback).
[15:05:12] Summarizer: [Batch] 2 item(s) missing from response → marked for reprocessing
[15:05:12] Summarizer: [FreeGeminiAPI_2] ⚠️ PAIRING FAIL: 'https://hvg.hu/gazdag/20260731_mol-shell-aphrodite-melytengeri-gazmezo-ciprus' not found. KEEPING ITEM (Fallback).
[15:05:21] Summarizer: Reprocessing 1 pairing failures from data.json

--- RSS Fetch Errors at 2026-07-31 18:41:56 ---
Error fetching https://techpowerup.com/rss/news: HTTP Error 403: 
Error fetching https://www.drive.com.au/feed/: HTTP Error 403: 
Error fetching https://leetgaming.com/feed/: Failed to perform, curl: (28) Connection timed out after 10003 milliseconds. See https://curl.se/libcurl/c/libcurl-errors.html first for more details.
Error fetching https://www.pcgamer.com/rss/: Failed to perform, curl: (28) Connection timed out after 1018266 milliseconds. See https://curl.se/libcurl/c/libcurl-errors.html first for more details.
Error fetching https://vezess.hu/rss: Failed to perform, curl: (28) Connection timed out after 1016997 milliseconds. See https://curl.se/libcurl/c/libcurl-errors.html first for more details.
Error fetching https://github.blog/feed/: Failed to perform, curl: (28) Connection timed out after 1018315 milliseconds. See https://curl.se/libcurl/c/libcurl-errors.html first for more details.
Error fetching https://bitcoinmagazine.com/feed: Failed to perform, curl: (28) Connection timed out after 1017040 milliseconds. See https://curl.se/libcurl/c/libcurl-errors.html first for more details.
Error fetching https://prog.hu/site/backend/proghu-rss.xml: Failed to perform, curl: (28) Operation timed out after 1014003 milliseconds with 0 bytes received. See https://curl.se/libcurl/c/libcurl-errors.html first for more details.
Error fetching https://velvet.hu/feed: HTTP Error 404: Not Found
Error fetching https://hwsw.hu/hirek/rss: HTTP Error 404: 
Error fetching https://cliffhanger.hu/feed: HTTP Error 403: 
Error fetching https://instylemen.hu/feed: HTTP Error 404: 
Error fetching https://femina.hu/feed: Failed to perform, curl: (28) Connection timed out after 511074 milliseconds. See https://curl.se/libcurl/c/libcurl-errors.html first for more details.
Error fetching https://sokszinuvidek.24.hu/feed/: Failed to perform, curl: (28) Resolving timed out after 507685 milliseconds. See https://curl.se/libcurl/c/libcurl-errors.html first for more details.
Error fetching https://sokszinuvidek.24.hu/?oembed=true&format=xml&url=https%3A%2F%2Fsokszinuvidek.24.hu%2F: Failed to perform, curl: (28) Resolving timed out after 507684 milliseconds. See https://curl.se/libcurl/c/libcurl-errors.html first for more details.
Error fetching https://www.penzcentrum.hu/rss/all.xml: Failed to perform, curl: (28) Resolving timed out after 507684 milliseconds. See https://curl.se/libcurl/c/libcurl-errors.html first for more details.
Error fetching https://caravantimes.co.uk/feed: Failed to perform, curl: (28) Operation timed out after 508796 milliseconds with 0 bytes received. See https://curl.se/libcurl/c/libcurl-errors.html first for more details.
Error fetching https://www.playboy.com/read/classics/feed: Failed to perform, curl: (28) Operation timed out after 509605 milliseconds with 32768 bytes received. See https://curl.se/libcurl/c/libcurl-errors.html first for more details.
Error fetching https://hetediksor.hu/feed/: Failed to perform, curl: (28) Resolving timed out after 508638 milliseconds. See https://curl.se/libcurl/c/libcurl-errors.html first for more details.
Error fetching https://mafab.hu/rss: Failed to perform, curl: (28) Operation timed out after 507881 milliseconds with 0 bytes received. See https://curl.se/libcurl/c/libcurl-errors.html first for more details.
Error fetching https://travelmagazin.hu/feed: Failed to perform, curl: (28) Resolving timed out after 508474 milliseconds. See https://curl.se/libcurl/c/libcurl-errors.html first for more details.
Error fetching https://bankless.com/feed: Failed to perform, curl: (28) Connection timed out after 508813 milliseconds. See https://curl.se/libcurl/c/libcurl-errors.html first for more details.
Error fetching https://d3e5kp2e91w0k0.cloudfront.net/favicon.svg: Failed to perform, curl: (28) Resolving timed out after 508687 milliseconds. See https://curl.se/libcurl/c/libcurl-errors.html first for more details.
[19:04:07] Summarizer: [DownloadWorker-0] SKIP (duplicate title): Milk Road...
[19:04:10] Summarizer: [DownloadWorker-5] SKIP (duplicate title): Negyedórányi bemutatót kapott a Star War...
[19:04:11] Summarizer: [DownloadWorker-9] SKIP (duplicate title): Find out what’s new in the Gemini app in...
[19:04:16] Summarizer: [DownloadWorker-8] SKIP (duplicate title): Túlfogyasztás napja: július 30-ára felél...
[19:04:27] Summarizer: [Batch] 2 item(s) missing from response → marked for reprocessing
[19:04:32] Summarizer: [Batch] 1 item(s) missing from response → marked for reprocessing
[19:04:33] Summarizer: [MissingDetector] ⚠️ PAIRING FAIL: 'https://coinbase.com/markets/coinbase-q2-earnings-record-crypto-market-share' not found. KEEPING ITEM (Fallback).
[19:04:33] Summarizer: [Batch] 3 item(s) missing from response → marked for reprocessing
[19:04:33] Summarizer: [FreeGeminiAPI_1] ⚠️ PAIRING FAIL: 'https://coinbase.com/markets/coinbase-q2-earnings-record-crypto-market-share' not found. KEEPING ITEM (Fallback).
[19:16:25] Summarizer: [DownloadWorker-3] SKIP (duplicate title): Ben Affleck tarolt a Legyen Ön is millio...
[19:16:26] Summarizer: [DownloadWorker-6] SKIP (duplicate title): Milk Road...
[19:16:37] Summarizer: [DownloadWorker-3] SKIP (duplicate title): Budapest pénztárcakímélően – 20 ingyenes...
[19:16:44] Summarizer: [DownloadWorker-2] SKIP (duplicate title): No. 1 a Netflixen: Csak tegnap került fe...
[19:16:46] Image_Downloader: Download failed (https://www.mafab.hu//www.instagram.com/embed.js): 404 Client Error: Not Found for url: https://www.mafab.hu//www.instagram.com/embed.js
[19:16:55] Summarizer: [DownloadWorker-8] SKIP (duplicate title): Milk Road...
[19:16:58] Summarizer: [Batch] 2 item(s) missing from response → marked for reprocessing
[19:32:56] Summarizer: [DownloadWorker-5] SKIP (duplicate title): Délelőtti videó 4.: Sullivan’s Crossing ...
[19:33:04] Summarizer: [DownloadWorker-6] SKIP (duplicate title): Milk Road...
[19:33:27] Summarizer: [DownloadWorker-9] SKIP (duplicate title): [TOPLISTA] 10 film, amit látnod kell aug...
[19:49:42] Summarizer: [DownloadWorker-1] SKIP (duplicate title): Irányíthatatlanná vált a NASA teleszkópj...
[19:49:43] Summarizer: [DownloadWorker-9] SKIP (duplicate title): Milk Road...
[19:50:24] Summarizer: [DownloadWorker-5] SKIP (duplicate title): Milk Road...
[20:06:34] Summarizer: [DownloadWorker-5] SKIP (duplicate title): Milk Road...
[20:06:50] Summarizer: [DownloadWorker-6] SKIP (duplicate title): All Genshin Impact 7.0 livestream codes...
[20:06:53] Summarizer: [DownloadWorker-8] SKIP (duplicate title): Milk Road...
[20:06:58] Summarizer: TIMEOUT (180s) - backend call took too long
[20:06:58] Summarizer: [Batch] No response from API (attempt 1/3)
[20:06:59] Summarizer: TIMEOUT (180s) - backend call took too long
[20:06:59] Summarizer: [Batch] No response from API (attempt 1/3)
[20:16:17] Summarizer: [DownloadWorker-9] SKIP (duplicate title): Milk Road...
[20:16:21] Summarizer: [DownloadWorker-3] SKIP (duplicate title): Délelőtti videó 6.: The Secret Lives of ...
[20:16:24] Summarizer: [MissingDetector] ⚠️ PAIRING FAIL: 'https://ng.24.hu/tudomany/20260731/kihalt-emberelod-labnyomai-felfedezes/' not found. KEEPING ITEM (Fallback).
[20:16:24] Summarizer: [Batch] 2 item(s) missing from response → marked for reprocessing
[20:16:24] Summarizer: [FreeGeminiAPI_2] ⚠️ PAIRING FAIL: 'https://ng.24.hu/tudomany/20260731/kihalt-emberelod-labnyomai-felfedezes/' not found. KEEPING ITEM (Fallback).
[20:16:25] Summarizer: [DownloadWorker-0] SKIP (duplicate title): Windows Hello-kamerával és USB-C dokkoló...
[20:16:36] Summarizer: [MissingDetector] ⚠️ PAIRING FAIL: 'https://www.portfolio.hu/global/20260731/rekordgyorsan-lett-kes-a-vilag-legsotetebb-diktaturaja-modernizalt-kn-23-ballisztikus-raketakkal-tamadhatnak-az-oroszok-853418' not found. KEEPING ITEM (Fallback).
[20:16:36] Summarizer: [Batch] 1 item(s) missing from response → marked for reprocessing
[20:16:36] Summarizer: [FreeGeminiAPI_1] ⚠️ PAIRING FAIL: 'https://www.portfolio.hu/global/20260731/rekordgyorsan-lett-kes-a-vilag-legsotetebb-diktaturaja-modernizalt-kn-23-ballisztikus-raketakkal-tamadhatnak-az-oroszok-853418' not found. KEEPING ITEM (Fallback).
[20:16:38] Summarizer: [Batch] 2 item(s) missing from response → marked for reprocessing
[20:16:52] Summarizer: TIMEOUT (180s) - backend call took too long
[20:16:52] Summarizer: [Batch] No response from API (attempt 1/3)
[20:16:53] Summarizer: [Batch] 3 item(s) missing from response → marked for reprocessing
[20:16:58] Summarizer: [DownloadWorker-5] SKIP (duplicate title): Majdnem 12 ezer forint értékben ad ingye...
[20:17:00] Summarizer: [Batch] 1 item(s) missing from response → marked for reprocessing
[20:17:08] Summarizer: [Batch] 1 item(s) missing from response → marked for reprocessing
[20:17:13] Summarizer: [DownloadWorker-2] SKIP (duplicate title): Energiahiányban szenved a forint...
[20:17:14] Summarizer: [Batch] 2 item(s) missing from response → marked for reprocessing
[20:17:17] Summarizer: [Batch] 1 item(s) missing from response → marked for reprocessing
[20:17:23] Summarizer: [DownloadWorker-7] SKIP (duplicate title): Visszatért a Ferencvároshoz a 88-szoros ...
[20:17:27] Summarizer: [MissingDetector] ⚠️ PAIRING FAIL: 'https://24.hu/belfold/2026/07/31/szoba-johet-a-vasuti-teherszallitas-felfuggesztetse-is/' not found. KEEPING ITEM (Fallback).
[20:17:27] Summarizer: [Batch] 1 item(s) missing from response → marked for reprocessing
[20:17:27] Summarizer: [FreeGeminiAPI_3] ⚠️ PAIRING FAIL: 'https://24.hu/belfold/2026/07/31/szoba-johet-a-vasuti-teherszallitas-felfuggesztetse-is/' not found. KEEPING ITEM (Fallback).
[20:17:35] Summarizer: [Batch] 1 item(s) missing from response → marked for reprocessing
[20:34:42] Summarizer: [DownloadWorker-2] SKIP (duplicate title): Cape Fear Episode 10 Recap and Review – ...
[21:17:25] Summarizer: [Batch] No response from API (attempt 1/3)
[21:17:25] Summarizer: [Batch] No response from API (attempt 1/3)
[21:17:25] Summarizer: [Batch] No response from API (attempt 1/3)
[21:17:45] Summarizer: [MissingDetector] ⚠️ PAIRING FAIL: 'https://www.gamingbible.com/news/platform/nintendo/zelda-ocarina-time-november-release-date-leaked-711601-20260731' not found. KEEPING ITEM (Fallback).
[21:17:45] Summarizer: [Batch] 1 item(s) missing from response → marked for reprocessing
[21:17:45] Summarizer: [FreeGeminiAPI_1] ⚠️ PAIRING FAIL: 'https://www.gamingbible.com/news/platform/nintendo/zelda-ocarina-time-november-release-date-leaked-711601-20260731' not found. KEEPING ITEM (Fallback).
[21:17:45] Summarizer: [MissingDetector] ⚠️ PAIRING FAIL: 'https://esport1.hu/news/2026/07/31/filmek-es-sorozatok-elden-ring-film-forgatas-befejezodett-kellekes-instagram-marlasinger-' not found. KEEPING ITEM (Fallback).
[21:17:45] Summarizer: [Batch] 1 item(s) missing from response → marked for reprocessing
[21:17:45] Summarizer: [FreeGeminiAPI_2] ⚠️ PAIRING FAIL: 'https://esport1.hu/news/2026/07/31/filmek-es-sorozatok-elden-ring-film-forgatas-befejezodett-kellekes-instagram-marlasinger-' not found. KEEPING ITEM (Fallback).
[21:17:49] Summarizer: [Batch] 2 item(s) missing from response → marked for reprocessing

--- RSS Fetch Errors at 2026-07-31 21:17:50 ---
Error fetching https://techpowerup.com/rss/news: HTTP Error 403: 
Error fetching https://www.drive.com.au/feed/: HTTP Error 403: 
Error fetching https://leetgaming.com/feed/: Failed to perform, curl: (28) Connection timed out after 10003 milliseconds. See https://curl.se/libcurl/c/libcurl-errors.html first for more details.
Error fetching https://velvet.hu/feed: HTTP Error 404: Not Found
Error fetching https://femina.hu/feed: HTTP Error 404: Not Found
Error fetching https://hwsw.hu/hirek/rss: HTTP Error 404: 
Error fetching https://cliffhanger.hu/feed: HTTP Error 403: 
Error fetching https://instylemen.hu/feed: HTTP Error 404: 
[21:17:50] Summarizer: [Batch] 3 item(s) missing from response → marked for reprocessing
[21:17:55] Summarizer: [Batch] 3 item(s) missing from response → marked for reprocessing
[21:18:02] Summarizer: [Batch] 2 item(s) missing from response → marked for reprocessing

--- RSS Fetch Errors at 2026-07-31 21:33:12 ---
Error fetching https://techpowerup.com/rss/news: HTTP Error 403: 
Error fetching https://www.drive.com.au/feed/: HTTP Error 403: 
Error fetching https://leetgaming.com/feed/: Failed to perform, curl: (28) Connection timed out after 10001 milliseconds. See https://curl.se/libcurl/c/libcurl-errors.html first for more details.
Error fetching https://velvet.hu/feed: HTTP Error 404: Not Found
Error fetching https://hwsw.hu/hirek/rss: HTTP Error 404: 
Error fetching https://femina.hu/feed: HTTP Error 404: Not Found
Error fetching https://cliffhanger.hu/feed: HTTP Error 403: 
Error fetching https://instylemen.hu/feed: HTTP Error 404: 
Error fetching https://faroutmagazine.co.uk/icon.svg: Failed to perform, curl: (28) Operation timed out after 25003 milliseconds with 0 bytes received. See https://curl.se/libcurl/c/libcurl-errors.html first for more details.
[21:33:19] Summarizer: [Batch] 1 item(s) missing from response → marked for reprocessing
[21:33:20] Summarizer: [Batch] 5 item(s) missing from response → marked for reprocessing
[21:33:22] Summarizer: [Batch] 5 item(s) missing from response → marked for reprocessing
[21:33:24] Summarizer: [DownloadWorker-9] SKIP (duplicate title): Egymillió éve kihalt emberelőd lábnyomai...
[21:33:26] Summarizer: [MissingDetector] ⚠️ PAIRING FAIL: 'https://www.portfolio.hu/uzlet/20260730/szep-plusz-zartak-a-tozsdek-a-tengerentulon-nagyot-mentek-a-chipgyartok-es-a-microsoft-852938' not found. KEEPING ITEM (Fallback).
[21:33:26] Summarizer: [Batch] 3 item(s) missing from response → marked for reprocessing
[21:33:26] Summarizer: [FreeGeminiAPI_3] ⚠️ PAIRING FAIL: 'https://www.portfolio.hu/uzlet/20260730/szep-plusz-zartak-a-tozsdek-a-tengerentulon-nagyot-mentek-a-chipgyartok-es-a-microsoft-852938' not found. KEEPING ITEM (Fallback).
[21:33:27] Summarizer: [DownloadWorker-7] SKIP (duplicate title): Öt tévhit, amelyet a tudomány már megcáf...
[21:33:28] Summarizer: [DownloadWorker-4] SKIP (duplicate title): Why Modern Men Choose Bitcoin for Their ...
[21:33:29] Summarizer: [Batch] 3 item(s) missing from response → marked for reprocessing
[21:33:31] Summarizer: [Batch] 1 item(s) missing from response → marked for reprocessing
[21:33:36] Summarizer: [Batch] 1 item(s) missing from response → marked for reprocessing
[21:33:38] Summarizer: [Batch] 3 item(s) missing from response → marked for reprocessing
[21:33:41] Summarizer: [DownloadWorker-8] SKIP (duplicate title): Ismét történelmi csúcson a magyar tőzsde...
[21:33:42] Summarizer: [Batch] 1 item(s) missing from response → marked for reprocessing
[21:33:42] Summarizer: [DownloadWorker-5] SKIP (duplicate title): Maxim Cover Girl Competition Spotlight: ...
[21:33:43] Summarizer: [DownloadWorker-4] SKIP (duplicate title): Maxim Cover Girl Competition Spotlight: ...
[21:33:43] Summarizer: [DownloadWorker-3] SKIP (duplicate title): Wheel-E Podcast: VW e-bikes, Juiced Scra...
[21:33:43] Summarizer: [Batch] 2 item(s) missing from response → marked for reprocessing
[21:33:45] Summarizer: [DownloadWorker-4] SKIP (duplicate title): Egymillió éve kihalt emberelőd lábnyomai...
[21:33:48] Summarizer: [Batch] 2 item(s) missing from response → marked for reprocessing
[21:33:48] Summarizer: [Batch] 3 item(s) missing from response → marked for reprocessing
[21:33:51] Summarizer: [Batch] 1 item(s) missing from response → marked for reprocessing
[21:33:52] Summarizer: [DownloadWorker-7] SKIP (duplicate title): Tom Holland: "Peter Parker gyerekkorom ó...
[21:33:53] Summarizer: [Batch] 2 item(s) missing from response → marked for reprocessing
[21:33:53] Summarizer: [Batch] 2 item(s) missing from response → marked for reprocessing
[21:33:57] Image_Downloader: Download failed (https://cdn.decrypt.co/resize/1024/height/512/wp-content/uploads/2026/07/coldcard-mk3-decrypt-style-1-2-gID_7.jpg): HTTPSConnectionPool(host='cdn.decrypt.co', port=443): Read timed out. (read timeout=5)
[21:43:17] Summarizer: [DownloadWorker-9] SKIP (duplicate title): Lencsevégre kapták a világ legnagyobb sz...
[21:43:18] Summarizer: [DownloadWorker-7] SKIP (duplicate title): HMP’s new $3,999 electric scooter is the...
[21:43:19] Summarizer: [DownloadWorker-6] SKIP (duplicate title): A hatos lottó e heti nyerőszámai...
[21:43:20] Summarizer: [DownloadWorker-3] SKIP (duplicate title): A legtöbben elakadnak ezen a retró kvíze...
[21:43:23] Summarizer: [Batch] 2 item(s) missing from response → marked for reprocessing
[21:43:23] Summarizer: [DownloadWorker-1] SKIP (duplicate title): A teljes AI-szuverenitás elérhetetlen – ...
[21:43:27] Summarizer: [DownloadWorker-8] SKIP (duplicate title): HMP’s new $3,999 electric scooter is the...
[21:43:29] Summarizer: [Batch] 2 item(s) missing from response → marked for reprocessing
[21:43:34] Summarizer: [Batch] 1 item(s) missing from response → marked for reprocessing
[21:43:41] Summarizer: [MissingDetector] ⚠️ PAIRING FAIL: 'https://www.gamingbible.com/news/platform/nintendo/zelda-ocarina-time-november-release-date-leaked-711601-20260731' not found. KEEPING ITEM (Fallback).
[21:43:41] Summarizer: [Batch] 2 item(s) missing from response → marked for reprocessing
[21:43:41] Summarizer: [FreeGeminiAPI_3] ⚠️ PAIRING FAIL: 'https://www.gamingbible.com/news/platform/nintendo/zelda-ocarina-time-november-release-date-leaked-711601-20260731' not found. KEEPING ITEM (Fallback).
[21:43:41] Summarizer: [MissingDetector] ⚠️ PAIRING FAIL: 'https://esport1.hu/news/2026/07/31/gaming-a-metallica-adja-a-ritmust-a-saskak-meszarlasahoz-a-gears-of-war-e-day-ben-tzeus' not found. KEEPING ITEM (Fallback).
[21:43:41] Summarizer: [Batch] 2 item(s) missing from response → marked for reprocessing
[21:43:41] Summarizer: [FreeGeminiAPI_3] ⚠️ PAIRING FAIL: 'https://esport1.hu/news/2026/07/31/gaming-a-metallica-adja-a-ritmust-a-saskak-meszarlasahoz-a-gears-of-war-e-day-ben-tzeus' not found. KEEPING ITEM (Fallback).
[21:43:46] Summarizer: [DownloadWorker-9] SKIP (duplicate title): Öt tévhit, amelyet a tudomány már megcáf...
[21:43:48] Summarizer: [Batch] 2 item(s) missing from response → marked for reprocessing
[21:43:56] Image_Downloader: Download failed (https://bitcoinmagazine.com/wp-content/uploads/2026/07/Professional-Law-Enforcement-Group-Backs-Cryptos-CLARITY-Act-Adding-Pressure-Before-August-Recess.jpg): HTTPSConnectionPool(host='bitcoinmagazine.com', port=443): Read timed out. (read timeout=5)
[21:43:58] Image_Downloader: Download failed (https://assets.4cdn.hu/kraken/8M2rBOjyRYeWmOWHs-lg.jpeg): HTTPSConnectionPool(host='assets.4cdn.hu', port=443): Read timed out. (read timeout=5)
[21:43:59] Image_Downloader: Download failed (https://player.hu/uploads/2026/07/aszteroida_5-1290x675.jpg): HTTPSConnectionPool(host='player.hu', port=443): Read timed out. (read timeout=5)
[21:43:59] Image_Downloader: Download failed (https://techcrunch.com/wp-content/uploads/2024/05/Samsung-logo.webp?resize=1200,799): HTTPSConnectionPool(host='techcrunch.com', port=443): Read timed out. (read timeout=5)
[21:59:35] Image_Downloader: Download failed (https://vezess2.p3k.hu/app/uploads/2026/07/dbzol20260731103-1200x800.jpg): ('Connection aborted.', ConnectionResetError(54, 'Connection reset by peer'))
[21:59:35] Image_Downloader: Download failed (https://assets-prd.ignimgs.com/2026/07/30/ifcyipes-justin-wong-maximillian-dood-street-fighter-movie-cameo-1785444938140.jpg?width=1280&format=jpg&auto=webp&quality=80): ('Connection aborted.', ConnectionResetError(54, 'Connection reset by peer'))
[21:59:39] Summarizer: [DownloadWorker-7] SKIP (duplicate title): Ábel Anita Liptai Claudiának: „Nem volta...
[21:59:40] Summarizer: [Batch] 3 item(s) missing from response → marked for reprocessing
[21:59:40] Summarizer: [DownloadWorker-0] SKIP (duplicate title): A legtöbben elakadnak ezen a retró kvíze...
[21:59:55] Summarizer: [Batch] 1 item(s) missing from response → marked for reprocessing
[22:00:04] Summarizer: [DownloadWorker-1] SKIP (duplicate title): Tom Holland: "Peter Parker gyerekkorom ó...
[22:00:16] Summarizer: [DownloadWorker-4] SKIP (duplicate title): Lencsevégre kapták a világ legnagyobb sz...
[22:00:21] Image_Downloader: Download failed (https://roadster.hu/uploads/2026/03/varoskviz_panama-unsplash.jpg): HTTPSConnectionPool(host='roadster.hu', port=443): Read timed out. (read timeout=5)
[22:00:23] Summarizer: [DownloadWorker-5] SKIP (duplicate title): Wheel-E Podcast: VW e-bikes, Juiced Scra...
[22:16:17] Summarizer: TIMEOUT (180s) - backend call took too long
[22:16:17] Summarizer: [Batch] No response from API (attempt 1/3)
[22:16:23] Summarizer: TIMEOUT (180s) - backend call took too long
[22:16:23] Summarizer: [Batch] No response from API (attempt 1/3)
[22:16:26] Summarizer: [DownloadWorker-6] SKIP (duplicate title): Coinbase Q2 Earnings Miss Estimates as C...
[22:16:31] Summarizer: [DownloadWorker-3] SKIP (duplicate title): Ábel Anita Liptai Claudiának: „Nem volta...
[22:18:20] Summarizer: [DownloadWorker-2] SKIP (duplicate title): Ismét történelmi csúcson a magyar tőzsde...
[22:18:21] Summarizer: [DownloadWorker-8] SKIP (duplicate title): Coinbase Q2 Earnings Miss Estimates as C...
[22:18:37] Summarizer: TIMEOUT (180s) - backend call took too long
[22:18:37] Summarizer: [Batch] No response from API (attempt 1/3)
[22:18:43] Summarizer: [Batch] Minor issues fixed: 1
[22:18:44] Summarizer: TIMEOUT (180s) - backend call took too long
[22:18:44] Summarizer: [Batch] No response from API (attempt 1/3)
[22:18:45] Summarizer: [DownloadWorker-2] SKIP (duplicate title): A hatos lottó e heti nyerőszámai...
[22:18:46] Summarizer: TIMEOUT (180s) - backend call took too long
[22:18:46] Summarizer: [Batch] No response from API (attempt 1/3)
[22:18:46] Summarizer: TIMEOUT (180s) - backend call took too long
[22:18:46] Summarizer: [Batch] No response from API (attempt 1/3)
[22:18:56] Summarizer: [MissingDetector] ⚠️ PAIRING FAIL: 'https://totalcar.hu/hu/hirek/2026/07/31/ram-rumble-bee-v8-pickup-777-le/' not found. KEEPING ITEM (Fallback).
[22:18:56] Summarizer: [Batch] 1 item(s) missing from response → marked for reprocessing
[22:18:56] Summarizer: [FreeGeminiAPI_2] ⚠️ PAIRING FAIL: 'https://totalcar.hu/hu/hirek/2026/07/31/ram-rumble-bee-v8-pickup-777-le/' not found. KEEPING ITEM (Fallback).
[22:26:45] Image_Downloader: Download failed (https://roadster.hu/uploads/2026/07/kavejegkasa-1290x675.jpg): ('Connection aborted.', ConnectionResetError(54, 'Connection reset by peer'))
[22:26:46] Image_Downloader: Download failed (https://cdn.decrypt.co/resize/1024/height/512/wp-content/uploads/2025/10/prediction-market-decrypt-style-gID_7.jpg): HTTPSConnectionPool(host='cdn.decrypt.co', port=443): Read timed out. (read timeout=5)
[22:26:59] Summarizer: [DownloadWorker-7] SKIP (duplicate title): Szóba jöhet a vasúti teherszállítás felf...
[22:27:00] Summarizer: [DownloadWorker-0] SKIP (duplicate title): Szóba jöhet a vasúti teherszállítás felf...
[22:27:07] Summarizer: TIMEOUT (180s) - backend call took too long
[22:27:07] Summarizer: [Batch] No response from API (attempt 1/3)
[22:27:13] Summarizer: TIMEOUT (180s) - backend call took too long
[22:27:13] Summarizer: [Batch] No response from API (attempt 1/3)
[22:43:34] Summarizer: TIMEOUT (180s) - backend call took too long
[22:43:34] Summarizer: [Batch] No response from API (attempt 1/3)
[22:45:58] Summarizer: [MissingDetector] ⚠️ PAIRING FAIL: 'https://telex.hu/tamogatott-tartalom/2026/07/31/hetvegen-nyilik-a-vali-kert-az-uj-kozossegi-ter-az-allee-es-a-korter-kozost' not found. KEEPING ITEM (Fallback).
[22:45:58] Summarizer: [MissingDetector] ⚠️ PAIRING FAIL: 'https://www.penzcentrum.hu/utazas/2026/07/31/megszolalt-a-budapest-airport-a-taxisvitarol-tisztaztak-mi-var-az-utasokra-1203205' not found. KEEPING ITEM (Fallback).
[22:45:58] Summarizer: [Batch] 2 item(s) missing from response → marked for reprocessing
[22:45:58] Summarizer: [FreeGeminiAPI_2] ⚠️ PAIRING FAIL: 'https://telex.hu/tamogatott-tartalom/2026/07/31/hetvegen-nyilik-a-vali-kert-az-uj-kozossegi-ter-az-allee-es-a-korter-kozost' not found. KEEPING ITEM (Fallback).
[22:45:58] Summarizer: [FreeGeminiAPI_2] ⚠️ PAIRING FAIL: 'https://www.penzcentrum.hu/utazas/2026/07/31/megszolalt-a-budapest-airport-a-taxisvitarol-tisztaztak-mi-var-az-utasokra-1203205' not found. KEEPING ITEM (Fallback).
[22:46:22] Summarizer: [Batch] 2 item(s) missing from response → marked for reprocessing
[23:02:57] Summarizer: TIMEOUT (180s) - backend call took too long
[23:02:57] Summarizer: [Batch] No response from API (attempt 2/3)
[23:02:58] Summarizer: TIMEOUT (180s) - backend call took too long
[23:02:58] Summarizer: [Batch] No response from API (attempt 1/3)
[23:02:59] Summarizer: TIMEOUT (180s) - backend call took too long
[23:02:59] Summarizer: [Batch] No response from API (attempt 1/3)
[23:02:59] Summarizer: TIMEOUT (180s) - backend call took too long
[23:02:59] Summarizer: [Batch] No response from API (attempt 2/3)
[23:02:59] Summarizer: TIMEOUT (180s) - backend call took too long
[23:02:59] Summarizer: [Batch] No response from API (attempt 2/3)
[23:03:00] Summarizer: TIMEOUT (180s) - backend call took too long
[23:03:00] Summarizer: [Batch] No response from API (attempt 1/3)
[23:03:15] Summarizer: [Batch] 2 item(s) missing from response → marked for reprocessing
[23:03:21] Summarizer: [Batch] 2 item(s) missing from response → marked for reprocessing
[23:03:22] Summarizer: [Batch] 1 item(s) missing from response → marked for reprocessing
[23:03:24] Summarizer: [Batch] 2 item(s) missing from response → marked for reprocessing
[23:03:57] Summarizer: [Batch] 1 item(s) missing from response → marked for reprocessing
[23:03:58] Summarizer: [Batch] 2 item(s) missing from response → marked for reprocessing
[23:04:00] Summarizer: [Batch] No response from API (attempt 1/3)
[23:04:00] Summarizer: [Batch] No response from API (attempt 1/3)
[23:04:00] Summarizer: [Batch] No response from API (attempt 2/3)
[23:04:04] Summarizer: [Batch] 1 item(s) missing from response → marked for reprocessing
[23:04:04] Summarizer: [Batch] 1 item(s) missing from response → marked for reprocessing
[23:04:10] Image_Downloader: Download failed (https://assets.telex.hu/images/20260730/1785434452-temp-nnk1n7cs86hc1ibaibi_facebook.jpg): HTTPSConnectionPool(host='assets.telex.hu', port=443): Read timed out. (read timeout=5)
[23:04:10] Image_Downloader: Download failed (https://roadster.hu/uploads/2026/07/kavejegkasa-1290x675.jpg): HTTPSConnectionPool(host='roadster.hu', port=443): Read timed out. (read timeout=5)
[23:04:11] Summarizer: [Batch] 1 item(s) missing from response → marked for reprocessing
[23:04:17] Summarizer: [Batch] 1 item(s) missing from response → marked for reprocessing
[23:04:18] Summarizer: [Batch] 1 item(s) missing from response → marked for reprocessing
[23:04:20] Summarizer: [MissingDetector] ⚠️ PAIRING FAIL: 'https://esport1.hu/news/2026/07/30/gaming-elfelejtheted-a-fegyvereket-a-silent-hill-townfallban-a-lopakodás-a-tuleles-kulcsa-tzeus' not found. KEEPING ITEM (Fallback).
[23:04:20] Summarizer: [MissingDetector] ⚠️ PAIRING FAIL: 'https://24.hu/kultura/20260731/paksi-atomeromu-vizellatas-bartholy-judit-szakerto/' not found. KEEPING ITEM (Fallback).
[23:04:20] Summarizer: [Batch] 2 item(s) missing from response → marked for reprocessing
[23:04:20] Summarizer: [FreeGeminiAPI_2] ⚠️ PAIRING FAIL: 'https://esport1.hu/news/2026/07/30/gaming-elfelejtheted-a-fegyvereket-a-silent-hill-townfallban-a-lopakodás-a-tuleles-kulcsa-tzeus' not found. KEEPING ITEM (Fallback).
[23:04:20] Summarizer: [FreeGeminiAPI_2] ⚠️ PAIRING FAIL: 'https://24.hu/kultura/20260731/paksi-atomeromu-vizellatas-bartholy-judit-szakerto/' not found. KEEPING ITEM (Fallback).
[23:04:23] Summarizer: [Batch] 2 item(s) missing from response → marked for reprocessing
[23:04:25] Summarizer: [Batch] 1 item(s) missing from response → marked for reprocessing
[23:04:26] Summarizer: [MissingDetector] ⚠️ PAIRING FAIL: 'https://hvg.hu/itthon/20260731_elfogas-karancslapujtoszokokut' not found. KEEPING ITEM (Fallback).
[23:04:26] Summarizer: [Batch] 1 item(s) missing from response → marked for reprocessing
[23:04:26] Summarizer: [FreeGeminiAPI_3] ⚠️ PAIRING FAIL: 'https://hvg.hu/itthon/20260731_elfogas-karancslapujtoszokokut' not found. KEEPING ITEM (Fallback).
[23:04:26] Summarizer: [Batch] 1 item(s) missing from response → marked for reprocessing
[23:04:30] Image_Downloader: Download failed (https://pcdn.hu/articles/images-xl/b/u/d/budapest-airport-649417.jpg): HTTPSConnectionPool(host='pcdn.hu', port=443): Read timed out. (read timeout=5)
[23:04:31] Summarizer: [Batch] 2 item(s) missing from response → marked for reprocessing
[23:04:31] Summarizer: [MissingDetector] ⚠️ PAIRING FAIL: 'https://telex.hu/tamogatott-tartalom/2026/07/31/hetvegen-nyilik-a-vali-kert-az-uj-kozossegi-ter-az-allee-es-a-korter-kozost' not found. KEEPING ITEM (Fallback).
[23:04:31] Summarizer: [Batch] 1 item(s) missing from response → marked for reprocessing
[23:04:31] Summarizer: [FreeGeminiAPI_1] ⚠️ PAIRING FAIL: 'https://telex.hu/tamogatott-tartalom/2026/07/31/hetvegen-nyilik-a-vali-kert-az-uj-kozossegi-ter-az-allee-es-a-korter-kozost' not found. KEEPING ITEM (Fallback).
[23:04:32] Summarizer: [Batch] 3 item(s) missing from response → marked for reprocessing
[23:04:34] Summarizer: [Batch] 1 item(s) missing from response → marked for reprocessing
[23:19:17] Image_Downloader: Download failed (https://cdn.decrypt.co/resize/1024/height/512/wp-content/uploads/2025/06/scott-bessent-decrypt-style-1-gID_7.jpg): ('Connection aborted.', ConnectionResetError(54, 'Connection reset by peer'))
[23:19:35] Image_Downloader: Download failed (https://assets.telex.hu/images/20260731/1785488977-temp-b02ak1m29edn3pcmlek_facebook.jpg): HTTPSConnectionPool(host='assets.telex.hu', port=443): Read timed out. (read timeout=5)
[23:19:36] Image_Downloader: Download failed (https://pcdn.hu/articles/images-xl/m/a/r/marques-riscal-845828.jpg): HTTPSConnectionPool(host='pcdn.hu', port=443): Read timed out. (read timeout=5)
[23:19:56] Image_Downloader: Download failed (https://www.cnet.com/wp-content/uploads/sites/2/7132760c-0824-4c2a-8b51-cfc368eee180.jpg): HTTPSConnectionPool(host='www.cnet.com', port=443): Read timed out. (read timeout=5)
[23:55:55] Summarizer: TIMEOUT (180s) - backend call took too long
[23:55:55] Summarizer: [Batch] No response from API (attempt 2/3)
[23:56:09] Summarizer: TIMEOUT (180s) - backend call took too long
[23:56:09] Summarizer: [Batch] No response from API (attempt 1/3)
[23:56:11] Summarizer: [MissingDetector] ⚠️ PAIRING FAIL: 'https://telex.hu/kulfold/2026/07/31/aszaly-svajc-brenets-t-kiszaradt-csapadekhiany' not found. KEEPING ITEM (Fallback).
[23:56:11] Summarizer: [MissingDetector] ⚠️ PAIRING FAIL: 'https://www.portfolio.hu/uzlet/20260731/energiahiany-takarekossagi-intezkedese-jonnek-a-repteren-is-853428' not found. KEEPING ITEM (Fallback).
[23:56:11] Summarizer: [MissingDetector] ⚠️ PAIRING FAIL: 'https://hvg.hu/kultura/20260731_tarr_zoltan_3_3_milliard_forint_kozpenzt_fizettek_hanko_nka' not found. KEEPING ITEM (Fallback).
[23:56:11] Summarizer: [Batch] 5 item(s) missing from response → marked for reprocessing
[23:56:11] Summarizer: [FreeGeminiAPI_2] ⚠️ PAIRING FAIL: 'https://telex.hu/kulfold/2026/07/31/aszaly-svajc-brenets-t-kiszaradt-csapadekhiany' not found. KEEPING ITEM (Fallback).
[23:56:11] Summarizer: [FreeGeminiAPI_2] ⚠️ PAIRING FAIL: 'https://www.portfolio.hu/uzlet/20260731/energiahiany-takarekossagi-intezkedese-jonnek-a-repteren-is-853428' not found. KEEPING ITEM (Fallback).
[23:56:11] Summarizer: [FreeGeminiAPI_2] ⚠️ PAIRING FAIL: 'https://hvg.hu/kultura/20260731_tarr_zoltan_3_3_milliard_forint_kozpenzt_fizettek_hanko_nka' not found. KEEPING ITEM (Fallback).
[23:56:12] Summarizer: TIMEOUT (180s) - backend call took too long
[23:56:12] Summarizer: [Batch] No response from API (attempt 1/3)
[23:56:14] Summarizer: TIMEOUT (180s) - backend call took too long
[23:56:14] Summarizer: [Batch] No response from API (attempt 1/3)
[23:56:16] Summarizer: TIMEOUT (180s) - backend call took too long
[23:56:16] Summarizer: [Batch] No response from API (attempt 1/3)
[23:56:16] Summarizer: TIMEOUT (180s) - backend call took too long
[23:56:16] Summarizer: TIMEOUT (180s) - backend call took too long
[23:56:16] Summarizer: [Batch] No response from API (attempt 1/3)
[23:56:16] Summarizer: [Batch] No response from API (attempt 1/3)
[23:56:17] Summarizer: TIMEOUT (180s) - backend call took too long
[23:56:17] Summarizer: [Batch] No response from API (attempt 1/3)
[23:56:18] Summarizer: TIMEOUT (180s) - backend call took too long
[23:56:18] Summarizer: [Batch] No response from API (attempt 1/3)
[23:56:18] Summarizer: [Batch] 1 item(s) missing from response → marked for reprocessing
[00:12:23] Summarizer: [Batch] No response from API (attempt 1/3)
[00:12:23] Summarizer: [Batch] No response from API (attempt 2/3)
[00:12:23] Summarizer: [Batch] No response from API (attempt 2/3)
[00:12:26] Summarizer: [MissingDetector] ⚠️ PAIRING FAIL: 'https://esport1.hu/news/2026/07/31/gaming-a-metallica-adja-a-ritmust-a-saskak-meszarlasahoz-a-gears-of-war-e-day-ben-tzeus' not found. KEEPING ITEM (Fallback).
[00:12:26] Summarizer: [Batch] 1 item(s) missing from response → marked for reprocessing
[00:12:26] Summarizer: [FreeGeminiAPI_1] ⚠️ PAIRING FAIL: 'https://esport1.hu/news/2026/07/31/gaming-a-metallica-adja-a-ritmust-a-saskak-meszarlasahoz-a-gears-of-war-e-day-ben-tzeus' not found. KEEPING ITEM (Fallback).
[00:12:27] Summarizer: [MissingDetector] ⚠️ PAIRING FAIL: 'https://telex.hu/kulfold/2026/07/31/aszaly-svajc-brenets-t-kiszaradt-csapadekhiany' not found. KEEPING ITEM (Fallback).
[00:12:27] Summarizer: [Batch] 1 item(s) missing from response → marked for reprocessing
[00:12:27] Summarizer: [FreeGeminiAPI_1] ⚠️ PAIRING FAIL: 'https://telex.hu/kulfold/2026/07/31/aszaly-svajc-brenets-t-kiszaradt-csapadekhiany' not found. KEEPING ITEM (Fallback).
[00:12:27] Summarizer: [MissingDetector] ⚠️ PAIRING FAIL: 'https://telex.hu/gazdasag/20260730/mfb-igazgatosag-rrf-unios-forras-gerendas-janos' not found. KEEPING ITEM (Fallback).
[00:12:27] Summarizer: [Batch] 2 item(s) missing from response → marked for reprocessing
[00:12:27] Summarizer: [FreeGeminiAPI_3] ⚠️ PAIRING FAIL: 'https://telex.hu/gazdasag/20260730/mfb-igazgatosag-rrf-unios-forras-gerendas-janos' not found. KEEPING ITEM (Fallback).
[00:12:31] Summarizer: [Batch] 3 item(s) missing from response → marked for reprocessing
[00:12:32] Summarizer: [Batch] 1 item(s) missing from response → marked for reprocessing
[00:12:35] Summarizer: [Batch] 1 item(s) missing from response → marked for reprocessing
[00:12:38] Summarizer: [Batch] 2 item(s) missing from response → marked for reprocessing
[00:12:38] Summarizer: [Batch] 3 item(s) missing from response → marked for reprocessing
[00:12:39] Summarizer: [Batch] 1 item(s) missing from response → marked for reprocessing
[00:12:41] Summarizer: [Batch] 1 item(s) missing from response → marked for reprocessing
[00:12:44] Summarizer: [Batch] 2 item(s) missing from response → marked for reprocessing
[00:12:44] Summarizer: [MissingDetector] ⚠️ PAIRING FAIL: 'https://esport1.hu/news/2026/07/31/filmek-es-sorozatok-elden-ring-film-forgatas-befejezodett-kellekes-instagram-marlasinger-' not found. KEEPING ITEM (Fallback).
[00:12:44] Summarizer: [Batch] 1 item(s) missing from response → marked for reprocessing
[00:12:44] Summarizer: [FreeGeminiAPI_3] ⚠️ PAIRING FAIL: 'https://esport1.hu/news/2026/07/31/filmek-es-sorozatok-elden-ring-film-forgatas-befejezodett-kellekes-instagram-marlasinger-' not found. KEEPING ITEM (Fallback).
[00:12:45] Summarizer: [Batch] 2 item(s) missing from response → marked for reprocessing
[00:12:46] Summarizer: [MissingDetector] ⚠️ PAIRING FAIL: 'https://www.mafab.hu/article/van-stablista-utani-jelenet-a-pokember-vadonatuj-nap-veden-elmondjuk-erdemes-e-a-teremben-maradni-a-' not found. KEEPING ITEM (Fallback).
[00:12:46] Summarizer: [Batch] 2 item(s) missing from response → marked for reprocessing
[00:12:46] Summarizer: [FreeGeminiAPI_3] ⚠️ PAIRING FAIL: 'https://www.mafab.hu/article/van-stablista-utani-jelenet-a-pokember-vadonatuj-nap-veden-elmondjuk-erdemes-e-a-teremben-maradni-a-' not found. KEEPING ITEM (Fallback).
[00:12:46] Summarizer: [MissingDetector] ⚠️ PAIRING FAIL: 'https://nlc.hu/sztarok/2026/07/31/bill-nighy-balatonszemes-kistucsok-etterem/' not found. KEEPING ITEM (Fallback).
[00:12:46] Summarizer: [Batch] 4 item(s) missing from response → marked for reprocessing
[00:12:46] Summarizer: [FreeGeminiAPI_1] ⚠️ PAIRING FAIL: 'https://nlc.hu/sztarok/2026/07/31/bill-nighy-balatonszemes-kistucsok-etterem/' not found. KEEPING ITEM (Fallback).
[00:12:49] Summarizer: [MissingDetector] ⚠️ PAIRING FAIL: 'https://telex.hu/gazdasag/20260730/bona-szabolcs-jeger-rendszer-kikapcsolas-jegkarelharito' not found. KEEPING ITEM (Fallback).
[00:12:49] Summarizer: [Batch] 2 item(s) missing from response → marked for reprocessing
[00:12:49] Summarizer: [FreeGeminiAPI_2] ⚠️ PAIRING FAIL: 'https://telex.hu/gazdasag/20260730/bona-szabolcs-jeger-rendszer-kikapcsolas-jegkarelharito' not found. KEEPING ITEM (Fallback).
[00:12:53] Summarizer: [MissingDetector] ⚠️ PAIRING FAIL: 'https://www.forbes.com/councils/forbesbusinesscouncil/2026/07/31/the-ceos-reputation-is-the-company-s-reputation/' not found. KEEPING ITEM (Fallback).
[00:12:53] Summarizer: [Batch] 1 item(s) missing from response → marked for reprocessing
[00:12:53] Summarizer: [FreeGeminiAPI_1] ⚠️ PAIRING FAIL: 'https://www.forbes.com/councils/forbesbusinesscouncil/2026/07/31/the-ceos-reputation-is-the-company-s-reputation/' not found. KEEPING ITEM (Fallback).
[00:12:54] Summarizer: [MissingDetector] ⚠️ PAIRING FAIL: 'https://444.hu/2026/07/31/ujabb-orulet-a-fifa-nal-2030-tog-johet-a-64-csapatos-vilagbajnoksag?utm_source=rss_feed&utm_medium=rss&utm_campaign=rss_syndication' not found. KEEPING ITEM (Fallback).
[00:12:54] Summarizer: [Batch] 1 item(s) missing from response → marked for reprocessing
[00:12:54] Summarizer: [FreeGeminiAPI_1] ⚠️ PAIRING FAIL: 'https://444.hu/2026/07/31/ujabb-orulet-a-fifa-nal-2030-tog-johet-a-64-csapatos-vilagbajnoksag?utm_source=rss_feed&utm_medium=rss&utm_campaign=rss_syndication' not found. KEEPING ITEM (Fallback).
[00:12:55] Summarizer: [Batch] 2 item(s) missing from response → marked for reprocessing
[00:12:56] Summarizer: [MissingDetector] ⚠️ PAIRING FAIL: 'https://www.ign.com/articles/gamecube-classic-super-mario-shine-joins-nintendo-switch-online-catalog-next-month' not found. KEEPING ITEM (Fallback).
[00:12:56] Summarizer: [Batch] 1 item(s) missing from response → marked for reprocessing
[00:12:56] Summarizer: [FreeGeminiAPI_3] ⚠️ PAIRING FAIL: 'https://www.ign.com/articles/gamecube-classic-super-mario-shine-joins-nintendo-switch-online-catalog-next-month' not found. KEEPING ITEM (Fallback).
[00:12:58] Image_Downloader: Download failed (https://kep.cdn.index.hu/1/0/7080/70800/708003/70800301_5222073_c453122d6eb8b52918e45550becb3d45_wm.jpg): HTTPSConnectionPool(host='kep.cdn.index.hu', port=443): Read timed out. (read timeout=5)
[00:12:59] Summarizer: [Batch] 1 item(s) missing from response → marked for reprocessing
[00:20:18] Image_Downloader: Download failed (https://pcdn.hu/articles/images-xl/g/e/t/gettyimages-2287288874-vlagyimir-putyin-orosz-elnok-oroszorszag-kreml-sajtotajekoztato-politik-845536.jpg): ('Connection aborted.', ConnectionResetError(54, 'Connection reset by peer'))
[00:20:47] Image_Downloader: Download failed (https://kep.cdn.index.hu/1/0/7054/70549/705494/70549453_5204403_69374698d413e8ac1f5cb05168f68d91_wm.jpg): HTTPSConnectionPool(host='kep.cdn.index.hu', port=443): Read timed out. (read timeout=5)
[00:20:54] Summarizer: [Batch] No response from API (attempt 1/3)
[00:20:54] Summarizer: [Batch] No response from API (attempt 1/3)
[00:20:54] Summarizer: [Batch] No response from API (attempt 1/3)
[00:20:54] Summarizer: [Batch] No response from API (attempt 1/3)
[00:20:54] Summarizer: [Batch] No response from API (attempt 1/3)
[00:20:54] Summarizer: [Batch] No response from API (attempt 1/3)
[00:20:59] Image_Downloader: Download failed (https://assets.4cdn.hu/kraken/8M34zSqI8eNo1EsvZs-lg.jpeg): HTTPSConnectionPool(host='assets.4cdn.hu', port=443): Read timed out. (read timeout=5)
[00:35:26] Image_Downloader: Download failed (https://assets.telex.hu/images/20260730/1785439512-temp-j90jr56tu4e77knggaa_facebook.jpg): ('Connection aborted.', ConnectionResetError(54, 'Connection reset by peer'))
[00:35:35] Summarizer: [MissingDetector] ⚠️ PAIRING FAIL: 'https://esport1.hu/news/2026/07/30/gaming-elfelejtheted-a-fegyvereket-a-silent-hill-townfallban-a-lopakodás-a-tuleles-kulcsa-tzeus' not found. KEEPING ITEM (Fallback).
[00:35:35] Summarizer: [Batch] 3 item(s) missing from response → marked for reprocessing
[00:35:35] Summarizer: [FreeGeminiAPI_1] ⚠️ PAIRING FAIL: 'https://esport1.hu/news/2026/07/30/gaming-elfelejtheted-a-fegyvereket-a-silent-hill-townfallban-a-lopakodás-a-tuleles-kulcsa-tzeus' not found. KEEPING ITEM (Fallback).
[00:35:35] Summarizer: [Batch] 1 item(s) missing from response → marked for reprocessing
[00:35:35] Summarizer: [Batch] 1 item(s) missing from response → marked for reprocessing
[00:35:36] Summarizer: [MissingDetector] ⚠️ PAIRING FAIL: 'https://www.portfolio.hu/uzlet/20260731/energiahiany-takarekossagi-intezkedese-jonnek-a-repteren-is-853428' not found. KEEPING ITEM (Fallback).
[00:35:36] Summarizer: [Batch] 1 item(s) missing from response → marked for reprocessing
[00:35:36] Summarizer: [FreeGeminiAPI_3] ⚠️ PAIRING FAIL: 'https://www.portfolio.hu/uzlet/20260731/energiahiany-takarekossagi-intezkedese-jonnek-a-repteren-is-853428' not found. KEEPING ITEM (Fallback).
[00:35:43] Summarizer: [Batch] 1 item(s) missing from response → marked for reprocessing
[00:35:43] Image_Downloader: Download failed (https://assets.4cdn.hu/kraken/7volku8D86lz1QGzcs-lg.jpeg): HTTPSConnectionPool(host='assets.4cdn.hu', port=443): Read timed out. (read timeout=5)
[00:35:43] Summarizer: [Batch] 1 item(s) missing from response → marked for reprocessing
[00:35:44] Summarizer: Reprocessing 11 pairing failures from data.json
[00:35:57] Summarizer: [Batch] 3 item(s) missing from response → marked for reprocessing
[00:35:57] Image_Downloader: Download failed (https://i.cdn29.hu/apix_collect_c/ngg_images/2604/01/mortal_shell_2_201848_2_original_760x425_cover.jpg): HTTPSConnectionPool(host='i.cdn29.hu', port=443): Read timed out. (read timeout=5)
[00:35:59] Summarizer: [MissingDetector] ⚠️ PAIRING FAIL: 'https://www.portfolio.hu/global/20260731/rekordgyorsan-lett-kes-a-vilag-legsotetebb-diktaturaja-modernizalt-kn-23-ballisztikus-raketakkal-tamadhatnak-az-oroszok-853418' not found. KEEPING ITEM (Fallback).
[00:35:59] Summarizer: [Batch] 1 item(s) missing from response → marked for reprocessing
[00:35:59] Summarizer: [FreeGeminiAPI_3] ⚠️ PAIRING FAIL: 'https://www.portfolio.hu/global/20260731/rekordgyorsan-lett-kes-a-vilag-legsotetebb-diktaturaja-modernizalt-kn-23-ballisztikus-raketakkal-tamadhatnak-az-oroszok-853418' not found. KEEPING ITEM (Fallback).
[00:36:04] Summarizer: [MissingDetector] ⚠️ PAIRING FAIL: 'https://telex.hu/kulfold/2026/07/31/aszaly-svajc-brenets-t-kiszaradt-csapadekhiany' not found. KEEPING ITEM (Fallback).
[00:36:04] Summarizer: [MissingDetector] ⚠️ PAIRING FAIL: 'https://www.gsplus.hu/masvilag/simu-liu-uvegszilankokon-is-atkuszna-a-shang-chi-folytatasaert-de-remelhetoleg-eddig-azert-nem-kell-elmennie-385856.html' not found. KEEPING ITEM (Fallback).
[00:36:04] Summarizer: [Batch] 2 item(s) missing from response → marked for reprocessing
[00:36:04] Summarizer: [FreeGeminiAPI_2] ⚠️ PAIRING FAIL: 'https://telex.hu/kulfold/2026/07/31/aszaly-svajc-brenets-t-kiszaradt-csapadekhiany' not found. KEEPING ITEM (Fallback).
[00:36:04] Summarizer: [FreeGeminiAPI_2] ⚠️ PAIRING FAIL: 'https://www.gsplus.hu/masvilag/simu-liu-uvegszilankokon-is-atkuszna-a-shang-chi-folytatasaert-de-remelhetoleg-eddig-azert-nem-kell-elmennie-385856.html' not found. KEEPING ITEM (Fallback).
[00:51:53] Image_Downloader: Download failed (https://assets.telex.hu/images/20260730/1785433521-temp-gr17ue49irvq2cbcjom_facebook.jpg): HTTPSConnectionPool(host='assets.telex.hu', port=443): Read timed out. (read timeout=5)
[00:52:09] Summarizer: Reprocessing 15 pairing failures from data.json
[00:52:10] Summarizer: [Batch] No response from API (attempt 1/3)
[00:52:10] Summarizer: [Batch] No response from API (attempt 1/3)
[00:52:10] Summarizer: [Batch] No response from API (attempt 1/3)
[00:52:34] Summarizer: [Batch] 2 item(s) missing from response → marked for reprocessing
[00:52:34] Summarizer: [Batch] 2 item(s) missing from response → marked for reprocessing
[00:52:44] Image_Downloader: Download failed (https://assets.telex.hu/images/20260731/1785513953-temp-6sjh3oij4nqc9gjfglp_facebook.jpg): HTTPSConnectionPool(host='assets.telex.hu', port=443): Read timed out. (read timeout=5)
[01:21:44] Summarizer: Reprocessing 11 pairing failures from data.json
[04:09:28] Image_Downloader: Download failed (https://img.24.hu/c/1/1/6580/6580218.jpg): HTTPSConnectionPool(host='img.24.hu', port=443): Max retries exceeded with url: /c/1/1/6580/6580218.jpg (Caused by NameResolutionError("HTTPSConnection(host='img.24.hu', port=443): Failed to resolve 'img.24.hu' ([Errno 8] nodename nor servname provided, or not known)"))
[04:09:29] Image_Downloader: Download failed (https://raw.githubusercontent.com/Derushir/Kepek/main/67c6357751300334f52e35f893ac854f/news/orszagszerte-tuzekkel-kuzdenek-a-tuzoltok-az-extrem-szarazsa.jpg): 404 Client Error: Not Found for url: https://raw.githubusercontent.com/Derushir/Kepek/main/67c6357751300334f52e35f893ac854f/news/orszagszerte-tuzekkel-kuzdenek-a-tuzoltok-az-extrem-szarazsa.jpg
[04:09:29] Image_Downloader: Download failed (https://raw.githubusercontent.com/Derushir/Kepek/main/67c6357751300334f52e35f893ac854f/news/fagyott-konfliktushoz-vezethet-az-usa-es-iran-kozotti-eszkal.jpg): 404 Client Error: Not Found for url: https://raw.githubusercontent.com/Derushir/Kepek/main/67c6357751300334f52e35f893ac854f/news/fagyott-konfliktushoz-vezethet-az-usa-es-iran-kozotti-eszkal.jpg
[04:09:29] Image_Downloader: Download failed (https://raw.githubusercontent.com/Derushir/Kepek/main/67c6357751300334f52e35f893ac854f/news/migracios-valsag-ceutaban-katonakat-vezenyelt-a-spanyol-korm.jpg): 404 Client Error: Not Found for url: https://raw.githubusercontent.com/Derushir/Kepek/main/67c6357751300334f52e35f893ac854f/news/migracios-valsag-ceutaban-katonakat-vezenyelt-a-spanyol-korm.jpg
[04:09:29] Image_Downloader: Download failed (https://raw.githubusercontent.com/Derushir/Kepek/main/67c6357751300334f52e35f893ac854f/news/augusztus-vegeig-tart-a-kobanya-kispest-vasutallomas-karbant.jpg): 404 Client Error: Not Found for url: https://raw.githubusercontent.com/Derushir/Kepek/main/67c6357751300334f52e35f893ac854f/news/augusztus-vegeig-tart-a-kobanya-kispest-vasutallomas-karbant.jpg
[04:09:29] Image_Downloader: Download failed (https://raw.githubusercontent.com/Derushir/Kepek/main/67c6357751300334f52e35f893ac854f/news/hosegriado-es-vizhiany-magyarorszagon-augusztusban-fokozodik.jpg): 404 Client Error: Not Found for url: https://raw.githubusercontent.com/Derushir/Kepek/main/67c6357751300334f52e35f893ac854f/news/hosegriado-es-vizhiany-magyarorszagon-augusztusban-fokozodik.jpg
[04:09:29] Image_Downloader: Download failed (https://raw.githubusercontent.com/Derushir/Kepek/main/67c6357751300334f52e35f893ac854f/news/orosz-raketatamadas-ert-egy-amerikai-drongyarat-kijevben.jpg): 404 Client Error: Not Found for url: https://raw.githubusercontent.com/Derushir/Kepek/main/67c6357751300334f52e35f893ac854f/news/orosz-raketatamadas-ert-egy-amerikai-drongyarat-kijevben.jpg
[04:09:29] Image_Downloader: Download failed (https://raw.githubusercontent.com/Derushir/Kepek/main/67c6357751300334f52e35f893ac854f/news/autoroncsokkal-segitik-a-tengeri-elovilag-regeneraciojat.jpg): 404 Client Error: Not Found for url: https://raw.githubusercontent.com/Derushir/Kepek/main/67c6357751300334f52e35f893ac854f/news/autoroncsokkal-segitik-a-tengeri-elovilag-regeneraciojat.jpg
[04:09:29] Image_Downloader: Download failed (https://raw.githubusercontent.com/Derushir/Kepek/main/67c6357751300334f52e35f893ac854f/news/korhadt-faag-okozott-sulyos-balesetet-a-balatonlellei-strand.jpg): 404 Client Error: Not Found for url: https://raw.githubusercontent.com/Derushir/Kepek/main/67c6357751300334f52e35f893ac854f/news/korhadt-faag-okozott-sulyos-balesetet-a-balatonlellei-strand.jpg
[04:09:29] Image_Downloader: Download failed (https://raw.githubusercontent.com/Derushir/Kepek/main/67c6357751300334f52e35f893ac854f/news/elokerult-egy-13-eve-ellopott-opel-corsa-a-duna-medrebol.jpg): 404 Client Error: Not Found for url: https://raw.githubusercontent.com/Derushir/Kepek/main/67c6357751300334f52e35f893ac854f/news/elokerult-egy-13-eve-ellopott-opel-corsa-a-duna-medrebol.jpg
[04:09:29] Image_Downloader: Download failed (https://raw.githubusercontent.com/Derushir/Kepek/main/67c6357751300334f52e35f893ac854f/news/jotekonysagi-borscsfesztival-lesz-augusztus-kozepen-budapest.jpg): 404 Client Error: Not Found for url: https://raw.githubusercontent.com/Derushir/Kepek/main/67c6357751300334f52e35f893ac854f/news/jotekonysagi-borscsfesztival-lesz-augusztus-kozepen-budapest.jpg
[04:09:29] Image_Downloader: Download failed (https://raw.githubusercontent.com/Derushir/Kepek/main/67c6357751300334f52e35f893ac854f/news/stabilizalodott-az-aramszolgaltatas-maltan-a-hohullam-utan.jpg): 404 Client Error: Not Found for url: https://raw.githubusercontent.com/Derushir/Kepek/main/67c6357751300334f52e35f893ac854f/news/stabilizalodott-az-aramszolgaltatas-maltan-a-hohullam-utan.jpg
[04:09:29] Image_Downloader: Download failed (https://raw.githubusercontent.com/Derushir/Kepek/main/67c6357751300334f52e35f893ac854f/news/eszak-koreai-kn-23-as-raketakat-vethetnek-be-az-oroszok-ukra.jpg): 404 Client Error: Not Found for url: https://raw.githubusercontent.com/Derushir/Kepek/main/67c6357751300334f52e35f893ac854f/news/eszak-koreai-kn-23-as-raketakat-vethetnek-be-az-oroszok-ukra.jpg
[04:09:29] Image_Downloader: Download failed (https://raw.githubusercontent.com/Derushir/Kepek/main/67c6357751300334f52e35f893ac854f/news/tortenelmi-csucson-az-elektromos-autok-eladasa-franciaorszag.jpg): 404 Client Error: Not Found for url: https://raw.githubusercontent.com/Derushir/Kepek/main/67c6357751300334f52e35f893ac854f/news/tortenelmi-csucson-az-elektromos-autok-eladasa-franciaorszag.jpg
[04:09:29] Image_Downloader: Download failed (https://raw.githubusercontent.com/Derushir/Kepek/main/67c6357751300334f52e35f893ac854f/news/ll-junior-tisztazta-a-szakitas-korulmenyeit-nincs-harmadik-f.jpg): 404 Client Error: Not Found for url: https://raw.githubusercontent.com/Derushir/Kepek/main/67c6357751300334f52e35f893ac854f/news/ll-junior-tisztazta-a-szakitas-korulmenyeit-nincs-harmadik-f.jpg
[04:09:29] Image_Downloader: Download failed (https://raw.githubusercontent.com/Derushir/Kepek/main/67c6357751300334f52e35f893ac854f/news/szunyoginvazio-nehezitette-a-balatoni-kekszalag-vitorlasvers.jpg): 404 Client Error: Not Found for url: https://raw.githubusercontent.com/Derushir/Kepek/main/67c6357751300334f52e35f893ac854f/news/szunyoginvazio-nehezitette-a-balatoni-kekszalag-vitorlasvers.jpg
[04:09:30] Image_Downloader: Download failed (https://raw.githubusercontent.com/Derushir/Kepek/main/67c6357751300334f52e35f893ac854f/news/lavina-sodorta-el-nirmal-purja-expediciojat-pakisztanban.jpg): 404 Client Error: Not Found for url: https://raw.githubusercontent.com/Derushir/Kepek/main/67c6357751300334f52e35f893ac854f/news/lavina-sodorta-el-nirmal-purja-expediciojat-pakisztanban.jpg
[04:09:30] Image_Downloader: Download failed (https://raw.githubusercontent.com/Derushir/Kepek/main/67c6357751300334f52e35f893ac854f/news/energiakrizis-magyarorszagon-rotacios-tervet-keszitett-a-kor.jpg): 404 Client Error: Not Found for url: https://raw.githubusercontent.com/Derushir/Kepek/main/67c6357751300334f52e35f893ac854f/news/energiakrizis-magyarorszagon-rotacios-tervet-keszitett-a-kor.jpg
[04:09:30] Image_Downloader: Download failed (https://raw.githubusercontent.com/Derushir/Kepek/main/67c6357751300334f52e35f893ac854f/news/ittasan-es-defektes-autoval-kozlekedett-egy-sofor-siofokon.png): 404 Client Error: Not Found for url: https://raw.githubusercontent.com/Derushir/Kepek/main/67c6357751300334f52e35f893ac854f/news/ittasan-es-defektes-autoval-kozlekedett-egy-sofor-siofokon.png
[04:09:31] Image_Downloader: Download failed (https://raw.githubusercontent.com/Derushir/Kepek/main/67c6357751300334f52e35f893ac854f/news/teendok-kerekparos-altal-okozott-kozlekedesi-baleset-eseten.jpg): 404 Client Error: Not Found for url: https://raw.githubusercontent.com/Derushir/Kepek/main/67c6357751300334f52e35f893ac854f/news/teendok-kerekparos-altal-okozott-kozlekedesi-baleset-eseten.jpg
[04:09:31] Image_Downloader: Download failed (https://raw.githubusercontent.com/Derushir/Kepek/main/67c6357751300334f52e35f893ac854f/news/teljesen-lecsereltek-a-magyar-fejlesztesi-bank-vezeteset.jpg): 404 Client Error: Not Found for url: https://raw.githubusercontent.com/Derushir/Kepek/main/67c6357751300334f52e35f893ac854f/news/teljesen-lecsereltek-a-magyar-fejlesztesi-bank-vezeteset.jpg
[04:09:32] Image_Downloader: Download failed (https://raw.githubusercontent.com/Derushir/Kepek/main/67c6357751300334f52e35f893ac854f/news/bovul-az-ejszakai-buszjaratok-szama-budapest-agglomeraciojab.jpg): 404 Client Error: Not Found for url: https://raw.githubusercontent.com/Derushir/Kepek/main/67c6357751300334f52e35f893ac854f/news/bovul-az-ejszakai-buszjaratok-szama-budapest-agglomeraciojab.jpg
[04:09:32] Image_Downloader: Download failed (https://raw.githubusercontent.com/Derushir/Kepek/main/67c6357751300334f52e35f893ac854f/news/keszenleti-allapot-romaniaban-a-duna-alacsony-vizallasa-miat.jpg): 404 Client Error: Not Found for url: https://raw.githubusercontent.com/Derushir/Kepek/main/67c6357751300334f52e35f893ac854f/news/keszenleti-allapot-romaniaban-a-duna-alacsony-vizallasa-miat.jpg
[04:09:32] Image_Downloader: Download failed (https://raw.githubusercontent.com/Derushir/Kepek/main/67c6357751300334f52e35f893ac854f/news/orosz-h-101-es-tipusu-robotrepulogep-csapodott-be-lengyelors.jpg): 404 Client Error: Not Found for url: https://raw.githubusercontent.com/Derushir/Kepek/main/67c6357751300334f52e35f893ac854f/news/orosz-h-101-es-tipusu-robotrepulogep-csapodott-be-lengyelors.jpg
[04:09:32] Image_Downloader: Download failed (https://raw.githubusercontent.com/Derushir/Kepek/main/67c6357751300334f52e35f893ac854f/news/uj-megbizott-foigazgatokat-neveztek-ki-harom-jelentos-magyar.jpg): 404 Client Error: Not Found for url: https://raw.githubusercontent.com/Derushir/Kepek/main/67c6357751300334f52e35f893ac854f/news/uj-megbizott-foigazgatokat-neveztek-ki-harom-jelentos-magyar.jpg
[04:09:32] Image_Downloader: Download failed (https://raw.githubusercontent.com/Derushir/Kepek/main/67c6357751300334f52e35f893ac854f/news/vagyonvesztes-elott-az-mcc-es-tobb-kozerdeku-alapitvany.jpg): 404 Client Error: Not Found for url: https://raw.githubusercontent.com/Derushir/Kepek/main/67c6357751300334f52e35f893ac854f/news/vagyonvesztes-elott-az-mcc-es-tobb-kozerdeku-alapitvany.jpg
[04:09:32] Image_Downloader: Download failed (https://raw.githubusercontent.com/Derushir/Kepek/main/67c6357751300334f52e35f893ac854f/news/magyarorszagon-meg-nem-tortent-blackout-de-a-halozat-terhele.jpg): 404 Client Error: Not Found for url: https://raw.githubusercontent.com/Derushir/Kepek/main/67c6357751300334f52e35f893ac854f/news/magyarorszagon-meg-nem-tortent-blackout-de-a-halozat-terhele.jpg
[04:09:32] Image_Downloader: Download failed (https://raw.githubusercontent.com/Derushir/Kepek/main/67c6357751300334f52e35f893ac854f/news/ingyenesen-latogathato-a-szekesfehervari-csitary-strand-a-ka.jpg): 404 Client Error: Not Found for url: https://raw.githubusercontent.com/Derushir/Kepek/main/67c6357751300334f52e35f893ac854f/news/ingyenesen-latogathato-a-szekesfehervari-csitary-strand-a-ka.jpg
[04:09:33] Image_Downloader: Download failed (https://raw.githubusercontent.com/Derushir/Kepek/main/67c6357751300334f52e35f893ac854f/news/homokzsakokkal-lassitjak-a-viz-elfolyasat-a-galga-pataknal-a.jpg): 404 Client Error: Not Found for url: https://raw.githubusercontent.com/Derushir/Kepek/main/67c6357751300334f52e35f893ac854f/news/homokzsakokkal-lassitjak-a-viz-elfolyasat-a-galga-pataknal-a.jpg
[04:09:33] Image_Downloader: Download failed (https://raw.githubusercontent.com/Derushir/Kepek/main/67c6357751300334f52e35f893ac854f/news/szabadsag-ter-uj-kozossegi-kezdemenyezes-az-elbocsatott-alap.jpg): 404 Client Error: Not Found for url: https://raw.githubusercontent.com/Derushir/Kepek/main/67c6357751300334f52e35f893ac854f/news/szabadsag-ter-uj-kozossegi-kezdemenyezes-az-elbocsatott-alap.jpg
[04:09:33] Image_Downloader: Download failed (https://raw.githubusercontent.com/Derushir/Kepek/main/67c6357751300334f52e35f893ac854f/news/tobbmilliardos-luxuskiadasok-a-karmelita-kolostor-felujitasa.jpg): 404 Client Error: Not Found for url: https://raw.githubusercontent.com/Derushir/Kepek/main/67c6357751300334f52e35f893ac854f/news/tobbmilliardos-luxuskiadasok-a-karmelita-kolostor-felujitasa.jpg
[04:09:33] Image_Downloader: Download failed (https://raw.githubusercontent.com/Derushir/Kepek/main/67c6357751300334f52e35f893ac854f/news/uj-varosnegyedet-epit-a-wing-budapesten-tobb-mint-500-lakas-.jpg): 404 Client Error: Not Found for url: https://raw.githubusercontent.com/Derushir/Kepek/main/67c6357751300334f52e35f893ac854f/news/uj-varosnegyedet-epit-a-wing-budapesten-tobb-mint-500-lakas-.jpg
[04:09:34] Image_Downloader: Download failed (https://raw.githubusercontent.com/Derushir/Kepek/main/67c6357751300334f52e35f893ac854f/news/ai-altal-generalt-sulyos-hibaktol-hemzsego-afrika-terkepet-m.jpg): 404 Client Error: Not Found for url: https://raw.githubusercontent.com/Derushir/Kepek/main/67c6357751300334f52e35f893ac854f/news/ai-altal-generalt-sulyos-hibaktol-hemzsego-afrika-terkepet-m.jpg
[04:09:35] Image_Downloader: Download failed (https://raw.githubusercontent.com/Derushir/Kepek/main/67c6357751300334f52e35f893ac854f/news/sulyos-balesetet-szenvedett-egy-oteves-gyerek-dunaharasztiba.jpg): 404 Client Error: Not Found for url: https://raw.githubusercontent.com/Derushir/Kepek/main/67c6357751300334f52e35f893ac854f/news/sulyos-balesetet-szenvedett-egy-oteves-gyerek-dunaharasztiba.jpg
[04:09:35] Image_Downloader: Download failed (https://raw.githubusercontent.com/Derushir/Kepek/main/67c6357751300334f52e35f893ac854f/news/szigoritanak-a-kresz-t-a-kerekparosok-vedelme-erdekeben.jpg): 404 Client Error: Not Found for url: https://raw.githubusercontent.com/Derushir/Kepek/main/67c6357751300334f52e35f893ac854f/news/szigoritanak-a-kresz-t-a-kerekparosok-vedelme-erdekeben.jpg
[04:09:35] Image_Downloader: Download failed (https://raw.githubusercontent.com/Derushir/Kepek/main/67c6357751300334f52e35f893ac854f/news/antal-laszlo-vezerornagy-a-nato-kozep-europai-hadosztaly-par.jpg): 404 Client Error: Not Found for url: https://raw.githubusercontent.com/Derushir/Kepek/main/67c6357751300334f52e35f893ac854f/news/antal-laszlo-vezerornagy-a-nato-kozep-europai-hadosztaly-par.jpg
[04:09:35] Image_Downloader: Download failed (https://raw.githubusercontent.com/Derushir/Kepek/main/67c6357751300334f52e35f893ac854f/news/online-zaklatas-es-a-hatarok-meghuzasa-a-kozossegi-mediaban.jpg): 404 Client Error: Not Found for url: https://raw.githubusercontent.com/Derushir/Kepek/main/67c6357751300334f52e35f893ac854f/news/online-zaklatas-es-a-hatarok-meghuzasa-a-kozossegi-mediaban.jpg
[04:09:35] Image_Downloader: Download failed (https://raw.githubusercontent.com/Derushir/Kepek/main/67c6357751300334f52e35f893ac854f/news/katai-nemeth-vilmos-a-hatosagok-dolga-a-bizonyitekok-vizsgal.jpg): 404 Client Error: Not Found for url: https://raw.githubusercontent.com/Derushir/Kepek/main/67c6357751300334f52e35f893ac854f/news/katai-nemeth-vilmos-a-hatosagok-dolga-a-bizonyitekok-vizsgal.jpg
[04:09:35] Image_Downloader: Download failed (https://raw.githubusercontent.com/Derushir/Kepek/main/67c6357751300334f52e35f893ac854f/news/sulyos-aszalyhelyzet-egymillio-embert-erinthet-a-sivatagosod.jpg): 404 Client Error: Not Found for url: https://raw.githubusercontent.com/Derushir/Kepek/main/67c6357751300334f52e35f893ac854f/news/sulyos-aszalyhelyzet-egymillio-embert-erinthet-a-sivatagosod.jpg
[04:09:36] Image_Downloader: Download failed (https://raw.githubusercontent.com/Derushir/Kepek/main/67c6357751300334f52e35f893ac854f/news/paks-leallitasa-es-kanikula-energiaellatasi-nehezsegek-magya.jpg): 404 Client Error: Not Found for url: https://raw.githubusercontent.com/Derushir/Kepek/main/67c6357751300334f52e35f893ac854f/news/paks-leallitasa-es-kanikula-energiaellatasi-nehezsegek-magya.jpg
[04:09:36] Image_Downloader: Download failed (https://raw.githubusercontent.com/Derushir/Kepek/main/67c6357751300334f52e35f893ac854f/news/salgotarjani-rendorok-fogtak-el-a-szokokutat-megrongalo-20-e.jpg): 404 Client Error: Not Found for url: https://raw.githubusercontent.com/Derushir/Kepek/main/67c6357751300334f52e35f893ac854f/news/salgotarjani-rendorok-fogtak-el-a-szokokutat-megrongalo-20-e.jpg
[04:09:37] Image_Downloader: Download failed (https://raw.githubusercontent.com/Derushir/Kepek/main/67c6357751300334f52e35f893ac854f/news/a-napelemek-tobbsege-lekapcsol-ha-aramszunet-van-a-halozatba.webp): 404 Client Error: Not Found for url: https://raw.githubusercontent.com/Derushir/Kepek/main/67c6357751300334f52e35f893ac854f/news/a-napelemek-tobbsege-lekapcsol-ha-aramszunet-van-a-halozatba.webp
[04:09:37] Image_Downloader: Download failed (https://raw.githubusercontent.com/Derushir/Kepek/main/67c6357751300334f52e35f893ac854f/news/peren-kivuli-megallapodas-az-mta-kutatohalozati-ingatlanvagy.jpg): 404 Client Error: Not Found for url: https://raw.githubusercontent.com/Derushir/Kepek/main/67c6357751300334f52e35f893ac854f/news/peren-kivuli-megallapodas-az-mta-kutatohalozati-ingatlanvagy.jpg
[04:09:37] Image_Downloader: Download failed (https://raw.githubusercontent.com/Derushir/Kepek/main/67c6357751300334f52e35f893ac854f/news/becsben-szokott-meg-egy-madarpok-de-szerencsere-epsegben-meg.jpg): 404 Client Error: Not Found for url: https://raw.githubusercontent.com/Derushir/Kepek/main/67c6357751300334f52e35f893ac854f/news/becsben-szokott-meg-egy-madarpok-de-szerencsere-epsegben-meg.jpg
[04:09:37] Image_Downloader: Download failed (https://raw.githubusercontent.com/Derushir/Kepek/main/67c6357751300334f52e35f893ac854f/news/ezermilliard-forintos-vizpotlasi-programra-lenne-szukseg-mag.jpg): 404 Client Error: Not Found for url: https://raw.githubusercontent.com/Derushir/Kepek/main/67c6357751300334f52e35f893ac854f/news/ezermilliard-forintos-vizpotlasi-programra-lenne-szukseg-mag.jpg
[04:09:37] Image_Downloader: Download failed (https://raw.githubusercontent.com/Derushir/Kepek/main/67c6357751300334f52e35f893ac854f/news/szandekos-termeszetkarositas-ujbudan-gazolajjal-mergeztek-eg.jpg): 404 Client Error: Not Found for url: https://raw.githubusercontent.com/Derushir/Kepek/main/67c6357751300334f52e35f893ac854f/news/szandekos-termeszetkarositas-ujbudan-gazolajjal-mergeztek-eg.jpg
[04:09:39] Image_Downloader: Download failed (https://raw.githubusercontent.com/Derushir/Kepek/main/67c6357751300334f52e35f893ac854f/news/megnyitott-a-gordon-ramsay-bar-grill-budapest-a-dorothea-hot.jpg): 404 Client Error: Not Found for url: https://raw.githubusercontent.com/Derushir/Kepek/main/67c6357751300334f52e35f893ac854f/news/megnyitott-a-gordon-ramsay-bar-grill-budapest-a-dorothea-hot.jpg
[04:09:39] Image_Downloader: Download failed (https://raw.githubusercontent.com/Derushir/Kepek/main/67c6357751300334f52e35f893ac854f/news/az-europai-bizottsag-figyeli-a-paksi-atomeromu-koruli-helyze.jpg): 404 Client Error: Not Found for url: https://raw.githubusercontent.com/Derushir/Kepek/main/67c6357751300334f52e35f893ac854f/news/az-europai-bizottsag-figyeli-a-paksi-atomeromu-koruli-helyze.jpg
[04:09:39] Image_Downloader: Download failed (https://raw.githubusercontent.com/Derushir/Kepek/main/67c6357751300334f52e35f893ac854f/news/bartholy-judit-szerint-a-paksi-atomeromu-koruli-aggodalmak-j.jpg): 404 Client Error: Not Found for url: https://raw.githubusercontent.com/Derushir/Kepek/main/67c6357751300334f52e35f893ac854f/news/bartholy-judit-szerint-a-paksi-atomeromu-koruli-aggodalmak-j.jpg
[04:09:39] Image_Downloader: Download failed (https://raw.githubusercontent.com/Derushir/Kepek/main/67c6357751300334f52e35f893ac854f/news/13-millio-dollarnyi-toket-vont-be-a-smallestai-az-emberi-bes.jpg): 404 Client Error: Not Found for url: https://raw.githubusercontent.com/Derushir/Kepek/main/67c6357751300334f52e35f893ac854f/news/13-millio-dollarnyi-toket-vont-be-a-smallestai-az-emberi-bes.jpg
[04:09:41] Image_Downloader: Download failed (https://raw.githubusercontent.com/Derushir/Kepek/main/67c6357751300334f52e35f893ac854f/news/oriasi-tiltakozo-tablaval-blokkoljak-a-megfigyelo-kamerakat-.jpg): 404 Client Error: Not Found for url: https://raw.githubusercontent.com/Derushir/Kepek/main/67c6357751300334f52e35f893ac854f/news/oriasi-tiltakozo-tablaval-blokkoljak-a-megfigyelo-kamerakat-.jpg
[04:09:41] Image_Downloader: Download failed (https://raw.githubusercontent.com/Derushir/Kepek/main/67c6357751300334f52e35f893ac854f/news/az-ai-szuverenitas-illuzioja-miert-nem-erhetjuk-el-a-teljes-.jpg): 404 Client Error: Not Found for url: https://raw.githubusercontent.com/Derushir/Kepek/main/67c6357751300334f52e35f893ac854f/news/az-ai-szuverenitas-illuzioja-miert-nem-erhetjuk-el-a-teljes-.jpg
[04:09:42] Image_Downloader: Download failed (https://raw.githubusercontent.com/Derushir/Kepek/main/67c6357751300334f52e35f893ac854f/news/perel-egy-mesterseges-intelligenciaval-foglalkozo-ceg-mert-b.png): 404 Client Error: Not Found for url: https://raw.githubusercontent.com/Derushir/Kepek/main/67c6357751300334f52e35f893ac854f/news/perel-egy-mesterseges-intelligenciaval-foglalkozo-ceg-mert-b.png
[04:09:43] Image_Downloader: Download failed (https://raw.githubusercontent.com/Derushir/Kepek/main/67c6357751300334f52e35f893ac854f/news/kinai-terepjaro-erkezik-a-magyar-piacra-itt-a-baw-212.jpg): 404 Client Error: Not Found for url: https://raw.githubusercontent.com/Derushir/Kepek/main/67c6357751300334f52e35f893ac854f/news/kinai-terepjaro-erkezik-a-magyar-piacra-itt-a-baw-212.jpg
[04:09:43] Image_Downloader: Download failed (https://raw.githubusercontent.com/Derushir/Kepek/main/67c6357751300334f52e35f893ac854f/news/tortenelmi-veszteseget-konyvelt-el-a-samsung-mobilos-reszleg.jpg): 404 Client Error: Not Found for url: https://raw.githubusercontent.com/Derushir/Kepek/main/67c6357751300334f52e35f893ac854f/news/tortenelmi-veszteseget-konyvelt-el-a-samsung-mobilos-reszleg.jpg
[04:09:44] Image_Downloader: Download failed (https://raw.githubusercontent.com/Derushir/Kepek/main/67c6357751300334f52e35f893ac854f/news/erdotuz-pusztit-egy-brit-atomeromu-kozeleben.png): 404 Client Error: Not Found for url: https://raw.githubusercontent.com/Derushir/Kepek/main/67c6357751300334f52e35f893ac854f/news/erdotuz-pusztit-egy-brit-atomeromu-kozeleben.png
[04:09:45] Image_Downloader: Download failed (https://raw.githubusercontent.com/Derushir/Kepek/main/67c6357751300334f52e35f893ac854f/news/kulon-mappaba-szervezi-a-vallalati-uzeneteket-a-whatsapp.webp): 404 Client Error: Not Found for url: https://raw.githubusercontent.com/Derushir/Kepek/main/67c6357751300334f52e35f893ac854f/news/kulon-mappaba-szervezi-a-vallalati-uzeneteket-a-whatsapp.webp
[04:09:45] Image_Downloader: Download failed (https://raw.githubusercontent.com/Derushir/Kepek/main/67c6357751300334f52e35f893ac854f/news/megjelent-a-hmp-lightning-mkii-megfizetheto-utcai-kozlekedes.jpg): 404 Client Error: Not Found for url: https://raw.githubusercontent.com/Derushir/Kepek/main/67c6357751300334f52e35f893ac854f/news/megjelent-a-hmp-lightning-mkii-megfizetheto-utcai-kozlekedes.jpg
[04:09:46] Image_Downloader: Download failed (https://img.hvg.hu/Img/8133bb77-3fc3-490f-b374-cb198a0455cc/dd7a1e81-7759-47b1-bc46-85d95638bf50.jpg): HTTPSConnectionPool(host='img.hvg.hu', port=443): Read timed out. (read timeout=5)
[04:09:46] Image_Downloader: Download failed (https://raw.githubusercontent.com/Derushir/Kepek/main/67c6357751300334f52e35f893ac854f/news/elo-nyomkovetesi-funkcioval-bovultek-a-coros-sportorak.jpg): 404 Client Error: Not Found for url: https://raw.githubusercontent.com/Derushir/Kepek/main/67c6357751300334f52e35f893ac854f/news/elo-nyomkovetesi-funkcioval-bovultek-a-coros-sportorak.jpg
[04:09:48] Image_Downloader: Download failed (https://raw.githubusercontent.com/Derushir/Kepek/main/67c6357751300334f52e35f893ac854f/news/nem-modositja-az-mlsz-az-nb-i-es-meccsek-idopontjat-a-hoseg-.jpg): 404 Client Error: Not Found for url: https://raw.githubusercontent.com/Derushir/Kepek/main/67c6357751300334f52e35f893ac854f/news/nem-modositja-az-mlsz-az-nb-i-es-meccsek-idopontjat-a-hoseg-.jpg
[04:09:49] Image_Downloader: Download failed (https://raw.githubusercontent.com/Derushir/Kepek/main/67c6357751300334f52e35f893ac854f/news/vallalati-ai-strategia-hogyan-kezelheto-a-szallitoi-volatili.jpg): 404 Client Error: Not Found for url: https://raw.githubusercontent.com/Derushir/Kepek/main/67c6357751300334f52e35f893ac854f/news/vallalati-ai-strategia-hogyan-kezelheto-a-szallitoi-volatili.jpg
[04:09:49] Image_Downloader: Download failed (https://img.hvg.hu/Img/8133bb77-3fc3-490f-b374-cb198a0455cc/a1c7a13d-7990-49ff-aa50-4a1e21faf1fd.jpg): HTTPSConnectionPool(host='img.hvg.hu', port=443): Read timed out. (read timeout=5)
[04:09:49] Image_Downloader: Download failed (https://raw.githubusercontent.com/Derushir/Kepek/main/67c6357751300334f52e35f893ac854f/news/github-a-kodkereso-optimalizalasa-branch-mentes-algoritmusok.png): 404 Client Error: Not Found for url: https://raw.githubusercontent.com/Derushir/Kepek/main/67c6357751300334f52e35f893ac854f/news/github-a-kodkereso-optimalizalasa-branch-mentes-algoritmusok.png
[04:09:50] Image_Downloader: Download failed (https://raw.githubusercontent.com/Derushir/Kepek/main/67c6357751300334f52e35f893ac854f/news/csak-2027-re-tavolitjak-el-az-xai-engedely-nelkuli-turbinait.jpg): 404 Client Error: Not Found for url: https://raw.githubusercontent.com/Derushir/Kepek/main/67c6357751300334f52e35f893ac854f/news/csak-2027-re-tavolitjak-el-az-xai-engedely-nelkuli-turbinait.jpg
[04:09:50] Image_Downloader: Download failed (https://raw.githubusercontent.com/Derushir/Kepek/main/67c6357751300334f52e35f893ac854f/news/sulyos-koltsegsokk-az-amazonnal-az-ai-eszkozok-nem-megfelelo.jpg): HTTPSConnectionPool(host='raw.githubusercontent.com', port=443): Read timed out. (read timeout=5)
[04:09:50] Image_Downloader: Download failed (https://raw.githubusercontent.com/Derushir/Kepek/main/67c6357751300334f52e35f893ac854f/news/elon-musk-botranyos-kijelentesei-es-az-xai-jogi-lepesei-a-te.jpg): 404 Client Error: Not Found for url: https://raw.githubusercontent.com/Derushir/Kepek/main/67c6357751300334f52e35f893ac854f/news/elon-musk-botranyos-kijelentesei-es-az-xai-jogi-lepesei-a-te.jpg
[04:09:51] Image_Downloader: Download failed (https://raw.githubusercontent.com/Derushir/Kepek/main/67c6357751300334f52e35f893ac854f/news/a-magyarok-40-szazaleka-digitalisan-eretlen-mikozben-a-kiber.jpg): 404 Client Error: Not Found for url: https://raw.githubusercontent.com/Derushir/Kepek/main/67c6357751300334f52e35f893ac854f/news/a-magyarok-40-szazaleka-digitalisan-eretlen-mikozben-a-kiber.jpg
[04:09:52] Image_Downloader: Download failed (https://raw.githubusercontent.com/Derushir/Kepek/main/67c6357751300334f52e35f893ac854f/news/videos-funkciokkal-ujit-a-reddit-a-tiktok-mintajara.jpg): 404 Client Error: Not Found for url: https://raw.githubusercontent.com/Derushir/Kepek/main/67c6357751300334f52e35f893ac854f/news/videos-funkciokkal-ujit-a-reddit-a-tiktok-mintajara.jpg
[04:09:52] Image_Downloader: Download failed (https://raw.githubusercontent.com/Derushir/Kepek/main/67c6357751300334f52e35f893ac854f/news/ellatasi-nehezsegek-es-keresletnovekedes-miatt-akadozhat-az-.jpg): 404 Client Error: Not Found for url: https://raw.githubusercontent.com/Derushir/Kepek/main/67c6357751300334f52e35f893ac854f/news/ellatasi-nehezsegek-es-keresletnovekedes-miatt-akadozhat-az-.jpg
[04:09:53] Image_Downloader: Download failed (https://raw.githubusercontent.com/Derushir/Kepek/main/67c6357751300334f52e35f893ac854f/news/het-mesterseges-intelligencia-gigagyarat-epit-az-europai-uni.jpg): 404 Client Error: Not Found for url: https://raw.githubusercontent.com/Derushir/Kepek/main/67c6357751300334f52e35f893ac854f/news/het-mesterseges-intelligencia-gigagyarat-epit-az-europai-uni.jpg
[04:09:53] Image_Downloader: Download failed (https://raw.githubusercontent.com/Derushir/Kepek/main/67c6357751300334f52e35f893ac854f/news/2028-ig-is-elhuzodhat-a-globalis-memoria-chip-hiany-a-samsun.jpg): 404 Client Error: Not Found for url: https://raw.githubusercontent.com/Derushir/Kepek/main/67c6357751300334f52e35f893ac854f/news/2028-ig-is-elhuzodhat-a-globalis-memoria-chip-hiany-a-samsun.jpg
[04:09:53] Image_Downloader: Download failed (https://raw.githubusercontent.com/Derushir/Kepek/main/67c6357751300334f52e35f893ac854f/news/veszelyes-dezinformacios-eszkozze-valhat-a-google-earth-uj-a.jpg): HTTPSConnectionPool(host='raw.githubusercontent.com', port=443): Read timed out. (read timeout=5)
[04:09:53] Image_Downloader: Download failed (https://raw.githubusercontent.com/Derushir/Kepek/main/67c6357751300334f52e35f893ac854f/news/erkeznek-az-uj-akadalymentesitett-gysev-intercity-vonatok.jpg): 404 Client Error: Not Found for url: https://raw.githubusercontent.com/Derushir/Kepek/main/67c6357751300334f52e35f893ac854f/news/erkeznek-az-uj-akadalymentesitett-gysev-intercity-vonatok.jpg
[04:09:53] Image_Downloader: Download failed (https://raw.githubusercontent.com/Derushir/Kepek/main/67c6357751300334f52e35f893ac854f/news/cadillac-escalade-iql-a-luxus-elektromos-suv-ellentmondasai.jpg): 404 Client Error: Not Found for url: https://raw.githubusercontent.com/Derushir/Kepek/main/67c6357751300334f52e35f893ac854f/news/cadillac-escalade-iql-a-luxus-elektromos-suv-ellentmondasai.jpg
[04:09:54] Image_Downloader: Download failed (https://raw.githubusercontent.com/Derushir/Kepek/main/67c6357751300334f52e35f893ac854f/news/att-kontra-verizon-melyik-amerikai-mobilszolgaltato-eri-meg-.jpg): 404 Client Error: Not Found for url: https://raw.githubusercontent.com/Derushir/Kepek/main/67c6357751300334f52e35f893ac854f/news/att-kontra-verizon-melyik-amerikai-mobilszolgaltato-eri-meg-.jpg
[04:09:54] Image_Downloader: Download failed (https://raw.githubusercontent.com/Derushir/Kepek/main/67c6357751300334f52e35f893ac854f/news/lassulo-novekedes-a-chatgpt-heti-1-milliardos-felhasznaloi-b.jpg): 404 Client Error: Not Found for url: https://raw.githubusercontent.com/Derushir/Kepek/main/67c6357751300334f52e35f893ac854f/news/lassulo-novekedes-a-chatgpt-heti-1-milliardos-felhasznaloi-b.jpg
[04:09:54] Image_Downloader: Download failed (https://raw.githubusercontent.com/Derushir/Kepek/main/67c6357751300334f52e35f893ac854f/news/jlab-jbuds-open-kenyelmes-nyitott-kialakitasu-fejhallgato-sp.jpg): 404 Client Error: Not Found for url: https://raw.githubusercontent.com/Derushir/Kepek/main/67c6357751300334f52e35f893ac854f/news/jlab-jbuds-open-kenyelmes-nyitott-kialakitasu-fejhallgato-sp.jpg
[04:09:55] Image_Downloader: Download failed (https://raw.githubusercontent.com/Derushir/Kepek/main/67c6357751300334f52e35f893ac854f/news/egyre-kevesebbet-beszelnek-az-elektromos-autokrol-a-nagy-ame.jpg): 404 Client Error: Not Found for url: https://raw.githubusercontent.com/Derushir/Kepek/main/67c6357751300334f52e35f893ac854f/news/egyre-kevesebbet-beszelnek-az-elektromos-autokrol-a-nagy-ame.jpg
[04:09:55] Image_Downloader: Download failed (https://techcrunch.com/wp-content/uploads/2026/07/Offers_and_Updates-1.jpeg?resize=1200,675): HTTPSConnectionPool(host='techcrunch.com', port=443): Read timed out. (read timeout=5)
[04:09:56] Image_Downloader: Download failed (https://raw.githubusercontent.com/Derushir/Kepek/main/67c6357751300334f52e35f893ac854f/news/elektromos-kerekparok-es-mikromobilitasi-trendek-a-wheel-e-p.jpg): 404 Client Error: Not Found for url: https://raw.githubusercontent.com/Derushir/Kepek/main/67c6357751300334f52e35f893ac854f/news/elektromos-kerekparok-es-mikromobilitasi-trendek-a-wheel-e-p.jpg
[04:09:58] Image_Downloader: Download failed (https://raw.githubusercontent.com/Derushir/Kepek/main/67c6357751300334f52e35f893ac854f/news/a-gemini-spark-mar-integraltan-mukodik-a-chrome-bongeszovel.png): HTTPSConnectionPool(host='raw.githubusercontent.com', port=443): Read timed out. (read timeout=5)
[04:09:59] Image_Downloader: Download failed (https://raw.githubusercontent.com/Derushir/Kepek/main/67c6357751300334f52e35f893ac854f/news/2028-ban-indulhatnak-a-legitaxik-az-egyesult-kiralysagban.jpg): 404 Client Error: Not Found for url: https://raw.githubusercontent.com/Derushir/Kepek/main/67c6357751300334f52e35f893ac854f/news/2028-ban-indulhatnak-a-legitaxik-az-egyesult-kiralysagban.jpg
[04:09:59] Image_Downloader: Download failed (https://raw.githubusercontent.com/Derushir/Kepek/main/67c6357751300334f52e35f893ac854f/news/az-ai-keresok-miatt-csokkenhet-a-reddit-forgalma.webp): 404 Client Error: Not Found for url: https://raw.githubusercontent.com/Derushir/Kepek/main/67c6357751300334f52e35f893ac854f/news/az-ai-keresok-miatt-csokkenhet-a-reddit-forgalma.webp
[04:10:00] Image_Downloader: Download failed (https://raw.githubusercontent.com/Derushir/Kepek/main/67c6357751300334f52e35f893ac854f/news/csillagok-haboruja-es-mars-missziok-a-playmobil-tematikus-ur.jpg): HTTPSConnectionPool(host='raw.githubusercontent.com', port=443): Read timed out. (read timeout=5)
[04:10:01] Image_Downloader: Download failed (https://raw.githubusercontent.com/Derushir/Kepek/main/67c6357751300334f52e35f893ac854f/news/vezerigazgato-valtas-es-lassulo-szolgaltatasi-bevetelek-az-a.jpg): 404 Client Error: Not Found for url: https://raw.githubusercontent.com/Derushir/Kepek/main/67c6357751300334f52e35f893ac854f/news/vezerigazgato-valtas-es-lassulo-szolgaltatasi-bevetelek-az-a.jpg
[04:10:01] Image_Downloader: Download failed (https://raw.githubusercontent.com/Derushir/Kepek/main/67c6357751300334f52e35f893ac854f/news/felfuggesztes-meghibasodasa-miatt-vizsgalja-az-nhtsa-a-tesla.webp): 404 Client Error: Not Found for url: https://raw.githubusercontent.com/Derushir/Kepek/main/67c6357751300334f52e35f893ac854f/news/felfuggesztes-meghibasodasa-miatt-vizsgalja-az-nhtsa-a-tesla.webp
[04:10:01] Image_Downloader: Download failed (https://raw.githubusercontent.com/Derushir/Kepek/main/67c6357751300334f52e35f893ac854f/news/fizetosse-valhat-a-fejlett-siri-ai-az-apple-felhasznalok-sza.png): 404 Client Error: Not Found for url: https://raw.githubusercontent.com/Derushir/Kepek/main/67c6357751300334f52e35f893ac854f/news/fizetosse-valhat-a-fejlett-siri-ai-az-apple-felhasznalok-sza.png
[04:10:02] Image_Downloader: Download failed (https://raw.githubusercontent.com/Derushir/Kepek/main/67c6357751300334f52e35f893ac854f/news/az-ibm-szerint-attorest-ertek-el-a-kvantumszamitastechnikaba.jpg): HTTPSConnectionPool(host='raw.githubusercontent.com', port=443): Read timed out. (read timeout=5)
[04:10:02] Image_Downloader: Download failed (https://raw.githubusercontent.com/Derushir/Kepek/main/67c6357751300334f52e35f893ac854f/news/magas-akadalymentesitesi-szabvanyok-szerint-keszul-a-digital.jpg): 404 Client Error: Not Found for url: https://raw.githubusercontent.com/Derushir/Kepek/main/67c6357751300334f52e35f893ac854f/news/magas-akadalymentesitesi-szabvanyok-szerint-keszul-a-digital.jpg
[04:10:02] Image_Downloader: Download failed (https://raw.githubusercontent.com/Derushir/Kepek/main/67c6357751300334f52e35f893ac854f/news/fizikai-korlatokba-utkozott-a-gpu-k-gyartastechnologiaja-az-.jpg): 404 Client Error: Not Found for url: https://raw.githubusercontent.com/Derushir/Kepek/main/67c6357751300334f52e35f893ac854f/news/fizikai-korlatokba-utkozott-a-gpu-k-gyartastechnologiaja-az-.jpg
[04:10:02] Image_Downloader: Download failed (https://i.cdn29.hu/apix_collect_c/ngg_images/2603/10/chatgpt_141511_1_original_760x425_cover.jpg): HTTPSConnectionPool(host='i.cdn29.hu', port=443): Read timed out. (read timeout=5)
[04:10:03] Image_Downloader: Download failed (https://raw.githubusercontent.com/Derushir/Kepek/main/67c6357751300334f52e35f893ac854f/news/kilenc-uj-emojival-bovul-a-kinalat-2027-ben.png): 404 Client Error: Not Found for url: https://raw.githubusercontent.com/Derushir/Kepek/main/67c6357751300334f52e35f893ac854f/news/kilenc-uj-emojival-bovul-a-kinalat-2027-ben.png
[04:10:04] Image_Downloader: Download failed (https://raw.githubusercontent.com/Derushir/Kepek/main/67c6357751300334f52e35f893ac854f/news/szerzoi-jogi-pert-vesztett-a-suno-ai-nemetorszagban.png): 404 Client Error: Not Found for url: https://raw.githubusercontent.com/Derushir/Kepek/main/67c6357751300334f52e35f893ac854f/news/szerzoi-jogi-pert-vesztett-a-suno-ai-nemetorszagban.png
[04:10:05] Image_Downloader: Download failed (https://raw.githubusercontent.com/Derushir/Kepek/main/67c6357751300334f52e35f893ac854f/news/vizzel-toltott-palackot-kapott-egy-draga-videokartya-helyett.jpg): HTTPSConnectionPool(host='raw.githubusercontent.com', port=443): Read timed out. (read timeout=5)
[04:10:06] Image_Downloader: Download failed (https://raw.githubusercontent.com/Derushir/Kepek/main/67c6357751300334f52e35f893ac854f/news/szuperkukacok-alkalmazasa-muzeumi-csontvazak-tisztitasara.jpg): 404 Client Error: Not Found for url: https://raw.githubusercontent.com/Derushir/Kepek/main/67c6357751300334f52e35f893ac854f/news/szuperkukacok-alkalmazasa-muzeumi-csontvazak-tisztitasara.jpg
[04:10:06] Image_Downloader: Download failed (https://raw.githubusercontent.com/Derushir/Kepek/main/67c6357751300334f52e35f893ac854f/news/kavamentes-okostelefont-mutat-be-a-tecno-az-idei-ifa-kiallit.jpg): 404 Client Error: Not Found for url: https://raw.githubusercontent.com/Derushir/Kepek/main/67c6357751300334f52e35f893ac854f/news/kavamentes-okostelefont-mutat-be-a-tecno-az-idei-ifa-kiallit.jpg
[04:10:07] Image_Downloader: Download failed (https://raw.githubusercontent.com/Derushir/Kepek/main/67c6357751300334f52e35f893ac854f/news/mesterseges-intelligenciaval-generalt-al-pr-ugynokokkel-aras.jpg): HTTPSConnectionPool(host='raw.githubusercontent.com', port=443): Read timed out. (read timeout=5)
[04:10:07] Image_Downloader: Download failed (https://raw.githubusercontent.com/Derushir/Kepek/main/67c6357751300334f52e35f893ac854f/news/uj-szinekkel-frissiti-2027-es-motorpalettajat-a-honda.jpg): HTTPSConnectionPool(host='raw.githubusercontent.com', port=443): Read timed out. (read timeout=5)
[04:10:08] Image_Downloader: Download failed (https://raw.githubusercontent.com/Derushir/Kepek/main/67c6357751300334f52e35f893ac854f/news/engedelyt-kapott-az-amerikai-hatosagoktol-a-kormanykerek-nel.jpg): 404 Client Error: Not Found for url: https://raw.githubusercontent.com/Derushir/Kepek/main/67c6357751300334f52e35f893ac854f/news/engedelyt-kapott-az-amerikai-hatosagoktol-a-kormanykerek-nel.jpg
[04:10:09] Image_Downloader: Download failed (https://raw.githubusercontent.com/Derushir/Kepek/main/67c6357751300334f52e35f893ac854f/news/tudomanyos-magyarazat-a-hoseg-alvasra-gyakorolt-hatasarol-es.jpg): 404 Client Error: Not Found for url: https://raw.githubusercontent.com/Derushir/Kepek/main/67c6357751300334f52e35f893ac854f/news/tudomanyos-magyarazat-a-hoseg-alvasra-gyakorolt-hatasarol-es.jpg
[04:10:09] Image_Downloader: Download failed (https://raw.githubusercontent.com/Derushir/Kepek/main/67c6357751300334f52e35f893ac854f/news/40-000-eves-miniatur-madarfigurakat-talaltak-egy-nemetorszag.png): 404 Client Error: Not Found for url: https://raw.githubusercontent.com/Derushir/Kepek/main/67c6357751300334f52e35f893ac854f/news/40-000-eves-miniatur-madarfigurakat-talaltak-egy-nemetorszag.png
[04:10:09] Image_Downloader: Download failed (https://raw.githubusercontent.com/Derushir/Kepek/main/67c6357751300334f52e35f893ac854f/news/a-nasa-elhiresult-delfinkiserlete-amikor-a-tudomanyos-ambici.jpg): 404 Client Error: Not Found for url: https://raw.githubusercontent.com/Derushir/Kepek/main/67c6357751300334f52e35f893ac854f/news/a-nasa-elhiresult-delfinkiserlete-amikor-a-tudomanyos-ambici.jpg
[04:10:10] Image_Downloader: Download failed (https://raw.githubusercontent.com/Derushir/Kepek/main/67c6357751300334f52e35f893ac854f/news/otven-eve-rejtely-a-marsi-arc-tudomanyos-magyarazat-egy-opti.png): 404 Client Error: Not Found for url: https://raw.githubusercontent.com/Derushir/Kepek/main/67c6357751300334f52e35f893ac854f/news/otven-eve-rejtely-a-marsi-arc-tudomanyos-magyarazat-egy-opti.png
[04:26:24] Image_Downloader: Download failed (https://www.hwsw.hu/kepek/hirek/2026/07/applenegyedeservicwa.jpg): ('Connection aborted.', ConnectionResetError(54, 'Connection reset by peer'))
[04:26:24] Image_Downloader: Download failed (https://raw.githubusercontent.com/Derushir/Kepek/main/67c6357751300334f52e35f893ac854f/news/a-szemaglutid-hatoanyag-az-alkohol-utani-sovargast-is-csokke.jpg): 404 Client Error: Not Found for url: https://raw.githubusercontent.com/Derushir/Kepek/main/67c6357751300334f52e35f893ac854f/news/a-szemaglutid-hatoanyag-az-alkohol-utani-sovargast-is-csokke.jpg
[04:26:24] Image_Downloader: Download failed (https://raw.githubusercontent.com/Derushir/Kepek/main/67c6357751300334f52e35f893ac854f/news/vitak-kereszttuzeben-a-kotorekvadaszat-betiltasa.jpg): 404 Client Error: Not Found for url: https://raw.githubusercontent.com/Derushir/Kepek/main/67c6357751300334f52e35f893ac854f/news/vitak-kereszttuzeben-a-kotorekvadaszat-betiltasa.jpg
[04:26:25] Image_Downloader: Download failed (https://raw.githubusercontent.com/Derushir/Kepek/main/67c6357751300334f52e35f893ac854f/news/del-europaban-megduplazodott-az-erdotuzeknek-kedvezo-napok-s.jpg): HTTPSConnectionPool(host='raw.githubusercontent.com', port=443): Read timed out. (read timeout=5)
[04:26:25] Image_Downloader: Download failed (https://raw.githubusercontent.com/Derushir/Kepek/main/67c6357751300334f52e35f893ac854f/news/ket-szondat-kuld-a-hold-koruli-palyara-a-nasa-a-gravitacios-.jpg): 404 Client Error: Not Found for url: https://raw.githubusercontent.com/Derushir/Kepek/main/67c6357751300334f52e35f893ac854f/news/ket-szondat-kuld-a-hold-koruli-palyara-a-nasa-a-gravitacios-.jpg
[04:26:25] Image_Downloader: Download failed (https://raw.githubusercontent.com/Derushir/Kepek/main/67c6357751300334f52e35f893ac854f/news/bolygoegyuttallasok-es-latvanyos-egi-jelensegek-augusztusban.jpg): 404 Client Error: Not Found for url: https://raw.githubusercontent.com/Derushir/Kepek/main/67c6357751300334f52e35f893ac854f/news/bolygoegyuttallasok-es-latvanyos-egi-jelensegek-augusztusban.jpg
[04:26:25] Image_Downloader: Download failed (https://raw.githubusercontent.com/Derushir/Kepek/main/67c6357751300334f52e35f893ac854f/news/invaziv-kartevo-fenyegeti-a-magyarorszagi-korisallomanyt.jpg): 404 Client Error: Not Found for url: https://raw.githubusercontent.com/Derushir/Kepek/main/67c6357751300334f52e35f893ac854f/news/invaziv-kartevo-fenyegeti-a-magyarorszagi-korisallomanyt.jpg
[04:26:25] Image_Downloader: Download failed (https://raw.githubusercontent.com/Derushir/Kepek/main/67c6357751300334f52e35f893ac854f/news/julius-asztrofotoja-tejutrendszer-es-lencse-alaku-felhok-a-d.jpg): 404 Client Error: Not Found for url: https://raw.githubusercontent.com/Derushir/Kepek/main/67c6357751300334f52e35f893ac854f/news/julius-asztrofotoja-tejutrendszer-es-lencse-alaku-felhok-a-d.jpg
[04:26:25] Image_Downloader: Download failed (https://raw.githubusercontent.com/Derushir/Kepek/main/67c6357751300334f52e35f893ac854f/news/atombombaval-teritenek-el-a-foldre-veszelyes-aszteroidakat.jpg): 404 Client Error: Not Found for url: https://raw.githubusercontent.com/Derushir/Kepek/main/67c6357751300334f52e35f893ac854f/news/atombombaval-teritenek-el-a-foldre-veszelyes-aszteroidakat.jpg
[04:26:26] Image_Downloader: Download failed (https://raw.githubusercontent.com/Derushir/Kepek/main/67c6357751300334f52e35f893ac854f/news/tanulmany-az-onvezeto-taxik-68-szazalekkal-kevesebb-balesete.jpg): 404 Client Error: Not Found for url: https://raw.githubusercontent.com/Derushir/Kepek/main/67c6357751300334f52e35f893ac854f/news/tanulmany-az-onvezeto-taxik-68-szazalekkal-kevesebb-balesete.jpg
[04:26:26] Image_Downloader: Download failed (https://raw.githubusercontent.com/Derushir/Kepek/main/67c6357751300334f52e35f893ac854f/news/a-kutatasok-szerint-a-jojodieta-kevesbe-karos-az-egeszsegre-.jpg): 404 Client Error: Not Found for url: https://raw.githubusercontent.com/Derushir/Kepek/main/67c6357751300334f52e35f893ac854f/news/a-kutatasok-szerint-a-jojodieta-kevesbe-karos-az-egeszsegre-.jpg
[04:26:26] Image_Downloader: Download failed (https://raw.githubusercontent.com/Derushir/Kepek/main/67c6357751300334f52e35f893ac854f/news/agyunk-nem-a-serulest-hanem-a-veszelyt-erzekeli-igy-keletkez.jpg): 404 Client Error: Not Found for url: https://raw.githubusercontent.com/Derushir/Kepek/main/67c6357751300334f52e35f893ac854f/news/agyunk-nem-a-serulest-hanem-a-veszelyt-erzekeli-igy-keletkez.jpg
[04:26:26] Image_Downloader: Download failed (https://raw.githubusercontent.com/Derushir/Kepek/main/67c6357751300334f52e35f893ac854f/news/viz-alatti-kikepzessel-keszulnek-a-holdmissziora-a-nasa-aszt.jpg): 404 Client Error: Not Found for url: https://raw.githubusercontent.com/Derushir/Kepek/main/67c6357751300334f52e35f893ac854f/news/viz-alatti-kikepzessel-keszulnek-a-holdmissziora-a-nasa-aszt.jpg
[04:26:26] Image_Downloader: Download failed (https://raw.githubusercontent.com/Derushir/Kepek/main/67c6357751300334f52e35f893ac854f/news/tudomanyos-konszenzus-napoleon-halalanak-okarol.jpg): 404 Client Error: Not Found for url: https://raw.githubusercontent.com/Derushir/Kepek/main/67c6357751300334f52e35f893ac854f/news/tudomanyos-konszenzus-napoleon-halalanak-okarol.jpg
[04:26:26] Image_Downloader: Download failed (https://raw.githubusercontent.com/Derushir/Kepek/main/67c6357751300334f52e35f893ac854f/news/geologiai-attorest-keres-a-mars-felszinen-a-curiosity-marsja.jpg): 404 Client Error: Not Found for url: https://raw.githubusercontent.com/Derushir/Kepek/main/67c6357751300334f52e35f893ac854f/news/geologiai-attorest-keres-a-mars-felszinen-a-curiosity-marsja.jpg
[04:26:26] Image_Downloader: Download failed (https://raw.githubusercontent.com/Derushir/Kepek/main/67c6357751300334f52e35f893ac854f/news/tobb-mint-13-millio-nev-utazik-a-vilagurbe-a-nasa-roman-urta.jpg): 404 Client Error: Not Found for url: https://raw.githubusercontent.com/Derushir/Kepek/main/67c6357751300334f52e35f893ac854f/news/tobb-mint-13-millio-nev-utazik-a-vilagurbe-a-nasa-roman-urta.jpg
[04:26:27] Image_Downloader: Download failed (https://www.hwsw.hu/img/share-img.png): HTTPSConnectionPool(host='www.hwsw.hu', port=443): Read timed out. (read timeout=5)
[04:26:28] Image_Downloader: Download failed (https://raw.githubusercontent.com/Derushir/Kepek/main/67c6357751300334f52e35f893ac854f/news/szombattol-ujra-teljes-kapacitassal-uzemel-a-dunamenti-eromu.jpg): 404 Client Error: Not Found for url: https://raw.githubusercontent.com/Derushir/Kepek/main/67c6357751300334f52e35f893ac854f/news/szombattol-ujra-teljes-kapacitassal-uzemel-a-dunamenti-eromu.jpg
[04:26:28] Image_Downloader: Download failed (https://raw.githubusercontent.com/Derushir/Kepek/main/67c6357751300334f52e35f893ac854f/news/elso-alkalommal-dob-piacra-bottled-in-bond-whiskyt-a-stranah.jpg): 404 Client Error: Not Found for url: https://raw.githubusercontent.com/Derushir/Kepek/main/67c6357751300334f52e35f893ac854f/news/elso-alkalommal-dob-piacra-bottled-in-bond-whiskyt-a-stranah.jpg
[04:26:28] Image_Downloader: Download failed (https://raw.githubusercontent.com/Derushir/Kepek/main/67c6357751300334f52e35f893ac854f/news/a-mol-40-szazalekkal-csokkenti-aramfogyasztasat-a-hoseg-idej.jpg): 404 Client Error: Not Found for url: https://raw.githubusercontent.com/Derushir/Kepek/main/67c6357751300334f52e35f893ac854f/news/a-mol-40-szazalekkal-csokkenti-aramfogyasztasat-a-hoseg-idej.jpg
[04:26:29] Image_Downloader: Download failed (https://raw.githubusercontent.com/Derushir/Kepek/main/67c6357751300334f52e35f893ac854f/news/visszateres-a-munkaeropiacra-fogyatekkal-szakertoi-segitseg-.jpg): 404 Client Error: Not Found for url: https://raw.githubusercontent.com/Derushir/Kepek/main/67c6357751300334f52e35f893ac854f/news/visszateres-a-munkaeropiacra-fogyatekkal-szakertoi-segitseg-.jpg
[04:26:29] Image_Downloader: Download failed (https://raw.githubusercontent.com/Derushir/Kepek/main/67c6357751300334f52e35f893ac854f/news/csokkent-az-olajar-enyhult-a-kinalati-aggodalom-a-hormuzi-sz.jpg): 404 Client Error: Not Found for url: https://raw.githubusercontent.com/Derushir/Kepek/main/67c6357751300334f52e35f893ac854f/news/csokkent-az-olajar-enyhult-a-kinalati-aggodalom-a-hormuzi-sz.jpg
[04:26:29] Image_Downloader: Download failed (https://raw.githubusercontent.com/Derushir/Kepek/main/67c6357751300334f52e35f893ac854f/news/a-marketinguzenetek-hatastalansaganak-oka-a-rosszul-azonosit.jpg): 404 Client Error: Not Found for url: https://raw.githubusercontent.com/Derushir/Kepek/main/67c6357751300334f52e35f893ac854f/news/a-marketinguzenetek-hatastalansaganak-oka-a-rosszul-azonosit.jpg
[04:26:29] Image_Downloader: Download failed (https://raw.githubusercontent.com/Derushir/Kepek/main/67c6357751300334f52e35f893ac854f/news/a-ceo-digitalis-labnyoma-kozvetlen-hatassal-van-a-vallalat-p.jpg): 404 Client Error: Not Found for url: https://raw.githubusercontent.com/Derushir/Kepek/main/67c6357751300334f52e35f893ac854f/news/a-ceo-digitalis-labnyoma-kozvetlen-hatassal-van-a-vallalat-p.jpg
[04:26:29] Image_Downloader: Download failed (https://raw.githubusercontent.com/Derushir/Kepek/main/67c6357751300334f52e35f893ac854f/news/dragulhat-a-gazolaj-magyarorszagon-a-vilagpiaci-helyzet-miat.jpg): 404 Client Error: Not Found for url: https://raw.githubusercontent.com/Derushir/Kepek/main/67c6357751300334f52e35f893ac854f/news/dragulhat-a-gazolaj-magyarorszagon-a-vilagpiaci-helyzet-miat.jpg
[04:26:30] Image_Downloader: Download failed (https://raw.githubusercontent.com/Derushir/Kepek/main/67c6357751300334f52e35f893ac854f/news/birosagi-dontes-surgeti-a-zajszennyezes-elleni-fellepest.jpg): 404 Client Error: Not Found for url: https://raw.githubusercontent.com/Derushir/Kepek/main/67c6357751300334f52e35f893ac854f/news/birosagi-dontes-surgeti-a-zajszennyezes-elleni-fellepest.jpg
[04:26:30] Image_Downloader: Download failed (https://raw.githubusercontent.com/Derushir/Kepek/main/67c6357751300334f52e35f893ac854f/news/az-eurobevezetes-es-a-geopolitikai-kockazatok-hatarozzak-meg.webp): 404 Client Error: Not Found for url: https://raw.githubusercontent.com/Derushir/Kepek/main/67c6357751300334f52e35f893ac854f/news/az-eurobevezetes-es-a-geopolitikai-kockazatok-hatarozzak-meg.webp
[04:26:30] Image_Downloader: Download failed (https://raw.githubusercontent.com/Derushir/Kepek/main/67c6357751300334f52e35f893ac854f/news/szigoritja-a-kritikus-asvanyok-exportjat-az-egyesult-allamok.jpg): 404 Client Error: Not Found for url: https://raw.githubusercontent.com/Derushir/Kepek/main/67c6357751300334f52e35f893ac854f/news/szigoritja-a-kritikus-asvanyok-exportjat-az-egyesult-allamok.jpg
[04:26:31] Image_Downloader: Download failed (https://raw.githubusercontent.com/Derushir/Kepek/main/67c6357751300334f52e35f893ac854f/news/energiahiany-miatt-korlatozasok-varhatoak-magyarorszagon.jpg): 404 Client Error: Not Found for url: https://raw.githubusercontent.com/Derushir/Kepek/main/67c6357751300334f52e35f893ac854f/news/energiahiany-miatt-korlatozasok-varhatoak-magyarorszagon.jpg
[04:26:31] Image_Downloader: Download failed (https://raw.githubusercontent.com/Derushir/Kepek/main/67c6357751300334f52e35f893ac854f/news/akar-20-40-dollarral-is-emelkedhet-az-olaj-ara-az-irani-konf.jpg): 404 Client Error: Not Found for url: https://raw.githubusercontent.com/Derushir/Kepek/main/67c6357751300334f52e35f893ac854f/news/akar-20-40-dollarral-is-emelkedhet-az-olaj-ara-az-irani-konf.jpg
[04:26:31] Image_Downloader: Download failed (https://raw.githubusercontent.com/Derushir/Kepek/main/67c6357751300334f52e35f893ac854f/news/rekordaron-kelhet-el-a-tortenelmi-jelentosegu-shelby-cobra-d.jpg): 404 Client Error: Not Found for url: https://raw.githubusercontent.com/Derushir/Kepek/main/67c6357751300334f52e35f893ac854f/news/rekordaron-kelhet-el-a-tortenelmi-jelentosegu-shelby-cobra-d.jpg
[04:26:32] Image_Downloader: Download failed (https://raw.githubusercontent.com/Derushir/Kepek/main/67c6357751300334f52e35f893ac854f/news/szeptember-vegere-allhat-helyre-a-szazhalombattai-finomito-t.jpg): 404 Client Error: Not Found for url: https://raw.githubusercontent.com/Derushir/Kepek/main/67c6357751300334f52e35f893ac854f/news/szeptember-vegere-allhat-helyre-a-szazhalombattai-finomito-t.jpg
[04:26:32] Image_Downloader: Download failed (https://raw.githubusercontent.com/Derushir/Kepek/main/67c6357751300334f52e35f893ac854f/news/gyengulessel-zarta-a-juliust-a-forint.jpg): 404 Client Error: Not Found for url: https://raw.githubusercontent.com/Derushir/Kepek/main/67c6357751300334f52e35f893ac854f/news/gyengulessel-zarta-a-juliust-a-forint.jpg
[04:26:32] Image_Downloader: Download failed (https://raw.githubusercontent.com/Derushir/Kepek/main/67c6357751300334f52e35f893ac854f/news/megszunik-egy-jelentos-amerikai-gyogyszer-tamogatasi-program.jpg): 404 Client Error: Not Found for url: https://raw.githubusercontent.com/Derushir/Kepek/main/67c6357751300334f52e35f893ac854f/news/megszunik-egy-jelentos-amerikai-gyogyszer-tamogatasi-program.jpg
[04:26:32] Image_Downloader: Download failed (https://raw.githubusercontent.com/Derushir/Kepek/main/67c6357751300334f52e35f893ac854f/news/vita-a-haromeves-alapdiplomak-hatekonysagarol-az-amerikai-fe.jpg): 404 Client Error: Not Found for url: https://raw.githubusercontent.com/Derushir/Kepek/main/67c6357751300334f52e35f893ac854f/news/vita-a-haromeves-alapdiplomak-hatekonysagarol-az-amerikai-fe.jpg
[04:26:33] Image_Downloader: Download failed (https://raw.githubusercontent.com/Derushir/Kepek/main/67c6357751300334f52e35f893ac854f/news/36-milliard-dollaros-pert-inditott-new-york-allam-a-kalshi-e.jpg): 404 Client Error: Not Found for url: https://raw.githubusercontent.com/Derushir/Kepek/main/67c6357751300334f52e35f893ac854f/news/36-milliard-dollaros-pert-inditott-new-york-allam-a-kalshi-e.jpg
[04:26:33] Image_Downloader: Download failed (https://raw.githubusercontent.com/Derushir/Kepek/main/67c6357751300334f52e35f893ac854f/news/nyolcezer-fotol-valna-meg-a-bmw-onkentes-tavozasi-program-ke.jpg): 404 Client Error: Not Found for url: https://raw.githubusercontent.com/Derushir/Kepek/main/67c6357751300334f52e35f893ac854f/news/nyolcezer-fotol-valna-meg-a-bmw-onkentes-tavozasi-program-ke.jpg
[04:26:33] Image_Downloader: Download failed (https://raw.githubusercontent.com/Derushir/Kepek/main/67c6357751300334f52e35f893ac854f/news/allami-kezbe-kerulhetnek-a-mol-es-richter-reszvenyek.jpg): 404 Client Error: Not Found for url: https://raw.githubusercontent.com/Derushir/Kepek/main/67c6357751300334f52e35f893ac854f/news/allami-kezbe-kerulhetnek-a-mol-es-richter-reszvenyek.jpg
[04:26:33] Image_Downloader: Download failed (https://raw.githubusercontent.com/Derushir/Kepek/main/67c6357751300334f52e35f893ac854f/news/jelentos-adougyi-valtozasok-magyarorszagon-megszunik-a-szen-.jpg): 404 Client Error: Not Found for url: https://raw.githubusercontent.com/Derushir/Kepek/main/67c6357751300334f52e35f893ac854f/news/jelentos-adougyi-valtozasok-magyarorszagon-megszunik-a-szen-.jpg
[04:26:33] Image_Downloader: Download failed (https://raw.githubusercontent.com/Derushir/Kepek/main/67c6357751300334f52e35f893ac854f/news/kapitany-istvan-elkerulheto-lett-volna-a-paksi-atomeromu-lea.webp): 404 Client Error: Not Found for url: https://raw.githubusercontent.com/Derushir/Kepek/main/67c6357751300334f52e35f893ac854f/news/kapitany-istvan-elkerulheto-lett-volna-a-paksi-atomeromu-lea.webp
[04:26:33] Image_Downloader: Download failed (https://raw.githubusercontent.com/Derushir/Kepek/main/67c6357751300334f52e35f893ac854f/news/exkluziv-uzleti-kozosseget-inditott-a-maxim-sphere.jpg): 404 Client Error: Not Found for url: https://raw.githubusercontent.com/Derushir/Kepek/main/67c6357751300334f52e35f893ac854f/news/exkluziv-uzleti-kozosseget-inditott-a-maxim-sphere.jpg
[04:26:34] Image_Downloader: Download failed (https://raw.githubusercontent.com/Derushir/Kepek/main/67c6357751300334f52e35f893ac854f/news/energiakrizis-es-szelenergia-fejlesztes-osszehivta-a-vedelmi.webp): 404 Client Error: Not Found for url: https://raw.githubusercontent.com/Derushir/Kepek/main/67c6357751300334f52e35f893ac854f/news/energiakrizis-es-szelenergia-fejlesztes-osszehivta-a-vedelmi.webp
[04:26:34] Image_Downloader: Download failed (https://raw.githubusercontent.com/Derushir/Kepek/main/67c6357751300334f52e35f893ac854f/news/tortenelmi-rekord-a-magyar-lakossagi-hitelezesben-atlepte-az.jpg): 404 Client Error: Not Found for url: https://raw.githubusercontent.com/Derushir/Kepek/main/67c6357751300334f52e35f893ac854f/news/tortenelmi-rekord-a-magyar-lakossagi-hitelezesben-atlepte-az.jpg
[04:26:34] Image_Downloader: Download failed (https://raw.githubusercontent.com/Derushir/Kepek/main/67c6357751300334f52e35f893ac854f/news/az-irs-kiberbiztonsagi-kampanyt-inditott-a-kisvallalkozasok-.jpg): 404 Client Error: Not Found for url: https://raw.githubusercontent.com/Derushir/Kepek/main/67c6357751300334f52e35f893ac854f/news/az-irs-kiberbiztonsagi-kampanyt-inditott-a-kisvallalkozasok-.jpg
[04:26:34] Image_Downloader: Download failed (https://raw.githubusercontent.com/Derushir/Kepek/main/67c6357751300334f52e35f893ac854f/news/a-vagyonkezeles-hatekonysaga-a-szakertok-szinkronizalasan-mu.jpg): 404 Client Error: Not Found for url: https://raw.githubusercontent.com/Derushir/Kepek/main/67c6357751300334f52e35f893ac854f/news/a-vagyonkezeles-hatekonysaga-a-szakertok-szinkronizalasan-mu.jpg
[04:26:34] Image_Downloader: Download failed (https://raw.githubusercontent.com/Derushir/Kepek/main/67c6357751300334f52e35f893ac854f/news/jelentos-torlesztoreszlet-emelkedes-az-amerikai-diakhitel-pr.jpg): 404 Client Error: Not Found for url: https://raw.githubusercontent.com/Derushir/Kepek/main/67c6357751300334f52e35f893ac854f/news/jelentos-torlesztoreszlet-emelkedes-az-amerikai-diakhitel-pr.jpg
[04:26:35] Image_Downloader: Download failed (https://raw.githubusercontent.com/Derushir/Kepek/main/67c6357751300334f52e35f893ac854f/news/augusztusra-csuszik-az-amd-radeon-videokartyak-varhato-areme.png): 404 Client Error: Not Found for url: https://raw.githubusercontent.com/Derushir/Kepek/main/67c6357751300334f52e35f893ac854f/news/augusztusra-csuszik-az-amd-radeon-videokartyak-varhato-areme.png
[04:26:35] Image_Downloader: Download failed (https://raw.githubusercontent.com/Derushir/Kepek/main/67c6357751300334f52e35f893ac854f/news/japan-intervencioval-probalja-menteni-a-jent-kamatszint-1-sz.jpg): 404 Client Error: Not Found for url: https://raw.githubusercontent.com/Derushir/Kepek/main/67c6357751300334f52e35f893ac854f/news/japan-intervencioval-probalja-menteni-a-jent-kamatszint-1-sz.jpg
[04:26:35] Image_Downloader: Download failed (https://raw.githubusercontent.com/Derushir/Kepek/main/67c6357751300334f52e35f893ac854f/news/tobb-magyar-elelmiszer-is-rangos-elismerest-kapott-a-great-t.jpg): 404 Client Error: Not Found for url: https://raw.githubusercontent.com/Derushir/Kepek/main/67c6357751300334f52e35f893ac854f/news/tobb-magyar-elelmiszer-is-rangos-elismerest-kapott-a-great-t.jpg
[04:26:40] Image_Downloader: Download failed (https://www.maxim.com/wp-content/uploads/2026/07/ms-promotional-article-introducing-maxim-sphere-V2-1180x664.jpg): HTTPSConnectionPool(host='www.maxim.com', port=443): Read timed out. (read timeout=5)
[04:26:41] Image_Downloader: Download failed (https://raw.githubusercontent.com/Derushir/Kepek/main/67c6357751300334f52e35f893ac854f/news/gyengul-a-forint-a-paksi-atomeromu-leallasa-es-az-energiaimp.jpg): HTTPSConnectionPool(host='raw.githubusercontent.com', port=443): Read timed out. (read timeout=5)
[04:26:43] Image_Downloader: Download failed (https://raw.githubusercontent.com/Derushir/Kepek/main/67c6357751300334f52e35f893ac854f/news/kozmikus-pusztitas-11-ezer-fenyevre-torli-el-kornyezetet-egy.jpg): HTTPSConnectionPool(host='raw.githubusercontent.com', port=443): Read timed out. (read timeout=20)
[04:26:47] Image_Downloader: Download failed (https://raw.githubusercontent.com/Derushir/Kepek/main/67c6357751300334f52e35f893ac854f/news/a-jovo-reklamiparat-formalo-tiz-legbefolyasosabb-vezeto.jpg): 404 Client Error: Not Found for url: https://raw.githubusercontent.com/Derushir/Kepek/main/67c6357751300334f52e35f893ac854f/news/a-jovo-reklamiparat-formalo-tiz-legbefolyasosabb-vezeto.jpg
[04:26:48] Image_Downloader: Download failed (https://raw.githubusercontent.com/Derushir/Kepek/main/67c6357751300334f52e35f893ac854f/news/bill-nighy-a-balatonnal-pihen-a-caine-forgatasa-kozben.jpg): 404 Client Error: Not Found for url: https://raw.githubusercontent.com/Derushir/Kepek/main/67c6357751300334f52e35f893ac854f/news/bill-nighy-a-balatonnal-pihen-a-caine-forgatasa-kozben.jpg
[04:26:49] Image_Downloader: Download failed (https://raw.githubusercontent.com/Derushir/Kepek/main/67c6357751300334f52e35f893ac854f/news/nyolcvan-eves-brody-janos-mernokbol-lett-a-magyar-zene-egyik.jpg): 404 Client Error: Not Found for url: https://raw.githubusercontent.com/Derushir/Kepek/main/67c6357751300334f52e35f893ac854f/news/nyolcvan-eves-brody-janos-mernokbol-lett-a-magyar-zene-egyik.jpg
[04:26:51] Image_Downloader: Download failed (https://raw.githubusercontent.com/Derushir/Kepek/main/67c6357751300334f52e35f893ac854f/news/abel-anita-es-liptai-claudia-oszinten-vallottak-evtizedes-ba.jpg): 404 Client Error: Not Found for url: https://raw.githubusercontent.com/Derushir/Kepek/main/67c6357751300334f52e35f893ac854f/news/abel-anita-es-liptai-claudia-oszinten-vallottak-evtizedes-ba.jpg
[04:26:53] Image_Downloader: Download failed (https://raw.githubusercontent.com/Derushir/Kepek/main/67c6357751300334f52e35f893ac854f/news/indiai-vigjatek-erkezett-a-netflixre-a-szuz-szexoktato.jpg): 404 Client Error: Not Found for url: https://raw.githubusercontent.com/Derushir/Kepek/main/67c6357751300334f52e35f893ac854f/news/indiai-vigjatek-erkezett-a-netflixre-a-szuz-szexoktato.jpg
[04:26:53] Image_Downloader: Download failed (https://raw.githubusercontent.com/Derushir/Kepek/main/67c6357751300334f52e35f893ac854f/news/uj-szereplok-csatlakoztak-a-reacher-5-evadahoz.webp): 404 Client Error: Not Found for url: https://raw.githubusercontent.com/Derushir/Kepek/main/67c6357751300334f52e35f893ac854f/news/uj-szereplok-csatlakoztak-a-reacher-5-evadahoz.webp
[04:26:53] Image_Downloader: Download failed (https://raw.githubusercontent.com/Derushir/Kepek/main/67c6357751300334f52e35f893ac854f/news/selena-gomez-es-becky-g-kozos-dalt-adott-ki-benny-blancoval.jpg): 404 Client Error: Not Found for url: https://raw.githubusercontent.com/Derushir/Kepek/main/67c6357751300334f52e35f893ac854f/news/selena-gomez-es-becky-g-kozos-dalt-adott-ki-benny-blancoval.jpg
[04:26:53] Image_Downloader: Download failed (https://raw.githubusercontent.com/Derushir/Kepek/main/67c6357751300334f52e35f893ac854f/news/megkezdodott-a-severance-harmadik-evadanak-forgatasa.jpg): HTTPSConnectionPool(host='raw.githubusercontent.com', port=443): Read timed out. (read timeout=5)
[04:26:53] Image_Downloader: Download failed (https://raw.githubusercontent.com/Derushir/Kepek/main/67c6357751300334f52e35f893ac854f/news/varatlanul-elkaszalta-a-marvel-a-wonder-man-sorozatot.jpg): 404 Client Error: Not Found for url: https://raw.githubusercontent.com/Derushir/Kepek/main/67c6357751300334f52e35f893ac854f/news/varatlanul-elkaszalta-a-marvel-a-wonder-man-sorozatot.jpg
[04:26:53] Image_Downloader: Download failed (https://raw.githubusercontent.com/Derushir/Kepek/main/67c6357751300334f52e35f893ac854f/news/hollywoodi-stabok-fedezik-fel-a-hello-wood-dijnyertes-magyar.jpg): 404 Client Error: Not Found for url: https://raw.githubusercontent.com/Derushir/Kepek/main/67c6357751300334f52e35f893ac854f/news/hollywoodi-stabok-fedezik-fel-a-hello-wood-dijnyertes-magyar.jpg
[04:26:54] Image_Downloader: Download failed (https://raw.githubusercontent.com/Derushir/Kepek/main/67c6357751300334f52e35f893ac854f/news/augusztusban-40-film-es-sorozat-tavozik-a-netflix-kinalatabo.jpg): 404 Client Error: Not Found for url: https://raw.githubusercontent.com/Derushir/Kepek/main/67c6357751300334f52e35f893ac854f/news/augusztusban-40-film-es-sorozat-tavozik-a-netflix-kinalatabo.jpg
[04:26:54] Image_Downloader: Download failed (https://raw.githubusercontent.com/Derushir/Kepek/main/67c6357751300334f52e35f893ac854f/news/rejtelyes-urbeli-utalast-rejt-a-spider-man-brand-new-day-sta.jpg): HTTPSConnectionPool(host='raw.githubusercontent.com', port=443): Read timed out. (read timeout=5)
[04:26:55] Image_Downloader: Download failed (https://raw.githubusercontent.com/Derushir/Kepek/main/67c6357751300334f52e35f893ac854f/news/kasza-tibi-musoraban-egy-szinte-megfejthetetlen-feladvany-ok.webp): 404 Client Error: Not Found for url: https://raw.githubusercontent.com/Derushir/Kepek/main/67c6357751300334f52e35f893ac854f/news/kasza-tibi-musoraban-egy-szinte-megfejthetetlen-feladvany-ok.webp
[04:26:55] Image_Downloader: Download failed (https://pcdn.hu/articles/images-xl/f/o/r/forint-fizetes-devizapiac-ber-625853.jpg): HTTPSConnectionPool(host='pcdn.hu', port=443): Read timed out. (read timeout=5)
[04:26:56] Image_Downloader: Download failed (https://raw.githubusercontent.com/Derushir/Kepek/main/67c6357751300334f52e35f893ac854f/news/a-ford-vezerigazgatoja-szerint-5-10-even-belul-az-amerikai-p.jpg): HTTPSConnectionPool(host='raw.githubusercontent.com', port=443): Read timed out. (read timeout=20)
[04:26:56] Image_Downloader: Download failed (https://raw.githubusercontent.com/Derushir/Kepek/main/67c6357751300334f52e35f893ac854f/news/kathryn-newton-szerint-a-rajongok-akaratan-mulhat-az-ant-man.jpg): 404 Client Error: Not Found for url: https://raw.githubusercontent.com/Derushir/Kepek/main/67c6357751300334f52e35f893ac854f/news/kathryn-newton-szerint-a-rajongok-akaratan-mulhat-az-ant-man.jpg
[04:26:58] Image_Downloader: Download failed (https://raw.githubusercontent.com/Derushir/Kepek/main/67c6357751300334f52e35f893ac854f/news/multiverzumos-csavarral-ternek-vissza-az-agymenok-sztarjai-a.jpg): HTTPSConnectionPool(host='raw.githubusercontent.com', port=443): Read timed out. (read timeout=5)
[04:27:00] Image_Downloader: Download failed (https://raw.githubusercontent.com/Derushir/Kepek/main/67c6357751300334f52e35f893ac854f/news/hideo-kojima-szerint-a-backrooms-film-a-80-as-evek-jatekaina.jpg): 404 Client Error: Not Found for url: https://raw.githubusercontent.com/Derushir/Kepek/main/67c6357751300334f52e35f893ac854f/news/hideo-kojima-szerint-a-backrooms-film-a-80-as-evek-jatekaina.jpg
[04:27:01] Image_Downloader: Download failed (https://raw.githubusercontent.com/Derushir/Kepek/main/67c6357751300334f52e35f893ac854f/news/szeptember-kozepeig-hosszabbitottak-a-the-odyssey-70mm-es-im.jpg): 404 Client Error: Not Found for url: https://raw.githubusercontent.com/Derushir/Kepek/main/67c6357751300334f52e35f893ac854f/news/szeptember-kozepeig-hosszabbitottak-a-the-odyssey-70mm-es-im.jpg
[04:27:05] Image_Downloader: Download failed (https://static.sorozatjunkie.hu/wp-content/uploads/2026/07/A-szuz-szexoktato-1.-evad-Netflix-500x281.jpg): HTTPSConnectionPool(host='static.sorozatjunkie.hu', port=443): Read timed out. (read timeout=5)
[04:27:07] Image_Downloader: Download failed (https://i.cdn29.hu/apix_collect_c/ngg_images/2301/06/severance_kulonvalas_104234_1_original_760x425_cover.jpg): HTTPSConnectionPool(host='i.cdn29.hu', port=443): Read timed out. (read timeout=5)
[04:27:08] Image_Downloader: Download failed (https://raw.githubusercontent.com/Derushir/Kepek/main/67c6357751300334f52e35f893ac854f/news/ismet-slagerlistas-nicki-minaj-queen-radio-volume-1-cimu-val.jpg): 404 Client Error: Not Found for url: https://raw.githubusercontent.com/Derushir/Kepek/main/67c6357751300334f52e35f893ac854f/news/ismet-slagerlistas-nicki-minaj-queen-radio-volume-1-cimu-val.jpg
[04:27:09] Image_Downloader: Download failed (https://raw.githubusercontent.com/Derushir/Kepek/main/67c6357751300334f52e35f893ac854f/news/ellen-allien-technolegenda-uj-albumaval-erkezik-a-budapest-p.jpg): 404 Client Error: Not Found for url: https://raw.githubusercontent.com/Derushir/Kepek/main/67c6357751300334f52e35f893ac854f/news/ellen-allien-technolegenda-uj-albumaval-erkezik-a-budapest-p.jpg
[04:43:02] Image_Downloader: Download failed (https://raw.githubusercontent.com/Derushir/Kepek/main/67c6357751300334f52e35f893ac854f/news/alexander-skarsgard-egy-fonott-ferjet-alakit-a-wicker-cimu-f.jpg): ('Connection aborted.', ConnectionResetError(54, 'Connection reset by peer'))
[04:43:02] Image_Downloader: Download failed (https://raw.githubusercontent.com/Derushir/Kepek/main/67c6357751300334f52e35f893ac854f/news/sauron-ellen-fordulo-verselo-ork-is-megjelenik-a-gyuruk-ura-.jpg): ('Connection aborted.', ConnectionResetError(54, 'Connection reset by peer'))
[04:43:02] Image_Downloader: Download failed (https://raw.githubusercontent.com/Derushir/Kepek/main/67c6357751300334f52e35f893ac854f/news/gregg-araki-a-szexualis-generacios-kulonbsegekrol-es-uj-film.webp): 404 Client Error: Not Found for url: https://raw.githubusercontent.com/Derushir/Kepek/main/67c6357751300334f52e35f893ac854f/news/gregg-araki-a-szexualis-generacios-kulonbsegekrol-es-uj-film.webp
[04:43:02] Image_Downloader: Download failed (https://raw.githubusercontent.com/Derushir/Kepek/main/67c6357751300334f52e35f893ac854f/news/kivalo-nezoi-es-kritikai-fogadtatasban-reszesult-a-pokember-.png): 404 Client Error: Not Found for url: https://raw.githubusercontent.com/Derushir/Kepek/main/67c6357751300334f52e35f893ac854f/news/kivalo-nezoi-es-kritikai-fogadtatasban-reszesult-a-pokember-.png
[04:43:02] Image_Downloader: Download failed (https://raw.githubusercontent.com/Derushir/Kepek/main/67c6357751300334f52e35f893ac854f/news/miert-nem-sikerult-eddig-sikeres-franchise-t-epiteni-parker-.webp): 404 Client Error: Not Found for url: https://raw.githubusercontent.com/Derushir/Kepek/main/67c6357751300334f52e35f893ac854f/news/miert-nem-sikerult-eddig-sikeres-franchise-t-epiteni-parker-.webp
[04:43:02] Image_Downloader: Download failed (https://raw.githubusercontent.com/Derushir/Kepek/main/67c6357751300334f52e35f893ac854f/news/uj-strategiaval-es-ryan-gosling-ghost-rider-tervevel-ujit-a-.jpg): 404 Client Error: Not Found for url: https://raw.githubusercontent.com/Derushir/Kepek/main/67c6357751300334f52e35f893ac854f/news/uj-strategiaval-es-ryan-gosling-ghost-rider-tervevel-ujit-a-.jpg
[04:43:02] Image_Downloader: Download failed (https://raw.githubusercontent.com/Derushir/Kepek/main/67c6357751300334f52e35f893ac854f/news/lichter-peter-uj-regenye-a-krimi-mufajaval-es-a-twin-peaks-v.jpg): 404 Client Error: Not Found for url: https://raw.githubusercontent.com/Derushir/Kepek/main/67c6357751300334f52e35f893ac854f/news/lichter-peter-uj-regenye-a-krimi-mufajaval-es-a-twin-peaks-v.jpg
[04:43:02] Image_Downloader: Download failed (https://raw.githubusercontent.com/Derushir/Kepek/main/67c6357751300334f52e35f893ac854f/news/jubileumi-zarokoncertre-keszul-a-sziami-zenekar-a-sziget-fes.jpg): 404 Client Error: Not Found for url: https://raw.githubusercontent.com/Derushir/Kepek/main/67c6357751300334f52e35f893ac854f/news/jubileumi-zarokoncertre-keszul-a-sziami-zenekar-a-sziget-fes.jpg
[04:43:03] Image_Downloader: Download failed (https://raw.githubusercontent.com/Derushir/Kepek/main/67c6357751300334f52e35f893ac854f/news/a-neon-forgalmazza-az-openai-rol-szolo-artificial-cimu-filme.jpg): 404 Client Error: Not Found for url: https://raw.githubusercontent.com/Derushir/Kepek/main/67c6357751300334f52e35f893ac854f/news/a-neon-forgalmazza-az-openai-rol-szolo-artificial-cimu-filme.jpg
[04:43:03] Image_Downloader: Download failed (https://raw.githubusercontent.com/Derushir/Kepek/main/67c6357751300334f52e35f893ac854f/news/tom-holland-megerositette-a-sony-tervezte-pokember-integrala.jpg): 404 Client Error: Not Found for url: https://raw.githubusercontent.com/Derushir/Kepek/main/67c6357751300334f52e35f893ac854f/news/tom-holland-megerositette-a-sony-tervezte-pokember-integrala.jpg
[04:43:03] Image_Downloader: Download failed (https://raw.githubusercontent.com/Derushir/Kepek/main/67c6357751300334f52e35f893ac854f/news/bruno-mars-slagere-tortenelmi-rekordot-dontott-az-rb-listako.jpg): 404 Client Error: Not Found for url: https://raw.githubusercontent.com/Derushir/Kepek/main/67c6357751300334f52e35f893ac854f/news/bruno-mars-slagere-tortenelmi-rekordot-dontott-az-rb-listako.jpg
[04:43:03] Image_Downloader: Download failed (https://raw.githubusercontent.com/Derushir/Kepek/main/67c6357751300334f52e35f893ac854f/news/snowdrop-politikai-drama-es-multidezes-a-disney-koreai-soroz.jpg): 404 Client Error: Not Found for url: https://raw.githubusercontent.com/Derushir/Kepek/main/67c6357751300334f52e35f893ac854f/news/snowdrop-politikai-drama-es-multidezes-a-disney-koreai-soroz.jpg
[04:43:03] Image_Downloader: Download failed (https://raw.githubusercontent.com/Derushir/Kepek/main/67c6357751300334f52e35f893ac854f/news/dope-unit-cimmel-uj-bunugyi-dramasorozat-erkezik-az-allblk-p.jpg): 404 Client Error: Not Found for url: https://raw.githubusercontent.com/Derushir/Kepek/main/67c6357751300334f52e35f893ac854f/news/dope-unit-cimmel-uj-bunugyi-dramasorozat-erkezik-az-allblk-p.jpg
[04:43:03] Image_Downloader: Download failed (https://raw.githubusercontent.com/Derushir/Kepek/main/67c6357751300334f52e35f893ac854f/news/folytatast-kap-a-spinedzserek-cimu-klasszikus-vigjatek-alici.jpg): 404 Client Error: Not Found for url: https://raw.githubusercontent.com/Derushir/Kepek/main/67c6357751300334f52e35f893ac854f/news/folytatast-kap-a-spinedzserek-cimu-klasszikus-vigjatek-alici.jpg
[04:43:04] Image_Downloader: Download failed (https://raw.githubusercontent.com/Derushir/Kepek/main/67c6357751300334f52e35f893ac854f/news/meglepo-modon-torolte-a-disney-a-wonder-man-sorozatot.jpg): 404 Client Error: Not Found for url: https://raw.githubusercontent.com/Derushir/Kepek/main/67c6357751300334f52e35f893ac854f/news/meglepo-modon-torolte-a-disney-a-wonder-man-sorozatot.jpg
[04:43:04] Image_Downloader: Download failed (https://raw.githubusercontent.com/Derushir/Kepek/main/67c6357751300334f52e35f893ac854f/news/tom-holland-a-the-last-of-us-part-2-nagy-rajongoja-de-a-soro.jpg): 404 Client Error: Not Found for url: https://raw.githubusercontent.com/Derushir/Kepek/main/67c6357751300334f52e35f893ac854f/news/tom-holland-a-the-last-of-us-part-2-nagy-rajongoja-de-a-soro.jpg
[04:43:05] Image_Downloader: Download failed (https://raw.githubusercontent.com/Derushir/Kepek/main/67c6357751300334f52e35f893ac854f/news/elso-kepek-a-disney-eloszereplos-aranyhaj-filmjenek-forgatas.jpg): HTTPSConnectionPool(host='raw.githubusercontent.com', port=443): Read timed out. (read timeout=5)
[04:43:05] Image_Downloader: Download failed (https://raw.githubusercontent.com/Derushir/Kepek/main/67c6357751300334f52e35f893ac854f/news/pc-re-is-megjelenik-a-the-division-resurgence.jpg): 404 Client Error: Not Found for url: https://raw.githubusercontent.com/Derushir/Kepek/main/67c6357751300334f52e35f893ac854f/news/pc-re-is-megjelenik-a-the-division-resurgence.jpg
[04:43:05] Image_Downloader: Download failed (https://raw.githubusercontent.com/Derushir/Kepek/main/67c6357751300334f52e35f893ac854f/news/reformkori-idoutazas-ujra-a-dunan-a-kisfaludy-es-a-hableany-.jpg): 404 Client Error: Not Found for url: https://raw.githubusercontent.com/Derushir/Kepek/main/67c6357751300334f52e35f893ac854f/news/reformkori-idoutazas-ujra-a-dunan-a-kisfaludy-es-a-hableany-.jpg
[04:43:06] Image_Downloader: Download failed (https://raw.githubusercontent.com/Derushir/Kepek/main/67c6357751300334f52e35f893ac854f/news/friss-premierajanlo-negy-ujdonsag-a-netflix-es-az-hbo-max-ki.jpg): HTTPSConnectionPool(host='raw.githubusercontent.com', port=443): Read timed out. (read timeout=5)
[04:43:06] Image_Downloader: Download failed (https://raw.githubusercontent.com/Derushir/Kepek/main/67c6357751300334f52e35f893ac854f/news/harom-jatek-ingyenes-kiprobalasa-az-xbox-platformjan-a-hetve.jpg): 404 Client Error: Not Found for url: https://raw.githubusercontent.com/Derushir/Kepek/main/67c6357751300334f52e35f893ac854f/news/harom-jatek-ingyenes-kiprobalasa-az-xbox-platformjan-a-hetve.jpg
[04:43:06] Image_Downloader: Download failed (https://raw.githubusercontent.com/Derushir/Kepek/main/67c6357751300334f52e35f893ac854f/news/megjelent-a-corsair-cove-a-tropico-es-az-assassins-creed-bla.jpg): 404 Client Error: Not Found for url: https://raw.githubusercontent.com/Derushir/Kepek/main/67c6357751300334f52e35f893ac854f/news/megjelent-a-corsair-cove-a-tropico-es-az-assassins-creed-bla.jpg
[04:43:06] Image_Downloader: Download failed (https://raw.githubusercontent.com/Derushir/Kepek/main/67c6357751300334f52e35f893ac854f/news/hacker-teszi-jatszhatatlanna-a-call-of-duty-black-ops-2-port.jpg): 404 Client Error: Not Found for url: https://raw.githubusercontent.com/Derushir/Kepek/main/67c6357751300334f52e35f893ac854f/news/hacker-teszi-jatszhatatlanna-a-call-of-duty-black-ops-2-port.jpg
[04:43:06] Image_Downloader: Download failed (https://raw.githubusercontent.com/Derushir/Kepek/main/67c6357751300334f52e35f893ac854f/news/kiabrandito-az-amd-uj-rx-9050-es-videokartyaja.jpg): 404 Client Error: Not Found for url: https://raw.githubusercontent.com/Derushir/Kepek/main/67c6357751300334f52e35f893ac854f/news/kiabrandito-az-amd-uj-rx-9050-es-videokartyaja.jpg
[04:43:06] Image_Downloader: Download failed (https://raw.githubusercontent.com/Derushir/Kepek/main/67c6357751300334f52e35f893ac854f/news/szeptember-16-an-erkezhet-a-007-first-light-nintendo-switch-.jpg): 404 Client Error: Not Found for url: https://raw.githubusercontent.com/Derushir/Kepek/main/67c6357751300334f52e35f893ac854f/news/szeptember-16-an-erkezhet-a-007-first-light-nintendo-switch-.jpg
[04:43:07] Image_Downloader: Download failed (https://raw.githubusercontent.com/Derushir/Kepek/main/67c6357751300334f52e35f893ac854f/news/megjelent-a-silent-hill-townfall-elso-15-perces-jatekmenete.jpg): 404 Client Error: Not Found for url: https://raw.githubusercontent.com/Derushir/Kepek/main/67c6357751300334f52e35f893ac854f/news/megjelent-a-silent-hill-townfall-elso-15-perces-jatekmenete.jpg
[04:43:07] Image_Downloader: Download failed (https://raw.githubusercontent.com/Derushir/Kepek/main/67c6357751300334f52e35f893ac854f/news/novemberben-erkezhet-a-zelda-ocarina-of-time-remakeje.jpg): 404 Client Error: Not Found for url: https://raw.githubusercontent.com/Derushir/Kepek/main/67c6357751300334f52e35f893ac854f/news/novemberben-erkezhet-a-zelda-ocarina-of-time-remakeje.jpg
[04:43:07] Image_Downloader: Download failed (https://raw.githubusercontent.com/Derushir/Kepek/main/67c6357751300334f52e35f893ac854f/news/jason-momoa-blankakent-lathato-a-keszulo-street-fighter-elos.jpg): 404 Client Error: Not Found for url: https://raw.githubusercontent.com/Derushir/Kepek/main/67c6357751300334f52e35f893ac854f/news/jason-momoa-blankakent-lathato-a-keszulo-street-fighter-elos.jpg
[04:43:07] Image_Downloader: Download failed (https://raw.githubusercontent.com/Derushir/Kepek/main/67c6357751300334f52e35f893ac854f/news/csusznak-az-elder-scrolls-online-frissitesei-a-zenimax-leepi.jpg): 404 Client Error: Not Found for url: https://raw.githubusercontent.com/Derushir/Kepek/main/67c6357751300334f52e35f893ac854f/news/csusznak-az-elder-scrolls-online-frissitesei-a-zenimax-leepi.jpg
[04:43:07] Image_Downloader: Download failed (https://raw.githubusercontent.com/Derushir/Kepek/main/67c6357751300334f52e35f893ac854f/news/a-tcl-qm8l-a-2026-os-ev-eddigi-legjobb-led-televizioja-a-tes.jpg): 404 Client Error: Not Found for url: https://raw.githubusercontent.com/Derushir/Kepek/main/67c6357751300334f52e35f893ac854f/news/a-tcl-qm8l-a-2026-os-ev-eddigi-legjobb-led-televizioja-a-tes.jpg
[04:43:07] Image_Downloader: Download failed (https://raw.githubusercontent.com/Derushir/Kepek/main/67c6357751300334f52e35f893ac854f/news/valtozik-a-diablo-iv-mythic-loot-rendszere-eltunik-a-veletle.jpg): 404 Client Error: Not Found for url: https://raw.githubusercontent.com/Derushir/Kepek/main/67c6357751300334f52e35f893ac854f/news/valtozik-a-diablo-iv-mythic-loot-rendszere-eltunik-a-veletle.jpg
[04:43:07] Image_Downloader: Download failed (https://raw.githubusercontent.com/Derushir/Kepek/main/67c6357751300334f52e35f893ac854f/news/napi-felmilliard-aktiv-jatekost-celoz-meg-az-xbox-2030-ig.jpg): 404 Client Error: Not Found for url: https://raw.githubusercontent.com/Derushir/Kepek/main/67c6357751300334f52e35f893ac854f/news/napi-felmilliard-aktiv-jatekost-celoz-meg-az-xbox-2030-ig.jpg
[04:43:07] Image_Downloader: Download failed (https://raw.githubusercontent.com/Derushir/Kepek/main/67c6357751300334f52e35f893ac854f/news/tom-holland-szerint-nehez-lenne-elethuen-adaptalni-a-szimbio.jpg): 404 Client Error: Not Found for url: https://raw.githubusercontent.com/Derushir/Kepek/main/67c6357751300334f52e35f893ac854f/news/tom-holland-szerint-nehez-lenne-elethuen-adaptalni-a-szimbio.jpg
[04:43:08] Image_Downloader: Download failed (https://raw.githubusercontent.com/Derushir/Kepek/main/67c6357751300334f52e35f893ac854f/news/a-sony-szerint-stabil-marad-a-ps5-konzolok-ellatasa-a-gta-6-.jpg): 404 Client Error: Not Found for url: https://raw.githubusercontent.com/Derushir/Kepek/main/67c6357751300334f52e35f893ac854f/news/a-sony-szerint-stabil-marad-a-ps5-konzolok-ellatasa-a-gta-6-.jpg
[04:43:08] Image_Downloader: Download failed (https://raw.githubusercontent.com/Derushir/Kepek/main/67c6357751300334f52e35f893ac854f/news/negyveneves-a-bethesda-nosztalgikus-logoval-unnepli-a-studio.jpg): 404 Client Error: Not Found for url: https://raw.githubusercontent.com/Derushir/Kepek/main/67c6357751300334f52e35f893ac854f/news/negyveneves-a-bethesda-nosztalgikus-logoval-unnepli-a-studio.jpg
[04:43:08] Image_Downloader: Download failed (https://raw.githubusercontent.com/Derushir/Kepek/main/67c6357751300334f52e35f893ac854f/news/lassult-a-playstation-5-ertekesitese-de-kozel-a-100-millios-.jpg): 404 Client Error: Not Found for url: https://raw.githubusercontent.com/Derushir/Kepek/main/67c6357751300334f52e35f893ac854f/news/lassult-a-playstation-5-ertekesitese-de-kozel-a-100-millios-.jpg
[04:43:09] Image_Downloader: Download failed (https://raw.githubusercontent.com/Derushir/Kepek/main/67c6357751300334f52e35f893ac854f/news/szigorit-a-nexus-mods-uj-cimkeket-vezetnek-be-a-mesterseges-.jpg): 404 Client Error: Not Found for url: https://raw.githubusercontent.com/Derushir/Kepek/main/67c6357751300334f52e35f893ac854f/news/szigorit-a-nexus-mods-uj-cimkeket-vezetnek-be-a-mesterseges-.jpg
[04:43:09] Image_Downloader: Download failed (https://raw.githubusercontent.com/Derushir/Kepek/main/67c6357751300334f52e35f893ac854f/news/uj-elektromos-minicross-motor-kezdoknek-az-anyland-rev-pro-a.jpg): 404 Client Error: Not Found for url: https://raw.githubusercontent.com/Derushir/Kepek/main/67c6357751300334f52e35f893ac854f/news/uj-elektromos-minicross-motor-kezdoknek-az-anyland-rev-pro-a.jpg
[04:43:09] Image_Downloader: Download failed (https://raw.githubusercontent.com/Derushir/Kepek/main/67c6357751300334f52e35f893ac854f/news/rajongoi-3d-s-mod-keszult-az-eredeti-pokemon-red-es-blue-jat.jpg): 404 Client Error: Not Found for url: https://raw.githubusercontent.com/Derushir/Kepek/main/67c6357751300334f52e35f893ac854f/news/rajongoi-3d-s-mod-keszult-az-eredeti-pokemon-red-es-blue-jat.jpg
[04:43:09] Image_Downloader: Download failed (https://raw.githubusercontent.com/Derushir/Kepek/main/67c6357751300334f52e35f893ac854f/news/megujulhat-az-ostromrendszer-a-total-war-warhammer-40k-ban.jpg): 404 Client Error: Not Found for url: https://raw.githubusercontent.com/Derushir/Kepek/main/67c6357751300334f52e35f893ac854f/news/megujulhat-az-ostromrendszer-a-total-war-warhammer-40k-ban.jpg
[04:43:10] Image_Downloader: Download failed (https://raw.githubusercontent.com/Derushir/Kepek/main/67c6357751300334f52e35f893ac854f/news/eles-kritikat-valtott-ki-a-shift-up-mesterseges-intelligenci.jpg): 404 Client Error: Not Found for url: https://raw.githubusercontent.com/Derushir/Kepek/main/67c6357751300334f52e35f893ac854f/news/eles-kritikat-valtott-ki-a-shift-up-mesterseges-intelligenci.jpg
[04:43:10] Image_Downloader: Download failed (https://raw.githubusercontent.com/Derushir/Kepek/main/67c6357751300334f52e35f893ac854f/news/tom-holland-bizarr-test-horror-elemeket-javasolt-az-uj-pokem.jpg): 404 Client Error: Not Found for url: https://raw.githubusercontent.com/Derushir/Kepek/main/67c6357751300334f52e35f893ac854f/news/tom-holland-bizarr-test-horror-elemeket-javasolt-az-uj-pokem.jpg
[04:43:10] Image_Downloader: Download failed (https://raw.githubusercontent.com/Derushir/Kepek/main/67c6357751300334f52e35f893ac854f/news/kenyerben-tarolt-paklival-nyert-pokemon-tcg-versenyt-egy-jat.jpg): 404 Client Error: Not Found for url: https://raw.githubusercontent.com/Derushir/Kepek/main/67c6357751300334f52e35f893ac854f/news/kenyerben-tarolt-paklival-nyert-pokemon-tcg-versenyt-egy-jat.jpg
[04:43:10] Image_Downloader: Download failed (https://raw.githubusercontent.com/Derushir/Kepek/main/67c6357751300334f52e35f893ac854f/news/szeptember-3-an-erkezik-a-speedrunners-2-king-of-speed.jpg): 404 Client Error: Not Found for url: https://raw.githubusercontent.com/Derushir/Kepek/main/67c6357751300334f52e35f893ac854f/news/szeptember-3-an-erkezik-a-speedrunners-2-king-of-speed.jpg
[04:43:10] Image_Downloader: Download failed (https://raw.githubusercontent.com/Derushir/Kepek/main/67c6357751300334f52e35f893ac854f/news/ujitasok-az-ea-sports-fc-27-karrier-modjaban-melyebb-taktika.jpg): 404 Client Error: Not Found for url: https://raw.githubusercontent.com/Derushir/Kepek/main/67c6357751300334f52e35f893ac854f/news/ujitasok-az-ea-sports-fc-27-karrier-modjaban-melyebb-taktika.jpg
[04:43:10] Image_Downloader: Download failed (https://raw.githubusercontent.com/Derushir/Kepek/main/67c6357751300334f52e35f893ac854f/news/sok-fizikai-jatekkonzol-lemez-nem-mukodik-letoltes-nelkul.jpg): 404 Client Error: Not Found for url: https://raw.githubusercontent.com/Derushir/Kepek/main/67c6357751300334f52e35f893ac854f/news/sok-fizikai-jatekkonzol-lemez-nem-mukodik-letoltes-nelkul.jpg
[04:43:11] Image_Downloader: Download failed (https://raw.githubusercontent.com/Derushir/Kepek/main/67c6357751300334f52e35f893ac854f/news/amerikaban-is-elorendelheto-a-harry-potter-8-filmes-4k-gyujt.jpg): 404 Client Error: Not Found for url: https://raw.githubusercontent.com/Derushir/Kepek/main/67c6357751300334f52e35f893ac854f/news/amerikaban-is-elorendelheto-a-harry-potter-8-filmes-4k-gyujt.jpg
[04:43:11] Image_Downloader: Download failed (https://raw.githubusercontent.com/Derushir/Kepek/main/67c6357751300334f52e35f893ac854f/news/hires-esportolok-es-tartalomgyartok-cameo-szerepben-az-uj-st.jpg): 404 Client Error: Not Found for url: https://raw.githubusercontent.com/Derushir/Kepek/main/67c6357751300334f52e35f893ac854f/news/hires-esportolok-es-tartalomgyartok-cameo-szerepben-az-uj-st.jpg
[04:43:11] Image_Downloader: Download failed (https://raw.githubusercontent.com/Derushir/Kepek/main/67c6357751300334f52e35f893ac854f/news/mchose-k7-v2-ultra-premium-egerelmeny-kedvezobb-aron.jpg): 404 Client Error: Not Found for url: https://raw.githubusercontent.com/Derushir/Kepek/main/67c6357751300334f52e35f893ac854f/news/mchose-k7-v2-ultra-premium-egerelmeny-kedvezobb-aron.jpg
[04:43:17] Image_Downloader: Download failed (https://raw.githubusercontent.com/Derushir/Kepek/main/67c6357751300334f52e35f893ac854f/news/rekordosszegu-veszteseg-a-kriptokioszk-csalasoknal-betiltast.jpg): HTTPSConnectionPool(host='raw.githubusercontent.com', port=443): Read timed out. (read timeout=5)
[04:43:17] Image_Downloader: Download failed (https://raw.githubusercontent.com/Derushir/Kepek/main/67c6357751300334f52e35f893ac854f/news/uj-elemzoeszkoz-segitheti-a-defi-protokollok-biztonsagosabb-.png): HTTPSConnectionPool(host='raw.githubusercontent.com', port=443): Read timed out. (read timeout=5)
[04:43:18] Image_Downloader: Download failed (https://raw.githubusercontent.com/Derushir/Kepek/main/67c6357751300334f52e35f893ac854f/news/uniswap-defi-szolgaltatasok-tobb-eszkozon-es-platformon.jpg): HTTPSConnectionPool(host='raw.githubusercontent.com', port=443): Read timed out. (read timeout=5)
[04:43:18] Image_Downloader: Download failed (https://raw.githubusercontent.com/Derushir/Kepek/main/67c6357751300334f52e35f893ac854f/news/az-xdc-network-uj-fizetesi-megoldast-kinal-az-ai-agensek-sza.jpg): 404 Client Error: Not Found for url: https://raw.githubusercontent.com/Derushir/Kepek/main/67c6357751300334f52e35f893ac854f/news/az-xdc-network-uj-fizetesi-megoldast-kinal-az-ai-agensek-sza.jpg
[04:43:26] Image_Downloader: Download failed (https://raw.githubusercontent.com/Derushir/Kepek/main/67c6357751300334f52e35f893ac854f/news/harom-hete-nem-latott-tokebearamlast-konyvelhettek-el-az-ame.png): 404 Client Error: Not Found for url: https://raw.githubusercontent.com/Derushir/Kepek/main/67c6357751300334f52e35f893ac854f/news/harom-hete-nem-latott-tokebearamlast-konyvelhettek-el-az-ame.png
[04:43:26] Image_Downloader: Download failed (https://raw.githubusercontent.com/Derushir/Kepek/main/67c6357751300334f52e35f893ac854f/news/tobb-blokklanc-halozaton-is-leepiti-szolgaltatasait-az-aave.jpg): 404 Client Error: Not Found for url: https://raw.githubusercontent.com/Derushir/Kepek/main/67c6357751300334f52e35f893ac854f/news/tobb-blokklanc-halozaton-is-leepiti-szolgaltatasait-az-aave.jpg
[04:43:27] Image_Downloader: Download failed (https://raw.githubusercontent.com/Derushir/Kepek/main/67c6357751300334f52e35f893ac854f/news/arcsokkentessel-es-megujult-etlappal-varja-vendegeit-a-cavia.jpg): 404 Client Error: Not Found for url: https://raw.githubusercontent.com/Derushir/Kepek/main/67c6357751300334f52e35f893ac854f/news/arcsokkentessel-es-megujult-etlappal-varja-vendegeit-a-cavia.jpg
[04:43:28] Image_Downloader: Download failed (https://raw.githubusercontent.com/Derushir/Kepek/main/67c6357751300334f52e35f893ac854f/news/ray-dalio-tovabbra-is-bizalmatlan-a-bitcoinnal-szemben-inkab.jpg): 404 Client Error: Not Found for url: https://raw.githubusercontent.com/Derushir/Kepek/main/67c6357751300334f52e35f893ac854f/news/ray-dalio-tovabbra-is-bizalmatlan-a-bitcoinnal-szemben-inkab.jpg
[04:43:29] Image_Downloader: Download failed (https://raw.githubusercontent.com/Derushir/Kepek/main/67c6357751300334f52e35f893ac854f/news/new-york-i-engedelyt-kapott-a-circle-leanyvallalata-a-stabil.jpg): 404 Client Error: Not Found for url: https://raw.githubusercontent.com/Derushir/Kepek/main/67c6357751300334f52e35f893ac854f/news/new-york-i-engedelyt-kapott-a-circle-leanyvallalata-a-stabil.jpg
[04:43:29] Image_Downloader: Download failed (https://raw.githubusercontent.com/Derushir/Kepek/main/67c6357751300334f52e35f893ac854f/news/kanadaban-jelentosen-nott-a-kriptovalutak-elterjedtsege-az-o.jpg): 404 Client Error: Not Found for url: https://raw.githubusercontent.com/Derushir/Kepek/main/67c6357751300334f52e35f893ac854f/news/kanadaban-jelentosen-nott-a-kriptovalutak-elterjedtsege-az-o.jpg
[04:43:30] Image_Downloader: Download failed (https://raw.githubusercontent.com/Derushir/Kepek/main/67c6357751300334f52e35f893ac854f/news/arnold-schwarzenegger-79-evesen-is-a-fitneszipar-forradalmas.jpg): 404 Client Error: Not Found for url: https://raw.githubusercontent.com/Derushir/Kepek/main/67c6357751300334f52e35f893ac854f/news/arnold-schwarzenegger-79-evesen-is-a-fitneszipar-forradalmas.jpg
[04:43:30] Image_Downloader: Download failed (https://raw.githubusercontent.com/Derushir/Kepek/main/67c6357751300334f52e35f893ac854f/news/yield-seeker-mesterseges-intelligencia-alapu-hozamvadaszat-a.png): 404 Client Error: Not Found for url: https://raw.githubusercontent.com/Derushir/Kepek/main/67c6357751300334f52e35f893ac854f/news/yield-seeker-mesterseges-intelligencia-alapu-hozamvadaszat-a.png
[04:43:32] Image_Downloader: Download failed (https://raw.githubusercontent.com/Derushir/Kepek/main/67c6357751300334f52e35f893ac854f/news/hagyomanyos-epiteszeti-megoldasokkal-vedekeznek-a-kanikula-e.jpg): 404 Client Error: Not Found for url: https://raw.githubusercontent.com/Derushir/Kepek/main/67c6357751300334f52e35f893ac854f/news/hagyomanyos-epiteszeti-megoldasokkal-vedekeznek-a-kanikula-e.jpg
[04:43:32] Image_Downloader: Download failed (https://raw.githubusercontent.com/Derushir/Kepek/main/67c6357751300334f52e35f893ac854f/news/miert-kerulik-a-pilotak-az-antarktiszt.jpg): 404 Client Error: Not Found for url: https://raw.githubusercontent.com/Derushir/Kepek/main/67c6357751300334f52e35f893ac854f/news/miert-kerulik-a-pilotak-az-antarktiszt.jpg
[04:43:33] Image_Downloader: Download failed (https://raw.githubusercontent.com/Derushir/Kepek/main/67c6357751300334f52e35f893ac854f/news/az-ev-vegeig-minden-elorendelo-megkapja-a-steam-machine-konz.jpg): HTTPSConnectionPool(host='raw.githubusercontent.com', port=443): Read timed out. (read timeout=20)
[04:43:34] Image_Downloader: Download failed (https://raw.githubusercontent.com/Derushir/Kepek/main/67c6357751300334f52e35f893ac854f/news/kihirdettek-az-ev-strandetele-verseny-dontoseit.jpg): 404 Client Error: Not Found for url: https://raw.githubusercontent.com/Derushir/Kepek/main/67c6357751300334f52e35f893ac854f/news/kihirdettek-az-ev-strandetele-verseny-dontoseit.jpg
[04:43:34] Image_Downloader: Download failed (https://raw.githubusercontent.com/Derushir/Kepek/main/67c6357751300334f52e35f893ac854f/news/sikeres-teszt-a-bis-agora-projektje-tokenizalt-devizaatutala.jpg): 404 Client Error: Not Found for url: https://raw.githubusercontent.com/Derushir/Kepek/main/67c6357751300334f52e35f893ac854f/news/sikeres-teszt-a-bis-agora-projektje-tokenizalt-devizaatutala.jpg
[04:43:34] Image_Downloader: Download failed (https://raw.githubusercontent.com/Derushir/Kepek/main/67c6357751300334f52e35f893ac854f/news/a-ferfiak-erzelmi-fuggosege-es-a-modern-kapcsolatok-valsaga.jpg): 404 Client Error: Not Found for url: https://raw.githubusercontent.com/Derushir/Kepek/main/67c6357751300334f52e35f893ac854f/news/a-ferfiak-erzelmi-fuggosege-es-a-modern-kapcsolatok-valsaga.jpg
[04:43:34] Image_Downloader: Download failed (https://raw.githubusercontent.com/Derushir/Kepek/main/67c6357751300334f52e35f893ac854f/news/hatekony-hazi-modszerek-a-molylepkek-kiirtasara-a-lakasbol.jpg): 404 Client Error: Not Found for url: https://raw.githubusercontent.com/Derushir/Kepek/main/67c6357751300334f52e35f893ac854f/news/hatekony-hazi-modszerek-a-molylepkek-kiirtasara-a-lakasbol.jpg
[04:43:35] Image_Downloader: Download failed (https://raw.githubusercontent.com/Derushir/Kepek/main/67c6357751300334f52e35f893ac854f/news/a-fizetetlen-haztartasi-munka-gazdasagi-hatasai-es-a-nok-kis.jpg): 404 Client Error: Not Found for url: https://raw.githubusercontent.com/Derushir/Kepek/main/67c6357751300334f52e35f893ac854f/news/a-fizetetlen-haztartasi-munka-gazdasagi-hatasai-es-a-nok-kis.jpg
[04:43:37] Image_Downloader: Download failed (https://raw.githubusercontent.com/Derushir/Kepek/main/67c6357751300334f52e35f893ac854f/news/hogyan-taroljuk-a-gyogyszereket-a-nagy-nyari-hosegben.jpg): 404 Client Error: Not Found for url: https://raw.githubusercontent.com/Derushir/Kepek/main/67c6357751300334f52e35f893ac854f/news/hogyan-taroljuk-a-gyogyszereket-a-nagy-nyari-hosegben.jpg
[04:43:39] Image_Downloader: Download failed (https://raw.githubusercontent.com/Derushir/Kepek/main/67c6357751300334f52e35f893ac854f/news/megnyilt-a-hachi-deza-japan-fluffy-palacsintak-a-belvarosban.jpg): 404 Client Error: Not Found for url: https://raw.githubusercontent.com/Derushir/Kepek/main/67c6357751300334f52e35f893ac854f/news/megnyilt-a-hachi-deza-japan-fluffy-palacsintak-a-belvarosban.jpg
[04:43:45] Image_Downloader: Download failed (https://raw.githubusercontent.com/Derushir/Kepek/main/67c6357751300334f52e35f893ac854f/news/tozsdere-lep-az-alvasi-apnoet-kezelo-gyogyszergyarto-startup.jpg): 404 Client Error: Not Found for url: https://raw.githubusercontent.com/Derushir/Kepek/main/67c6357751300334f52e35f893ac854f/news/tozsdere-lep-az-alvasi-apnoet-kezelo-gyogyszergyarto-startup.jpg
[04:43:45] Image_Downloader: Download failed (https://raw.githubusercontent.com/Derushir/Kepek/main/67c6357751300334f52e35f893ac854f/news/a-sportoloi-markaepites-alapja-a-hiteles-kozossegi-media-jel.png): 404 Client Error: Not Found for url: https://raw.githubusercontent.com/Derushir/Kepek/main/67c6357751300334f52e35f893ac854f/news/a-sportoloi-markaepites-alapja-a-hiteles-kozossegi-media-jel.png
[04:43:46] Image_Downloader: Download failed (https://raw.githubusercontent.com/Derushir/Kepek/main/67c6357751300334f52e35f893ac854f/news/valtozatos-sebesseghatarok-europaban-150-kmora-csehorszagban.png): HTTPSConnectionPool(host='raw.githubusercontent.com', port=443): Read timed out. (read timeout=5)
[04:59:07] Image_Downloader: Download failed (https://raw.githubusercontent.com/Derushir/Kepek/main/67c6357751300334f52e35f893ac854f/news/miert-erdemes-forrolevegos-sutoben-kesziteni-a-brownie-t.jpg): 404 Client Error: Not Found for url: https://raw.githubusercontent.com/Derushir/Kepek/main/67c6357751300334f52e35f893ac854f/news/miert-erdemes-forrolevegos-sutoben-kesziteni-a-brownie-t.jpg
[04:59:07] Image_Downloader: Download failed (https://raw.githubusercontent.com/Derushir/Kepek/main/67c6357751300334f52e35f893ac854f/news/kulonleges-gasztronomiai-elmenyek-5-amerikai-bbq-etterem-ame.jpg): 404 Client Error: Not Found for url: https://raw.githubusercontent.com/Derushir/Kepek/main/67c6357751300334f52e35f893ac854f/news/kulonleges-gasztronomiai-elmenyek-5-amerikai-bbq-etterem-ame.jpg
[04:59:07] Image_Downloader: Download failed (https://raw.githubusercontent.com/Derushir/Kepek/main/67c6357751300334f52e35f893ac854f/news/harry-herceg-allitasai-szerint-karoly-kiraly-feltekeny-volt-.jpg): 404 Client Error: Not Found for url: https://raw.githubusercontent.com/Derushir/Kepek/main/67c6357751300334f52e35f893ac854f/news/harry-herceg-allitasai-szerint-karoly-kiraly-feltekeny-volt-.jpg
[04:59:07] Image_Downloader: Download failed (https://raw.githubusercontent.com/Derushir/Kepek/main/67c6357751300334f52e35f893ac854f/news/oscar-a-volt-chelsea-sztar-het-evig-nem-nyult-a-kinai-fizete.jpg): 404 Client Error: Not Found for url: https://raw.githubusercontent.com/Derushir/Kepek/main/67c6357751300334f52e35f893ac854f/news/oscar-a-volt-chelsea-sztar-het-evig-nem-nyult-a-kinai-fizete.jpg
[04:59:07] Image_Downloader: Download failed (https://raw.githubusercontent.com/Derushir/Kepek/main/67c6357751300334f52e35f893ac854f/news/mentalis-egeszseg-es-tudatos-boldogsag-szeptemberben-erkezik.webp): 404 Client Error: Not Found for url: https://raw.githubusercontent.com/Derushir/Kepek/main/67c6357751300334f52e35f893ac854f/news/mentalis-egeszseg-es-tudatos-boldogsag-szeptemberben-erkezik.webp
[04:59:07] Image_Downloader: Download failed (https://raw.githubusercontent.com/Derushir/Kepek/main/67c6357751300334f52e35f893ac854f/news/ot-hatekony-modszer-a-haloszoba-hutesere-legkondi-nelkul.jpg): 404 Client Error: Not Found for url: https://raw.githubusercontent.com/Derushir/Kepek/main/67c6357751300334f52e35f893ac854f/news/ot-hatekony-modszer-a-haloszoba-hutesere-legkondi-nelkul.jpg
[04:59:08] Image_Downloader: Download failed (https://raw.githubusercontent.com/Derushir/Kepek/main/67c6357751300334f52e35f893ac854f/news/paul-wesley-elismerte-hogy-nehez-volt-vele-a-kozos-munka-a-v.jpg): 404 Client Error: Not Found for url: https://raw.githubusercontent.com/Derushir/Kepek/main/67c6357751300334f52e35f893ac854f/news/paul-wesley-elismerte-hogy-nehez-volt-vele-a-kozos-munka-a-v.jpg
[04:59:08] Image_Downloader: Download failed (https://raw.githubusercontent.com/Derushir/Kepek/main/67c6357751300334f52e35f893ac854f/news/lewis-hamilton-a-gyujtogetos-kartyak-piacara-lepett-be-uzlet.jpg): 404 Client Error: Not Found for url: https://raw.githubusercontent.com/Derushir/Kepek/main/67c6357751300334f52e35f893ac854f/news/lewis-hamilton-a-gyujtogetos-kartyak-piacara-lepett-be-uzlet.jpg
[04:59:08] Image_Downloader: Download failed (https://raw.githubusercontent.com/Derushir/Kepek/main/67c6357751300334f52e35f893ac854f/news/megszuletett-sodro-eliza-es-rusznak-andras-kisfia.jpg): 404 Client Error: Not Found for url: https://raw.githubusercontent.com/Derushir/Kepek/main/67c6357751300334f52e35f893ac854f/news/megszuletett-sodro-eliza-es-rusznak-andras-kisfia.jpg
[04:59:08] Image_Downloader: Download failed (https://raw.githubusercontent.com/Derushir/Kepek/main/67c6357751300334f52e35f893ac854f/news/denes-vilmos-a-dvsc-hez-igazolt-a-belga-kortrijktol.jpg): 404 Client Error: Not Found for url: https://raw.githubusercontent.com/Derushir/Kepek/main/67c6357751300334f52e35f893ac854f/news/denes-vilmos-a-dvsc-hez-igazolt-a-belga-kortrijktol.jpg
[04:59:08] Image_Downloader: Download failed (https://raw.githubusercontent.com/Derushir/Kepek/main/67c6357751300334f52e35f893ac854f/news/vereseget-szenvedett-szabo-franciska-a-belgradi-pofozo-vb-do.jpg): 404 Client Error: Not Found for url: https://raw.githubusercontent.com/Derushir/Kepek/main/67c6357751300334f52e35f893ac854f/news/vereseget-szenvedett-szabo-franciska-a-belgradi-pofozo-vb-do.jpg
[04:59:08] Image_Downloader: Download failed (https://raw.githubusercontent.com/Derushir/Kepek/main/67c6357751300334f52e35f893ac854f/news/negyvenot-evesen-varja-harmadik-gyermeket-natalie-portman.jpg): ('Connection aborted.', ConnectionResetError(54, 'Connection reset by peer'))
[04:59:08] Image_Downloader: Download failed (https://raw.githubusercontent.com/Derushir/Kepek/main/67c6357751300334f52e35f893ac854f/news/vilagsztarok-nyaralasa-haalandtol-dicaprioig-a-legnepszerubb.jpg): 404 Client Error: Not Found for url: https://raw.githubusercontent.com/Derushir/Kepek/main/67c6357751300334f52e35f893ac854f/news/vilagsztarok-nyaralasa-haalandtol-dicaprioig-a-legnepszerubb.jpg
[04:59:09] Image_Downloader: Download failed (https://raw.githubusercontent.com/Derushir/Kepek/main/67c6357751300334f52e35f893ac854f/news/jay-leno-becsuletes-gesztusa-tizszeres-aron-ertekesitette-eg.jpg): 404 Client Error: Not Found for url: https://raw.githubusercontent.com/Derushir/Kepek/main/67c6357751300334f52e35f893ac854f/news/jay-leno-becsuletes-gesztusa-tizszeres-aron-ertekesitette-eg.jpg
[04:59:09] Image_Downloader: Download failed (https://raw.githubusercontent.com/Derushir/Kepek/main/67c6357751300334f52e35f893ac854f/news/figyeljunk-oda-bolti-tolvajok-rejthetnek-el-targyakat-a-toja.jpg): 404 Client Error: Not Found for url: https://raw.githubusercontent.com/Derushir/Kepek/main/67c6357751300334f52e35f893ac854f/news/figyeljunk-oda-bolti-tolvajok-rejthetnek-el-targyakat-a-toja.jpg
[04:59:10] Image_Downloader: Download failed (https://raw.githubusercontent.com/Derushir/Kepek/main/67c6357751300334f52e35f893ac854f/news/cardi-b-nyiltan-beszelt-fenekcsokkento-mutetjerol.jpg): 404 Client Error: Not Found for url: https://raw.githubusercontent.com/Derushir/Kepek/main/67c6357751300334f52e35f893ac854f/news/cardi-b-nyiltan-beszelt-fenekcsokkento-mutetjerol.jpg
[04:59:10] Image_Downloader: Download failed (https://raw.githubusercontent.com/Derushir/Kepek/main/67c6357751300334f52e35f893ac854f/news/eletveszelyes-kanikula-mit-ne-hagyjunk-az-autoban-40-fokban.jpg): 404 Client Error: Not Found for url: https://raw.githubusercontent.com/Derushir/Kepek/main/67c6357751300334f52e35f893ac854f/news/eletveszelyes-kanikula-mit-ne-hagyjunk-az-autoban-40-fokban.jpg
[04:59:15] Image_Downloader: Download failed (https://raw.githubusercontent.com/Derushir/Kepek/main/67c6357751300334f52e35f893ac854f/news/snoop-dogg-a-dmt-elmenye-utan-dontott-ugy-hogy-marad-a-marih.webp): ('Connection aborted.', ConnectionResetError(54, 'Connection reset by peer'))
