
===== PIPELINE RUN START 2026-08-20T00:02:36 [run_pipeline_persistent] =====

--- RSS Fetch Errors at 2026-08-20 00:08:03 ---
Error fetching https://www.economx.hu/feed: Failed to perform, curl: (28) Connection timed out after 10003 milliseconds. See https://curl.se/libcurl/c/libcurl-errors.html first for more details.
[00:09:02] Image_Downloader: Download failed (https://www.joy.hu/imageproxy.php?url=https%3A%2F%2Fcms.static.marquardmedia.hu%2Fdata%2Fcikk%2F394%2F394860.1200x630.jpg): HTTPSConnectionPool(host='www.joy.hu', port=443): Read timed out. (read timeout=5)
[00:09:27] Image_Downloader: Download failed (https://cdn.mos.cms.futurecdn.net/7V5V5WJp3KJNbXadi3BaSQ-2000-80.jpg): HTTPSConnectionPool(host='cdn.mos.cms.futurecdn.net', port=443): Read timed out. (read timeout=20)
[00:11:23] Image_Downloader: Download failed (https://cdn.mos.cms.futurecdn.net/7V5V5WJp3KJNbXadi3BaSQ-2000-80.jpg): HTTPSConnectionPool(host='cdn.mos.cms.futurecdn.net', port=443): Read timed out. (read timeout=20)
[00:11:59] Image_Downloader: Download failed (https://cdn.mos.cms.futurecdn.net/7V5V5WJp3KJNbXadi3BaSQ-2000-80.jpg): HTTPSConnectionPool(host='cdn.mos.cms.futurecdn.net', port=443): Read timed out. (read timeout=20)

===== PIPELINE RUN START 2026-08-20T00:13:32 [run_pipeline_persistent] =====

--- RSS Fetch Errors at 2026-08-20 00:16:04 ---
Error fetching https://sorozatjunkie.hu/feed: Failed to perform, curl: (28) Connection timed out after 10001 milliseconds. See https://curl.se/libcurl/c/libcurl-errors.html first for more details.
Error fetching https://sokszinuvidek.24.hu/feed/: Failed to perform, curl: (28) Connection timed out after 10003 milliseconds. See https://curl.se/libcurl/c/libcurl-errors.html first for more details.
Error fetching https://sokszinuvidek.24.hu/?oembed=true&format=xml&url=https%3A%2F%2Fsokszinuvidek.24.hu%2F: Failed to perform, curl: (28) Connection timed out after 10003 milliseconds. See https://curl.se/libcurl/c/libcurl-errors.html first for more details.
[00:17:46] Image_Downloader: Download failed (https://cdn.mos.cms.futurecdn.net/7V5V5WJp3KJNbXadi3BaSQ-2000-80.jpg): HTTPSConnectionPool(host='cdn.mos.cms.futurecdn.net', port=443): Read timed out. (read timeout=20)
[00:18:22] Image_Downloader: Download failed (https://cdn.mos.cms.futurecdn.net/7V5V5WJp3KJNbXadi3BaSQ-2000-80.jpg): HTTPSConnectionPool(host='cdn.mos.cms.futurecdn.net', port=443): Read timed out. (read timeout=20)

===== PIPELINE RUN START 2026-08-20T00:18:32 [run_pipeline_persistent] =====

--- RSS Fetch Errors at 2026-08-20 00:21:04 ---
Error fetching https://www.hwsw.hu/xml/latest_news_rss.xml: Failed to perform, curl: (28) Connection timed out after 10003 milliseconds. See https://curl.se/libcurl/c/libcurl-errors.html first for more details.
[00:22:44] Image_Downloader: Download failed (https://cdn.mos.cms.futurecdn.net/7V5V5WJp3KJNbXadi3BaSQ-2000-80.jpg): HTTPSConnectionPool(host='cdn.mos.cms.futurecdn.net', port=443): Read timed out. (read timeout=20)
[00:23:20] Image_Downloader: Download failed (https://cdn.mos.cms.futurecdn.net/7V5V5WJp3KJNbXadi3BaSQ-2000-80.jpg): HTTPSConnectionPool(host='cdn.mos.cms.futurecdn.net', port=443): Read timed out. (read timeout=20)

===== PIPELINE RUN START 2026-08-20T00:24:29 [run_pipeline_persistent] =====
[00:28:45] Image_Downloader: Download failed (https://cdn.mos.cms.futurecdn.net/7V5V5WJp3KJNbXadi3BaSQ-2000-80.jpg): HTTPSConnectionPool(host='cdn.mos.cms.futurecdn.net', port=443): Read timed out. (read timeout=20)
[00:29:21] Image_Downloader: Download failed (https://cdn.mos.cms.futurecdn.net/7V5V5WJp3KJNbXadi3BaSQ-2000-80.jpg): HTTPSConnectionPool(host='cdn.mos.cms.futurecdn.net', port=443): Read timed out. (read timeout=20)

===== PIPELINE RUN START 2026-08-20T00:29:29 [run_pipeline_persistent] =====

--- RSS Fetch Errors at 2026-08-20 00:32:01 ---
Error fetching https://femina.hu/24ora/rss.xml: Failed to perform, curl: (28) Connection timed out after 10003 milliseconds. See https://curl.se/libcurl/c/libcurl-errors.html first for more details.
Error fetching https://www.hwsw.hu/xml/latest_news_rss.xml: Failed to perform, curl: (28) Connection timed out after 10003 milliseconds. See https://curl.se/libcurl/c/libcurl-errors.html first for more details.
Error fetching https://sokszinuvidek.24.hu/?oembed=true&format=xml&url=https%3A%2F%2Fsokszinuvidek.24.hu%2F: Failed to perform, curl: (28) Connection timed out after 10003 milliseconds. See https://curl.se/libcurl/c/libcurl-errors.html first for more details.
[00:33:42] Image_Downloader: Download failed (https://cdn.mos.cms.futurecdn.net/7V5V5WJp3KJNbXadi3BaSQ-2000-80.jpg): HTTPSConnectionPool(host='cdn.mos.cms.futurecdn.net', port=443): Read timed out. (read timeout=20)
[00:34:18] Image_Downloader: Download failed (https://cdn.mos.cms.futurecdn.net/7V5V5WJp3KJNbXadi3BaSQ-2000-80.jpg): HTTPSConnectionPool(host='cdn.mos.cms.futurecdn.net', port=443): Read timed out. (read timeout=20)

===== PIPELINE RUN START 2026-08-20T00:34:35 [run_pipeline_persistent] =====

--- RSS Fetch Errors at 2026-08-20 00:37:21 ---
Error fetching https://www.economx.hu/feed: Failed to perform, curl: (28) Connection timed out after 10003 milliseconds. See https://curl.se/libcurl/c/libcurl-errors.html first for more details.
[00:39:03] Image_Downloader: Download failed (https://cdn.mos.cms.futurecdn.net/7V5V5WJp3KJNbXadi3BaSQ-2000-80.jpg): HTTPSConnectionPool(host='cdn.mos.cms.futurecdn.net', port=443): Read timed out. (read timeout=20)
[00:39:45] Image_Downloader: Download failed (https://cdn.mos.cms.futurecdn.net/7V5V5WJp3KJNbXadi3BaSQ-2000-80.jpg): HTTPSConnectionPool(host='cdn.mos.cms.futurecdn.net', port=443): Read timed out. (read timeout=20)

===== PIPELINE RUN START 2026-08-20T00:39:52 [run_pipeline_persistent] =====

--- RSS Fetch Errors at 2026-08-20 00:42:13 ---
Error fetching https://www.theguardian.com/europe/rss: Failed to perform, curl: (28) Connection timed out after 10003 milliseconds. See https://curl.se/libcurl/c/libcurl-errors.html first for more details.

===== PIPELINE RUN START 2026-08-20T00:44:54 [run_pipeline_persistent] =====

--- RSS Fetch Errors at 2026-08-20 00:47:25 ---
Error fetching https://index.hu/tudomany/til/rss/: Failed to perform, curl: (28) Connection timed out after 10003 milliseconds. See https://curl.se/libcurl/c/libcurl-errors.html first for more details.
Error fetching https://sorozatjunkie.hu/feed: Failed to perform, curl: (28) Operation timed out after 25622 milliseconds with 0 out of 5128 bytes received. See https://curl.se/libcurl/c/libcurl-errors.html first for more details.

===== PIPELINE RUN START 2026-08-20T00:49:54 [run_pipeline_persistent] =====

--- RSS Fetch Errors at 2026-08-20 00:52:24 ---
Error fetching https://aihirfolyam.hu/feed: Failed to perform, curl: (28) Operation timed out after 25003 milliseconds with 0 bytes received. See https://curl.se/libcurl/c/libcurl-errors.html first for more details.
Error fetching https://www.maxim.com/feed: Failed to perform, curl: (28) Operation timed out after 25002 milliseconds with 0 bytes received. See https://curl.se/libcurl/c/libcurl-errors.html first for more details.

===== PIPELINE RUN START 2026-08-20T00:54:55 [run_pipeline_persistent] =====

===== PIPELINE RUN START 2026-08-20T00:59:56 [run_pipeline_persistent] =====

--- RSS Fetch Errors at 2026-08-20 01:02:36 ---
Error fetching https://www.economx.hu/feed: Failed to perform, curl: (28) Connection timed out after 10003 milliseconds. See https://curl.se/libcurl/c/libcurl-errors.html first for more details.
Error fetching https://www.theguardian.com/europe/rss: Failed to perform, curl: (28) Connection timed out after 10003 milliseconds. See https://curl.se/libcurl/c/libcurl-errors.html first for more details.

===== PIPELINE RUN START 2026-08-20T01:04:57 [run_pipeline_persistent] =====

--- RSS Fetch Errors at 2026-08-20 01:07:26 ---
Error fetching https://www.playboy.com/read/sex-relationships/feed: Failed to perform, curl: (28) Connection timed out after 10002 milliseconds. See https://curl.se/libcurl/c/libcurl-errors.html first for more details.

===== PIPELINE RUN START 2026-08-20T01:09:58 [run_pipeline_persistent] =====

--- RSS Fetch Errors at 2026-08-20 01:12:27 ---
Error fetching https://www.economx.hu/feed: Failed to perform, curl: (28) Connection timed out after 10003 milliseconds. See https://curl.se/libcurl/c/libcurl-errors.html first for more details.
Error fetching https://femina.hu/24ora/rss.xml: Failed to perform, curl: (28) Connection timed out after 10003 milliseconds. See https://curl.se/libcurl/c/libcurl-errors.html first for more details.
Error fetching https://www.hwsw.hu/xml/latest_news_rss.xml: Failed to perform, curl: (28) Connection timed out after 10002 milliseconds. See https://curl.se/libcurl/c/libcurl-errors.html first for more details.
Error fetching https://www.playboy.com/read/celebrities/feed: Failed to perform, curl: (28) Connection timed out after 10001 milliseconds. See https://curl.se/libcurl/c/libcurl-errors.html first for more details.

===== PIPELINE RUN START 2026-08-20T01:15:00 [run_pipeline_persistent] =====

--- RSS Fetch Errors at 2026-08-20 01:17:35 ---
Error fetching https://starity.hu/magazin/rss/: Failed to perform, curl: (28) Operation timed out after 25003 milliseconds with 0 bytes received. See https://curl.se/libcurl/c/libcurl-errors.html first for more details.

===== PIPELINE RUN START 2026-08-20T01:20:01 [run_pipeline_persistent] =====

--- RSS Fetch Errors at 2026-08-20 01:22:37 ---
Error fetching https://sokszinuvidek.24.hu/feed/: Failed to perform, curl: (28) Connection timed out after 10003 milliseconds. See https://curl.se/libcurl/c/libcurl-errors.html first for more details.

===== PIPELINE RUN START 2026-08-20T01:25:02 [run_pipeline_persistent] =====

--- RSS Fetch Errors at 2026-08-20 01:27:29 ---
Error fetching https://sokszinuvidek.24.hu/?oembed=true&format=xml&url=https%3A%2F%2Fsokszinuvidek.24.hu%2F: Failed to perform, curl: (28) Connection timed out after 10000 milliseconds. See https://curl.se/libcurl/c/libcurl-errors.html first for more details.

===== PIPELINE RUN START 2026-08-20T01:30:04 [run_pipeline_persistent] =====

===== PIPELINE RUN START 2026-08-20T01:35:05 [run_pipeline_persistent] =====

--- RSS Fetch Errors at 2026-08-20 01:37:37 ---
Error fetching https://player.hu/feed: Failed to perform, curl: (28) Operation timed out after 25003 milliseconds with 0 bytes received. See https://curl.se/libcurl/c/libcurl-errors.html first for more details.

===== PIPELINE RUN START 2026-08-20T01:40:07 [run_pipeline_persistent] =====

--- RSS Fetch Errors at 2026-08-20 01:42:35 ---
Error fetching https://bankless.com/feed: Failed to perform, curl: (28) Operation timed out after 25403 milliseconds with 5467 bytes received. See https://curl.se/libcurl/c/libcurl-errors.html first for more details.

===== PIPELINE RUN START 2026-08-20T01:45:08 [run_pipeline_persistent] =====

--- RSS Fetch Errors at 2026-08-20 01:47:39 ---
Error fetching https://www.historyoasis.com/rss.xml: Failed to perform, curl: (28) Connection timed out after 10003 milliseconds. See https://curl.se/libcurl/c/libcurl-errors.html first for more details.

===== PIPELINE RUN START 2026-08-20T01:50:09 [run_pipeline_persistent] =====

--- RSS Fetch Errors at 2026-08-20 01:52:42 ---
Error fetching https://bankless.com/feed: Failed to perform, curl: (28) Operation timed out after 25814 milliseconds with 0 bytes received. See https://curl.se/libcurl/c/libcurl-errors.html first for more details.

===== PIPELINE RUN START 2026-08-20T01:55:10 [run_pipeline_persistent] =====

--- RSS Fetch Errors at 2026-08-20 01:57:38 ---
Error fetching https://www.theguardian.com/europe/rss: Failed to perform, curl: (28) Connection timed out after 10001 milliseconds. See https://curl.se/libcurl/c/libcurl-errors.html first for more details.

===== PIPELINE RUN START 2026-08-20T02:00:11 [run_pipeline_persistent] =====

===== PIPELINE RUN START 2026-08-20T02:05:12 [run_pipeline_persistent] =====

--- RSS Fetch Errors at 2026-08-20 02:07:38 ---
Error fetching https://www.theguardian.com/europe/rss: Failed to perform, curl: (28) Connection timed out after 10003 milliseconds. See https://curl.se/libcurl/c/libcurl-errors.html first for more details.

===== PIPELINE RUN START 2026-08-20T02:10:13 [run_pipeline_persistent] =====

===== PIPELINE RUN START 2026-08-20T02:15:13 [run_pipeline_persistent] =====

--- RSS Fetch Errors at 2026-08-20 02:17:40 ---
Error fetching https://player.hu/feed: Failed to perform, curl: (28) Connection timed out after 10003 milliseconds. See https://curl.se/libcurl/c/libcurl-errors.html first for more details.
Error fetching https://index.hu/tudomany/til/rss/: Failed to perform, curl: (28) Connection timed out after 10003 milliseconds. See https://curl.se/libcurl/c/libcurl-errors.html first for more details.
Error fetching https://sokszinuvidek.24.hu/feed/: Failed to perform, curl: (28) Connection timed out after 10003 milliseconds. See https://curl.se/libcurl/c/libcurl-errors.html first for more details.

===== PIPELINE RUN START 2026-08-20T02:20:15 [run_pipeline_persistent] =====

--- RSS Fetch Errors at 2026-08-20 02:22:43 ---
Error fetching https://femina.hu/24ora/rss.xml: Failed to perform, curl: (28) Connection timed out after 10003 milliseconds. See https://curl.se/libcurl/c/libcurl-errors.html first for more details.

===== PIPELINE RUN START 2026-08-20T02:25:15 [run_pipeline_persistent] =====

--- RSS Fetch Errors at 2026-08-20 02:27:50 ---
Error fetching https://www.hwsw.hu/xml/latest_news_rss.xml: Failed to perform, curl: (28) Connection timed out after 10003 milliseconds. See https://curl.se/libcurl/c/libcurl-errors.html first for more details.
Error fetching https://sokszinuvidek.24.hu/feed/: Failed to perform, curl: (28) Connection timed out after 10003 milliseconds. See https://curl.se/libcurl/c/libcurl-errors.html first for more details.
Error fetching https://wallstreetzen.com/blog/feed/: Failed to perform, curl: (28) Connection timed out after 10002 milliseconds. See https://curl.se/libcurl/c/libcurl-errors.html first for more details.

===== PIPELINE RUN START 2026-08-20T02:30:16 [run_pipeline_persistent] =====

--- RSS Fetch Errors at 2026-08-20 02:32:50 ---
Error fetching https://www.economx.hu/feed: Failed to perform, curl: (28) Connection timed out after 10002 milliseconds. See https://curl.se/libcurl/c/libcurl-errors.html first for more details.

===== PIPELINE RUN START 2026-08-20T02:35:17 [run_pipeline_persistent] =====

--- RSS Fetch Errors at 2026-08-20 02:37:51 ---
Error fetching https://index.hu/tudomany/til/rss/: Failed to perform, curl: (28) Connection timed out after 10003 milliseconds. See https://curl.se/libcurl/c/libcurl-errors.html first for more details.
Error fetching https://www.hwsw.hu/xml/latest_news_rss.xml: Failed to perform, curl: (28) Connection timed out after 10003 milliseconds. See https://curl.se/libcurl/c/libcurl-errors.html first for more details.
Error fetching https://prog.hu/hirek/rss: Failed to perform, curl: (28) Operation timed out after 25399 milliseconds with 0 bytes received. See https://curl.se/libcurl/c/libcurl-errors.html first for more details.

===== PIPELINE RUN START 2026-08-20T02:40:19 [run_pipeline_persistent] =====

===== PIPELINE RUN START 2026-08-20T02:45:21 [run_pipeline_persistent] =====

===== PIPELINE RUN START 2026-08-20T02:50:21 [run_pipeline_persistent] =====

--- RSS Fetch Errors at 2026-08-20 02:53:06 ---
Error fetching https://www.economx.hu/feed: Failed to perform, curl: (28) Connection timed out after 10003 milliseconds. See https://curl.se/libcurl/c/libcurl-errors.html first for more details.
Error fetching https://roadster.hu/feed: Failed to perform, curl: (28) Connection timed out after 10003 milliseconds. See https://curl.se/libcurl/c/libcurl-errors.html first for more details.
Error fetching https://mult-kor.hu/feed: Failed to perform, curl: (28) Connection timed out after 10003 milliseconds. See https://curl.se/libcurl/c/libcurl-errors.html first for more details.

===== PIPELINE RUN START 2026-08-20T02:55:22 [run_pipeline_persistent] =====

--- RSS Fetch Errors at 2026-08-20 02:57:54 ---
Error fetching https://www.uniladtech.com/index.rss: Failed to perform, curl: (28) Connection timed out after 10002 milliseconds. See https://curl.se/libcurl/c/libcurl-errors.html first for more details.

===== PIPELINE RUN START 2026-08-20T03:00:23 [run_pipeline_persistent] =====

--- RSS Fetch Errors at 2026-08-20 03:02:53 ---
Error fetching https://femina.hu/24ora/rss.xml: Failed to perform, curl: (28) Connection timed out after 10002 milliseconds. See https://curl.se/libcurl/c/libcurl-errors.html first for more details.

===== PIPELINE RUN START 2026-08-20T03:05:24 [run_pipeline_persistent] =====

--- RSS Fetch Errors at 2026-08-20 03:07:55 ---
Error fetching https://www.hwsw.hu/xml/latest_news_rss.xml: Failed to perform, curl: (28) Connection timed out after 10002 milliseconds. See https://curl.se/libcurl/c/libcurl-errors.html first for more details.
Error fetching https://sokszinuvidek.24.hu/?oembed=true&format=xml&url=https%3A%2F%2Fsokszinuvidek.24.hu%2F: Failed to perform, curl: (28) Connection timed out after 10003 milliseconds. See https://curl.se/libcurl/c/libcurl-errors.html first for more details.
Error fetching https://sorozatjunkie.hu/feed: Failed to perform, curl: (28) Connection timed out after 10003 milliseconds. See https://curl.se/libcurl/c/libcurl-errors.html first for more details.

===== PIPELINE RUN START 2026-08-20T03:10:25 [run_pipeline_persistent] =====

===== PIPELINE RUN START 2026-08-20T03:15:27 [run_pipeline_persistent] =====

--- RSS Fetch Errors at 2026-08-20 03:18:04 ---
Error fetching https://aihirfolyam.hu/feed: Failed to perform, curl: (28) Operation timed out after 25575 milliseconds with 4098 bytes received. See https://curl.se/libcurl/c/libcurl-errors.html first for more details.

===== PIPELINE RUN START 2026-08-20T03:20:28 [run_pipeline_persistent] =====

--- RSS Fetch Errors at 2026-08-20 03:23:01 ---
Error fetching https://sokszinuvidek.24.hu/?oembed=true&format=xml&url=https%3A%2F%2Fsokszinuvidek.24.hu%2F: Failed to perform, curl: (28) Connection timed out after 10003 milliseconds. See https://curl.se/libcurl/c/libcurl-errors.html first for more details.

===== PIPELINE RUN START 2026-08-20T03:25:29 [run_pipeline_persistent] =====

--- RSS Fetch Errors at 2026-08-20 03:28:02 ---
Error fetching https://www.economx.hu/feed: Failed to perform, curl: (28) Connection timed out after 10003 milliseconds. See https://curl.se/libcurl/c/libcurl-errors.html first for more details.

===== PIPELINE RUN START 2026-08-20T03:30:30 [run_pipeline_persistent] =====

===== PIPELINE RUN START 2026-08-20T03:35:32 [run_pipeline_persistent] =====

--- RSS Fetch Errors at 2026-08-20 03:38:01 ---
Error fetching https://www.hwsw.hu/xml/latest_news_rss.xml: Failed to perform, curl: (28) Connection timed out after 10003 milliseconds. See https://curl.se/libcurl/c/libcurl-errors.html first for more details.
Error fetching https://www.playboy.com/read/classics/feed: Failed to perform, curl: (28) Connection timed out after 10003 milliseconds. See https://curl.se/libcurl/c/libcurl-errors.html first for more details.

===== PIPELINE RUN START 2026-08-20T03:40:33 [run_pipeline_persistent] =====

--- RSS Fetch Errors at 2026-08-20 03:43:03 ---
Error fetching https://index.hu/tudomany/til/rss/: Failed to perform, curl: (28) Connection timed out after 10003 milliseconds. See https://curl.se/libcurl/c/libcurl-errors.html first for more details.

===== PIPELINE RUN START 2026-08-20T03:45:34 [run_pipeline_persistent] =====

--- RSS Fetch Errors at 2026-08-20 03:48:06 ---
Error fetching https://www.hwsw.hu/xml/latest_news_rss.xml: Failed to perform, curl: (28) Connection timed out after 10001 milliseconds. See https://curl.se/libcurl/c/libcurl-errors.html first for more details.

===== PIPELINE RUN START 2026-08-20T03:50:35 [run_pipeline_persistent] =====

--- RSS Fetch Errors at 2026-08-20 03:53:06 ---
Error fetching https://www.economx.hu/feed: Failed to perform, curl: (28) Connection timed out after 10003 milliseconds. See https://curl.se/libcurl/c/libcurl-errors.html first for more details.

===== PIPELINE RUN START 2026-08-20T03:55:37 [run_pipeline_persistent] =====

===== PIPELINE RUN START 2026-08-20T04:00:38 [run_pipeline_persistent] =====

--- RSS Fetch Errors at 2026-08-20 04:03:10 ---
Error fetching https://www.vice.com/feed/: HTTP Error 404: 

===== PIPELINE RUN START 2026-08-20T04:05:39 [run_pipeline_persistent] =====

--- RSS Fetch Errors at 2026-08-20 04:08:18 ---
Error fetching https://femina.hu/24ora/rss.xml: Failed to perform, curl: (28) Connection timed out after 10002 milliseconds. See https://curl.se/libcurl/c/libcurl-errors.html first for more details.
Error fetching https://www.theguardian.com/europe/rss: Failed to perform, curl: (28) Connection timed out after 10003 milliseconds. See https://curl.se/libcurl/c/libcurl-errors.html first for more details.
[04:08:28] Summarizer: [Batch] Minor issues fixed: 1

===== PIPELINE RUN START 2026-08-20T04:10:41 [run_pipeline_persistent] =====

--- RSS Fetch Errors at 2026-08-20 04:13:09 ---
Error fetching https://cryptofalka.hu/feed: Failed to perform, curl: (28) Connection timed out after 10002 milliseconds. See https://curl.se/libcurl/c/libcurl-errors.html first for more details.

===== PIPELINE RUN START 2026-08-20T04:15:42 [run_pipeline_persistent] =====

--- RSS Fetch Errors at 2026-08-20 04:18:17 ---
Error fetching https://index.hu/tudomany/til/rss/: Failed to perform, curl: (28) Connection timed out after 10003 milliseconds. See https://curl.se/libcurl/c/libcurl-errors.html first for more details.
Error fetching https://sokszinuvidek.24.hu/?oembed=true&format=xml&url=https%3A%2F%2Fsokszinuvidek.24.hu%2F: Failed to perform, curl: (28) Connection timed out after 10002 milliseconds. See https://curl.se/libcurl/c/libcurl-errors.html first for more details.

===== PIPELINE RUN START 2026-08-20T04:20:43 [run_pipeline_persistent] =====
[04:23:23] Summarizer: [Batch] Invalid JSON (attempt 1/3)
[04:23:23] Summarizer: [Batch] Invalid JSON error: Item 0: Missing field 'content'
[04:23:23] Summarizer: [Batch] Invalid JSON error: Item 0: Missing field 'sourceLink'
[04:23:23] Summarizer: [Batch] Invalid JSON error: Item 0: Missing field 'author'
[04:23:23] Summarizer: [Batch] Invalid JSON error: Item 0: Missing field 'importance'

===== PIPELINE RUN START 2026-08-20T04:25:44 [run_pipeline_persistent] =====

--- RSS Fetch Errors at 2026-08-20 04:28:12 ---
Error fetching https://roadster.hu/feed: Failed to perform, curl: (28) Connection timed out after 10003 milliseconds. See https://curl.se/libcurl/c/libcurl-errors.html first for more details.

===== PIPELINE RUN START 2026-08-20T04:30:45 [run_pipeline_persistent] =====

===== PIPELINE RUN START 2026-08-20T04:35:46 [run_pipeline_persistent] =====

===== PIPELINE RUN START 2026-08-20T04:40:48 [run_pipeline_persistent] =====

--- RSS Fetch Errors at 2026-08-20 04:43:17 ---
Error fetching https://www.theguardian.com/europe/rss: Failed to perform, curl: (28) Connection timed out after 10002 milliseconds. See https://curl.se/libcurl/c/libcurl-errors.html first for more details.

===== PIPELINE RUN START 2026-08-20T04:45:49 [run_pipeline_persistent] =====

===== PIPELINE RUN START 2026-08-20T04:50:50 [run_pipeline_persistent] =====

--- RSS Fetch Errors at 2026-08-20 04:53:23 ---
Error fetching https://femina.hu/24ora/rss.xml: Failed to perform, curl: (28) Connection timed out after 10003 milliseconds. See https://curl.se/libcurl/c/libcurl-errors.html first for more details.

===== PIPELINE RUN START 2026-08-20T04:55:51 [run_pipeline_persistent] =====

--- RSS Fetch Errors at 2026-08-20 04:58:17 ---
Error fetching https://www.hwsw.hu/xml/latest_news_rss.xml: Failed to perform, curl: (28) Connection timed out after 10003 milliseconds. See https://curl.se/libcurl/c/libcurl-errors.html first for more details.
Error fetching https://www.maxim.com/feed: Failed to perform, curl: (28) Connection timed out after 10001 milliseconds. See https://curl.se/libcurl/c/libcurl-errors.html first for more details.
Error fetching https://sorozatjunkie.hu/feed: Failed to perform, curl: (28) Operation timed out after 25002 milliseconds with 0 bytes received. See https://curl.se/libcurl/c/libcurl-errors.html first for more details.

===== PIPELINE RUN START 2026-08-20T05:00:52 [run_pipeline_persistent] =====

--- RSS Fetch Errors at 2026-08-20 05:03:23 ---
Error fetching https://www.theguardian.com/europe/rss: Failed to perform, curl: (28) Connection timed out after 10003 milliseconds. See https://curl.se/libcurl/c/libcurl-errors.html first for more details.
[05:03:34] Summarizer: [Batch] 2 item(s) missing from response → marked for reprocessing

===== PIPELINE RUN START 2026-08-20T05:05:54 [run_pipeline_persistent] =====

--- RSS Fetch Errors at 2026-08-20 05:08:27 ---
Error fetching https://www.hwsw.hu/xml/latest_news_rss.xml: Failed to perform, curl: (28) Connection timed out after 10000 milliseconds. See https://curl.se/libcurl/c/libcurl-errors.html first for more details.
Error fetching https://www.historyoasis.com/rss.xml: Failed to perform, curl: (28) Connection timed out after 10003 milliseconds. See https://curl.se/libcurl/c/libcurl-errors.html first for more details.

===== PIPELINE RUN START 2026-08-20T05:10:54 [run_pipeline_persistent] =====

--- RSS Fetch Errors at 2026-08-20 05:13:27 ---
Error fetching https://www.theguardian.com/europe/rss: Failed to perform, curl: (28) Connection timed out after 10003 milliseconds. See https://curl.se/libcurl/c/libcurl-errors.html first for more details.

===== PIPELINE RUN START 2026-08-20T05:15:55 [run_pipeline_persistent] =====

--- RSS Fetch Errors at 2026-08-20 05:19:21 ---
Error fetching https://bankless.com/feed: Failed to perform, curl: (28) Operation timed out after 25003 milliseconds with 0 bytes received. See https://curl.se/libcurl/c/libcurl-errors.html first for more details.

===== PIPELINE RUN START 2026-08-20T05:21:05 [run_pipeline_persistent] =====

===== PIPELINE RUN START 2026-08-20T05:26:07 [run_pipeline_persistent] =====

--- RSS Fetch Errors at 2026-08-20 05:28:38 ---
Error fetching https://sokszinuvidek.24.hu/feed/: Failed to perform, curl: (28) Connection timed out after 10003 milliseconds. See https://curl.se/libcurl/c/libcurl-errors.html first for more details.

===== PIPELINE RUN START 2026-08-20T05:31:08 [run_pipeline_persistent] =====

--- RSS Fetch Errors at 2026-08-20 05:33:41 ---
Error fetching https://www.hwsw.hu/xml/latest_news_rss.xml: Failed to perform, curl: (28) Connection timed out after 10003 milliseconds. See https://curl.se/libcurl/c/libcurl-errors.html first for more details.
Error fetching https://sokszinuvidek.24.hu/?oembed=true&format=xml&url=https%3A%2F%2Fsokszinuvidek.24.hu%2F: Failed to perform, curl: (28) Connection timed out after 10003 milliseconds. See https://curl.se/libcurl/c/libcurl-errors.html first for more details.
Error fetching https://www.economx.hu/feed: Failed to perform, curl: (28) Operation timed out after 25003 milliseconds with 0 bytes received. See https://curl.se/libcurl/c/libcurl-errors.html first for more details.

===== PIPELINE RUN START 2026-08-20T05:36:09 [run_pipeline_persistent] =====

--- RSS Fetch Errors at 2026-08-20 05:38:41 ---
Error fetching https://femina.hu/24ora/rss.xml: Failed to perform, curl: (28) Connection timed out after 10003 milliseconds. See https://curl.se/libcurl/c/libcurl-errors.html first for more details.
Error fetching https://www.theguardian.com/europe/rss: Failed to perform, curl: (28) Connection timed out after 10003 milliseconds. See https://curl.se/libcurl/c/libcurl-errors.html first for more details.
Error fetching https://bankless.com/feed: Failed to perform, curl: (28) Operation timed out after 25002 milliseconds with 0 bytes received. See https://curl.se/libcurl/c/libcurl-errors.html first for more details.

===== PIPELINE RUN START 2026-08-20T05:41:10 [run_pipeline_persistent] =====

--- RSS Fetch Errors at 2026-08-20 05:43:37 ---
Error fetching https://www.economx.hu/feed: Failed to perform, curl: (28) Connection timed out after 10003 milliseconds. See https://curl.se/libcurl/c/libcurl-errors.html first for more details.

===== PIPELINE RUN START 2026-08-20T05:46:12 [run_pipeline_persistent] =====

--- RSS Fetch Errors at 2026-08-20 05:48:42 ---
Error fetching https://www.theguardian.com/europe/rss: Failed to perform, curl: (28) Connection timed out after 10001 milliseconds. See https://curl.se/libcurl/c/libcurl-errors.html first for more details.
Error fetching https://mafab.hu/rss: Failed to perform, curl: (28) Connection timed out after 10003 milliseconds. See https://curl.se/libcurl/c/libcurl-errors.html first for more details.

===== PIPELINE RUN START 2026-08-20T05:51:13 [run_pipeline_persistent] =====

--- RSS Fetch Errors at 2026-08-20 05:53:38 ---
Error fetching https://www.hwsw.hu/xml/latest_news_rss.xml: Failed to perform, curl: (28) Connection timed out after 10003 milliseconds. See https://curl.se/libcurl/c/libcurl-errors.html first for more details.
Error fetching https://index.hu/tudomany/til/rss/: Failed to perform, curl: (28) Connection timed out after 10002 milliseconds. See https://curl.se/libcurl/c/libcurl-errors.html first for more details.

===== PIPELINE RUN START 2026-08-20T05:56:14 [run_pipeline_persistent] =====

--- RSS Fetch Errors at 2026-08-20 05:58:51 ---
Error fetching https://sokszinuvidek.24.hu/?oembed=true&format=xml&url=https%3A%2F%2Fsokszinuvidek.24.hu%2F: Failed to perform, curl: (28) Connection timed out after 10002 milliseconds. See https://curl.se/libcurl/c/libcurl-errors.html first for more details.

===== PIPELINE RUN START 2026-08-20T06:01:33 [run_pipeline_persistent] =====
[06:04:15] Image_Downloader: Download failed (https://images.euronews.com/articles/stories/09/79/28/45/1200x675_cmsv2_fd2397f5-3e9e-5bd0-b8a2-eb669d6c93c6-9792845.jpg): 406 Client Error: Not Acceptable for url: https://images.euronews.com/articles/stories/09/79/28/45/1200x675_cmsv2_fd2397f5-3e9e-5bd0-b8a2-eb669d6c93c6-9792845.jpg
[06:05:15] Image_Downloader: Download failed (https://images.euronews.com/articles/stories/09/79/28/45/1200x675_cmsv2_fd2397f5-3e9e-5bd0-b8a2-eb669d6c93c6-9792845.jpg): 406 Client Error: Not Acceptable for url: https://images.euronews.com/articles/stories/09/79/28/45/1200x675_cmsv2_fd2397f5-3e9e-5bd0-b8a2-eb669d6c93c6-9792845.jpg
[06:05:21] Image_Downloader: Download failed (https://images.euronews.com/articles/stories/09/79/28/45/1200x675_cmsv2_fd2397f5-3e9e-5bd0-b8a2-eb669d6c93c6-9792845.jpg): 406 Client Error: Not Acceptable for url: https://images.euronews.com/articles/stories/09/79/28/45/1200x675_cmsv2_fd2397f5-3e9e-5bd0-b8a2-eb669d6c93c6-9792845.jpg

===== PIPELINE RUN START 2026-08-20T06:06:15 [run_pipeline_persistent] =====

===== PIPELINE RUN START 2026-08-20T06:11:17 [run_pipeline_persistent] =====

===== PIPELINE RUN START 2026-08-20T06:16:17 [run_pipeline_persistent] =====

===== PIPELINE RUN START 2026-08-20T06:21:19 [run_pipeline_persistent] =====

--- RSS Fetch Errors at 2026-08-20 06:23:57 ---
Error fetching https://www.economx.hu/feed: Failed to perform, curl: (28) Connection timed out after 10003 milliseconds. See https://curl.se/libcurl/c/libcurl-errors.html first for more details.

===== PIPELINE RUN START 2026-08-20T06:26:20 [run_pipeline_persistent] =====

===== PIPELINE RUN START 2026-08-20T06:31:21 [run_pipeline_persistent] =====

--- RSS Fetch Errors at 2026-08-20 06:33:50 ---
Error fetching https://index.hu/tudomany/til/rss/: Failed to perform, curl: (28) Connection timed out after 10002 milliseconds. See https://curl.se/libcurl/c/libcurl-errors.html first for more details.
Error fetching https://sokszinuvidek.24.hu/?oembed=true&format=xml&url=https%3A%2F%2Fsokszinuvidek.24.hu%2F: Failed to perform, curl: (28) Connection timed out after 10003 milliseconds. See https://curl.se/libcurl/c/libcurl-errors.html first for more details.

===== PIPELINE RUN START 2026-08-20T06:36:22 [run_pipeline_persistent] =====

--- RSS Fetch Errors at 2026-08-20 06:38:51 ---
Error fetching https://www.economx.hu/feed: Failed to perform, curl: (28) Connection timed out after 10003 milliseconds. See https://curl.se/libcurl/c/libcurl-errors.html first for more details.
Error fetching https://player.hu/feed: Failed to perform, curl: (28) Connection timed out after 10003 milliseconds. See https://curl.se/libcurl/c/libcurl-errors.html first for more details.
Error fetching https://www.theguardian.com/europe/rss: Failed to perform, curl: (28) Connection timed out after 10003 milliseconds. See https://curl.se/libcurl/c/libcurl-errors.html first for more details.

===== PIPELINE RUN START 2026-08-20T06:41:24 [run_pipeline_persistent] =====

--- RSS Fetch Errors at 2026-08-20 06:43:54 ---
Error fetching https://www.hwsw.hu/xml/latest_news_rss.xml: Failed to perform, curl: (28) Connection timed out after 10003 milliseconds. See https://curl.se/libcurl/c/libcurl-errors.html first for more details.
Error fetching https://bankless.com/feed: Failed to perform, curl: (28) Connection timed out after 10003 milliseconds. See https://curl.se/libcurl/c/libcurl-errors.html first for more details.

===== PIPELINE RUN START 2026-08-20T06:46:25 [run_pipeline_persistent] =====

--- RSS Fetch Errors at 2026-08-20 06:48:51 ---
Error fetching https://www.playboy.com/read/celebrities/feed: Failed to perform, curl: (28) Connection timed out after 10001 milliseconds. See https://curl.se/libcurl/c/libcurl-errors.html first for more details.

===== PIPELINE RUN START 2026-08-20T06:51:27 [run_pipeline_persistent] =====

===== PIPELINE RUN START 2026-08-20T06:56:29 [run_pipeline_persistent] =====

===== PIPELINE RUN START 2026-08-20T07:01:30 [run_pipeline_persistent] =====

--- RSS Fetch Errors at 2026-08-20 07:04:00 ---
Error fetching https://sokszinuvidek.24.hu/?oembed=true&format=xml&url=https%3A%2F%2Fsokszinuvidek.24.hu%2F: Failed to perform, curl: (28) Connection timed out after 10002 milliseconds. See https://curl.se/libcurl/c/libcurl-errors.html first for more details.

===== PIPELINE RUN START 2026-08-20T07:06:31 [run_pipeline_persistent] =====

--- RSS Fetch Errors at 2026-08-20 07:08:56 ---
Error fetching https://www.hwsw.hu/xml/latest_news_rss.xml: Failed to perform, curl: (28) Connection timed out after 10000 milliseconds. See https://curl.se/libcurl/c/libcurl-errors.html first for more details.
Error fetching https://www.playboy.com/read/classics/feed: Failed to perform, curl: (28) Connection timed out after 10002 milliseconds. See https://curl.se/libcurl/c/libcurl-errors.html first for more details.

===== PIPELINE RUN START 2026-08-20T07:11:32 [run_pipeline_persistent] =====

--- RSS Fetch Errors at 2026-08-20 07:13:58 ---
Error fetching https://index.hu/tudomany/til/rss/: Failed to perform, curl: (28) Connection timed out after 10003 milliseconds. See https://curl.se/libcurl/c/libcurl-errors.html first for more details.

===== PIPELINE RUN START 2026-08-20T07:16:33 [run_pipeline_persistent] =====

--- RSS Fetch Errors at 2026-08-20 07:19:05 ---
Error fetching https://prog.hu/site/backend/proghu-rss.xml: Failed to perform, curl: (28) Connection timed out after 10003 milliseconds. See https://curl.se/libcurl/c/libcurl-errors.html first for more details.
Error fetching https://prog.hu/hirek/rss: Failed to perform, curl: (28) Connection timed out after 10004 milliseconds. See https://curl.se/libcurl/c/libcurl-errors.html first for more details.
[07:19:23] Image_Downloader: Download failed (https://images.euronews.com/articles/stories/09/88/04/03/1200x675_cmsv2_7723451e-ff04-5bc7-a9fd-d2bebf71af65-9880403.jpg): 406 Client Error: Not Acceptable for url: https://images.euronews.com/articles/stories/09/88/04/03/1200x675_cmsv2_7723451e-ff04-5bc7-a9fd-d2bebf71af65-9880403.jpg
[07:20:17] Image_Downloader: Download failed (https://images.euronews.com/articles/stories/09/88/04/03/1200x675_cmsv2_7723451e-ff04-5bc7-a9fd-d2bebf71af65-9880403.jpg): 406 Client Error: Not Acceptable for url: https://images.euronews.com/articles/stories/09/88/04/03/1200x675_cmsv2_7723451e-ff04-5bc7-a9fd-d2bebf71af65-9880403.jpg
[07:20:23] Image_Downloader: Download failed (https://images.euronews.com/articles/stories/09/88/04/03/1200x675_cmsv2_7723451e-ff04-5bc7-a9fd-d2bebf71af65-9880403.jpg): 406 Client Error: Not Acceptable for url: https://images.euronews.com/articles/stories/09/88/04/03/1200x675_cmsv2_7723451e-ff04-5bc7-a9fd-d2bebf71af65-9880403.jpg

===== PIPELINE RUN START 2026-08-20T07:21:35 [run_pipeline_persistent] =====

--- RSS Fetch Errors at 2026-08-20 07:24:07 ---
Error fetching https://www.theguardian.com/europe/rss: Failed to perform, curl: (28) Connection timed out after 10002 milliseconds. See https://curl.se/libcurl/c/libcurl-errors.html first for more details.

===== PIPELINE RUN START 2026-08-20T07:26:35 [run_pipeline_persistent] =====

--- RSS Fetch Errors at 2026-08-20 07:29:12 ---
Error fetching https://sokszinuvidek.24.hu/feed/: Failed to perform, curl: (28) Connection timed out after 10003 milliseconds. See https://curl.se/libcurl/c/libcurl-errors.html first for more details.
Error fetching https://www.uniladtech.com/index.rss: Failed to perform, curl: (28) Connection timed out after 10003 milliseconds. See https://curl.se/libcurl/c/libcurl-errors.html first for more details.

===== PIPELINE RUN START 2026-08-20T07:31:36 [run_pipeline_persistent] =====

--- RSS Fetch Errors at 2026-08-20 07:34:19 ---
Error fetching https://femina.hu/24ora/rss.xml: Failed to perform, curl: (28) Operation timed out after 25003 milliseconds with 0 bytes received. See https://curl.se/libcurl/c/libcurl-errors.html first for more details.

===== PIPELINE RUN START 2026-08-20T07:36:37 [run_pipeline_persistent] =====

--- RSS Fetch Errors at 2026-08-20 07:39:17 ---
Error fetching https://bankless.com/feed: Failed to perform, curl: (28) Connection timed out after 10003 milliseconds. See https://curl.se/libcurl/c/libcurl-errors.html first for more details.
Error fetching https://www.theguardian.com/europe/rss: Failed to perform, curl: (28) Connection timed out after 10003 milliseconds. See https://curl.se/libcurl/c/libcurl-errors.html first for more details.

===== PIPELINE RUN START 2026-08-20T07:41:38 [run_pipeline_persistent] =====

--- RSS Fetch Errors at 2026-08-20 07:44:15 ---
Error fetching https://www.hwsw.hu/xml/latest_news_rss.xml: Failed to perform, curl: (28) Connection timed out after 10002 milliseconds. See https://curl.se/libcurl/c/libcurl-errors.html first for more details.
Error fetching https://sokszinuvidek.24.hu/?oembed=true&format=xml&url=https%3A%2F%2Fsokszinuvidek.24.hu%2F: Failed to perform, curl: (28) Connection timed out after 10003 milliseconds. See https://curl.se/libcurl/c/libcurl-errors.html first for more details.

===== PIPELINE RUN START 2026-08-20T07:46:39 [run_pipeline_persistent] =====

===== PIPELINE RUN START 2026-08-20T07:51:54 [run_pipeline_persistent] =====

--- RSS Fetch Errors at 2026-08-20 07:54:27 ---
Error fetching https://www.economx.hu/feed: Failed to perform, curl: (28) Connection timed out after 10003 milliseconds. See https://curl.se/libcurl/c/libcurl-errors.html first for more details.

===== PIPELINE RUN START 2026-08-20T07:56:55 [run_pipeline_persistent] =====

--- RSS Fetch Errors at 2026-08-20 07:59:31 ---
Error fetching https://www.theguardian.com/europe/rss: Failed to perform, curl: (28) Connection timed out after 10003 milliseconds. See https://curl.se/libcurl/c/libcurl-errors.html first for more details.

===== PIPELINE RUN START 2026-08-20T08:01:56 [run_pipeline_persistent] =====

===== PIPELINE RUN START 2026-08-20T08:06:57 [run_pipeline_persistent] =====

===== PIPELINE RUN START 2026-08-20T08:11:59 [run_pipeline_persistent] =====

--- RSS Fetch Errors at 2026-08-20 08:14:32 ---
Error fetching https://www.economx.hu/feed: Failed to perform, curl: (28) Connection timed out after 10004 milliseconds. See https://curl.se/libcurl/c/libcurl-errors.html first for more details.
Error fetching https://index.hu/tudomany/til/rss/: Failed to perform, curl: (28) Connection timed out after 10003 milliseconds. See https://curl.se/libcurl/c/libcurl-errors.html first for more details.
Error fetching https://sokszinuvidek.24.hu/feed/: Failed to perform, curl: (28) Connection timed out after 10003 milliseconds. See https://curl.se/libcurl/c/libcurl-errors.html first for more details.

===== PIPELINE RUN START 2026-08-20T08:16:59 [run_pipeline_persistent] =====

===== PIPELINE RUN START 2026-08-20T08:22:00 [run_pipeline_persistent] =====

===== PIPELINE RUN START 2026-08-20T08:27:02 [run_pipeline_persistent] =====

--- RSS Fetch Errors at 2026-08-20 08:29:33 ---
Error fetching https://sokszinuvidek.24.hu/?oembed=true&format=xml&url=https%3A%2F%2Fsokszinuvidek.24.hu%2F: Failed to perform, curl: (28) Connection timed out after 10003 milliseconds. See https://curl.se/libcurl/c/libcurl-errors.html first for more details.
Error fetching https://bankless.com/feed: Failed to perform, curl: (28) Connection timed out after 10003 milliseconds. See https://curl.se/libcurl/c/libcurl-errors.html first for more details.
Error fetching https://wallstreetzen.com/blog/feed/: Failed to perform, curl: (28) Operation timed out after 25002 milliseconds with 0 bytes received. See https://curl.se/libcurl/c/libcurl-errors.html first for more details.

===== PIPELINE RUN START 2026-08-20T08:32:02 [run_pipeline_persistent] =====

===== PIPELINE RUN START 2026-08-20T08:37:03 [run_pipeline_persistent] =====

--- RSS Fetch Errors at 2026-08-20 08:40:09 ---
Error fetching https://player.hu/feed: Failed to perform, curl: (28) Connection timed out after 10002 milliseconds. See https://curl.se/libcurl/c/libcurl-errors.html first for more details.
Error fetching https://www.theguardian.com/europe/rss: Failed to perform, curl: (28) Connection timed out after 10001 milliseconds. See https://curl.se/libcurl/c/libcurl-errors.html first for more details.

===== PIPELINE RUN START 2026-08-20T08:42:03 [run_pipeline_persistent] =====

--- RSS Fetch Errors at 2026-08-20 08:44:27 ---
Error fetching https://www.economx.hu/feed: Failed to perform, curl: (28) Connection timed out after 10002 milliseconds. See https://curl.se/libcurl/c/libcurl-errors.html first for more details.

===== PIPELINE RUN START 2026-08-20T08:47:05 [run_pipeline_persistent] =====

===== PIPELINE RUN START 2026-08-20T08:52:06 [run_pipeline_persistent] =====

--- RSS Fetch Errors at 2026-08-20 08:54:32 ---
Error fetching https://mult-kor.hu/feed: Failed to perform, curl: (28) Connection timed out after 10003 milliseconds. See https://curl.se/libcurl/c/libcurl-errors.html first for more details.

===== PIPELINE RUN START 2026-08-20T08:57:07 [run_pipeline_persistent] =====

--- RSS Fetch Errors at 2026-08-20 09:00:18 ---
Error fetching https://www.economx.hu/feed: Failed to perform, curl: (28) Connection timed out after 10003 milliseconds. See https://curl.se/libcurl/c/libcurl-errors.html first for more details.

===== PIPELINE RUN START 2026-08-20T09:02:07 [run_pipeline_persistent] =====

===== PIPELINE RUN START 2026-08-20T09:07:08 [run_pipeline_persistent] =====

===== PIPELINE RUN START 2026-08-20T09:12:08 [run_pipeline_persistent] =====

--- RSS Fetch Errors at 2026-08-20 09:14:46 ---
Error fetching https://sokszinuvidek.24.hu/?oembed=true&format=xml&url=https%3A%2F%2Fsokszinuvidek.24.hu%2F: Failed to perform, curl: (28) Connection timed out after 10003 milliseconds. See https://curl.se/libcurl/c/libcurl-errors.html first for more details.

===== PIPELINE RUN START 2026-08-20T09:17:09 [run_pipeline_persistent] =====

===== PIPELINE RUN START 2026-08-20T09:22:25 [run_pipeline_persistent] =====

===== PIPELINE RUN START 2026-08-20T09:27:27 [run_pipeline_persistent] =====

--- RSS Fetch Errors at 2026-08-20 09:29:55 ---
Error fetching https://www.economx.hu/feed: Failed to perform, curl: (28) Connection timed out after 10003 milliseconds. See https://curl.se/libcurl/c/libcurl-errors.html first for more details.
Error fetching https://sokszinuvidek.24.hu/feed/: Failed to perform, curl: (28) Connection timed out after 10003 milliseconds. See https://curl.se/libcurl/c/libcurl-errors.html first for more details.

===== PIPELINE RUN START 2026-08-20T09:32:27 [run_pipeline_persistent] =====

--- RSS Fetch Errors at 2026-08-20 09:34:59 ---
Error fetching https://index.hu/tudomany/til/rss/: Failed to perform, curl: (28) Connection timed out after 10003 milliseconds. See https://curl.se/libcurl/c/libcurl-errors.html first for more details.

===== PIPELINE RUN START 2026-08-20T09:37:28 [run_pipeline_persistent] =====

--- RSS Fetch Errors at 2026-08-20 09:39:59 ---
Error fetching https://www.theguardian.com/europe/rss: Failed to perform, curl: (28) Connection timed out after 10002 milliseconds. See https://curl.se/libcurl/c/libcurl-errors.html first for more details.
Error fetching https://sokszinuvidek.24.hu/feed/: Failed to perform, curl: (28) Connection timed out after 10002 milliseconds. See https://curl.se/libcurl/c/libcurl-errors.html first for more details.

===== PIPELINE RUN START 2026-08-20T09:42:29 [run_pipeline_persistent] =====

--- RSS Fetch Errors at 2026-08-20 09:45:02 ---
Error fetching https://sokszinuvidek.24.hu/?oembed=true&format=xml&url=https%3A%2F%2Fsokszinuvidek.24.hu%2F: Failed to perform, curl: (28) Connection timed out after 10003 milliseconds. See https://curl.se/libcurl/c/libcurl-errors.html first for more details.

===== PIPELINE RUN START 2026-08-20T09:47:29 [run_pipeline_persistent] =====

===== PIPELINE RUN START 2026-08-20T09:52:31 [run_pipeline_persistent] =====

===== PIPELINE RUN START 2026-08-20T09:57:31 [run_pipeline_persistent] =====

===== PIPELINE RUN START 2026-08-20T10:02:32 [run_pipeline_persistent] =====

--- RSS Fetch Errors at 2026-08-20 10:05:09 ---
Error fetching https://www.vice.com/feed/: HTTP Error 404: 
[10:05:27] Image_Downloader: Download failed (https://images.euronews.com/articles/stories/09/88/13/79/1200x675_cmsv2_5ef4b285-dff7-5505-b8cd-f4de8548799c-9881379.jpg): 406 Client Error: Not Acceptable for url: https://images.euronews.com/articles/stories/09/88/13/79/1200x675_cmsv2_5ef4b285-dff7-5505-b8cd-f4de8548799c-9881379.jpg
[10:06:22] Image_Downloader: Download failed (https://images.euronews.com/articles/stories/09/88/13/79/1200x675_cmsv2_5ef4b285-dff7-5505-b8cd-f4de8548799c-9881379.jpg): 406 Client Error: Not Acceptable for url: https://images.euronews.com/articles/stories/09/88/13/79/1200x675_cmsv2_5ef4b285-dff7-5505-b8cd-f4de8548799c-9881379.jpg
[10:06:29] Image_Downloader: Download failed (https://images.euronews.com/articles/stories/09/88/13/79/1200x675_cmsv2_5ef4b285-dff7-5505-b8cd-f4de8548799c-9881379.jpg): 406 Client Error: Not Acceptable for url: https://images.euronews.com/articles/stories/09/88/13/79/1200x675_cmsv2_5ef4b285-dff7-5505-b8cd-f4de8548799c-9881379.jpg

===== PIPELINE RUN START 2026-08-20T10:07:33 [run_pipeline_persistent] =====
[10:11:19] Image_Downloader: Download failed (https://images.euronews.com/articles/stories/09/88/13/79/1200x675_cmsv2_5ef4b285-dff7-5505-b8cd-f4de8548799c-9881379.jpg): 406 Client Error: Not Acceptable for url: https://images.euronews.com/articles/stories/09/88/13/79/1200x675_cmsv2_5ef4b285-dff7-5505-b8cd-f4de8548799c-9881379.jpg
[10:11:26] Image_Downloader: Download failed (https://images.euronews.com/articles/stories/09/88/13/79/1200x675_cmsv2_5ef4b285-dff7-5505-b8cd-f4de8548799c-9881379.jpg): 406 Client Error: Not Acceptable for url: https://images.euronews.com/articles/stories/09/88/13/79/1200x675_cmsv2_5ef4b285-dff7-5505-b8cd-f4de8548799c-9881379.jpg

===== PIPELINE RUN START 2026-08-20T10:12:33 [run_pipeline_persistent] =====

--- RSS Fetch Errors at 2026-08-20 10:15:00 ---
Error fetching https://androgeek.hu/rss/rss.php: Failed to perform, curl: (28) Connection timed out after 10002 milliseconds. See https://curl.se/libcurl/c/libcurl-errors.html first for more details.

===== PIPELINE RUN START 2026-08-20T10:17:34 [run_pipeline_persistent] =====

===== PIPELINE RUN START 2026-08-20T10:22:34 [run_pipeline_persistent] =====

===== PIPELINE RUN START 2026-08-20T10:27:35 [run_pipeline_persistent] =====

--- RSS Fetch Errors at 2026-08-20 10:30:16 ---
Error fetching https://femina.hu/24ora/rss.xml: Failed to perform, curl: (28) Operation timed out after 25002 milliseconds with 0 bytes received. See https://curl.se/libcurl/c/libcurl-errors.html first for more details.

===== PIPELINE RUN START 2026-08-20T10:33:28 [run_pipeline_persistent] =====

--- RSS Fetch Errors at 2026-08-20 10:37:27 ---
Error fetching https://techpowerup.com/rss/news: HTTP Error 403: 
Error fetching https://travelmagazin.hu/feed: Failed to perform, curl: (7) Failed to connect to travelmagazin.hu port 443 after 94 ms: Could not connect to server. See https://curl.se/libcurl/c/libcurl-errors.html first for more details.
Error fetching https://caravantimes.co.uk/feed: Failed to perform, curl: (7) Failed to connect to caravantimes.co.uk port 443 after 111 ms: Could not connect to server. See https://curl.se/libcurl/c/libcurl-errors.html first for more details.
Error fetching https://hu.euronews.com/rss: Failed to perform, curl: (7) Failed to connect to hu.euronews.com port 443 after 201 ms: Could not connect to server. See https://curl.se/libcurl/c/libcurl-errors.html first for more details.
Error fetching https://9to5mac.com/feed/: Failed to perform, curl: (7) Failed to connect to 9to5mac.com port 443 after 83 ms: Could not connect to server. See https://curl.se/libcurl/c/libcurl-errors.html first for more details.
Error fetching https://nlc.hu/feed: Failed to perform, curl: (7) Failed to connect to nlc.hu port 443 after 5030 ms: Could not connect to server. See https://curl.se/libcurl/c/libcurl-errors.html first for more details.
Error fetching https://ng.24.hu/feed: Failed to perform, curl: (7) Failed to connect to ng.24.hu port 443 after 5035 ms: Could not connect to server. See https://curl.se/libcurl/c/libcurl-errors.html first for more details.
Error fetching https://www.penzcentrum.hu/rss/all.xml: Failed to perform, curl: (7) Failed to connect to www.penzcentrum.hu port 443 after 2113 ms: Could not connect to server. See https://curl.se/libcurl/c/libcurl-errors.html first for more details.
Error fetching https://fhm.com/feed: Failed to perform, curl: (7) Failed to connect to fhm.com port 443 after 6032 ms: Could not connect to server. See https://curl.se/libcurl/c/libcurl-errors.html first for more details.
Error fetching https://tldr.tech/rss: Failed to perform, curl: (7) Failed to connect to tldr.tech port 443 after 126 ms: Could not connect to server. See https://curl.se/libcurl/c/libcurl-errors.html first for more details.
Error fetching https://totalcar.hu/feed: Failed to perform, curl: (28) Connection timed out after 10002 milliseconds. See https://curl.se/libcurl/c/libcurl-errors.html first for more details.
Error fetching https://the-zone.hu/feed: Failed to perform, curl: (28) Connection timed out after 10002 milliseconds. See https://curl.se/libcurl/c/libcurl-errors.html first for more details.
Error fetching https://sorozatjunkie.hu/feed: Failed to perform, curl: (28) Connection timed out after 10002 milliseconds. See https://curl.se/libcurl/c/libcurl-errors.html first for more details.
Error fetching https://player.hu/feed: Failed to perform, curl: (28) Connection timed out after 10002 milliseconds. See https://curl.se/libcurl/c/libcurl-errors.html first for more details.
Error fetching https://starity.hu/magazin/rss/: Failed to perform, curl: (28) Connection timed out after 10002 milliseconds. See https://curl.se/libcurl/c/libcurl-errors.html first for more details.
Error fetching https://hetediksor.hu/feed/: Failed to perform, curl: (28) Connection timed out after 10001 milliseconds. See https://curl.se/libcurl/c/libcurl-errors.html first for more details.
Error fetching https://sokszinuvidek.24.hu/?oembed=true&format=xml&url=https%3A%2F%2Fsokszinuvidek.24.hu%2F: Failed to perform, curl: (28) Connection timed out after 10002 milliseconds. See https://curl.se/libcurl/c/libcurl-errors.html first for more details.
Error fetching https://www.theguardian.com/europe/rss: Failed to perform, curl: (28) Connection timed out after 10002 milliseconds. See https://curl.se/libcurl/c/libcurl-errors.html first for more details.
Error fetching https://androgeek.hu/rss/rss.php: Failed to perform, curl: (28) Connection timed out after 10002 milliseconds. See https://curl.se/libcurl/c/libcurl-errors.html first for more details.
Error fetching https://allampapirkalkulator.hu/rss: Failed to perform, curl: (28) Connection timed out after 10002 milliseconds. See https://curl.se/libcurl/c/libcurl-errors.html first for more details.

===== PIPELINE RUN START 2026-08-20T10:40:26 [run_pipeline_persistent] =====

--- RSS Fetch Errors at 2026-08-20 10:43:04 ---
Error fetching https://sorozatjunkie.hu/feed: Failed to perform, curl: (28) Operation timed out after 25003 milliseconds with 0 bytes received. See https://curl.se/libcurl/c/libcurl-errors.html first for more details.

===== PIPELINE RUN START 2026-08-20T10:48:20 [run_pipeline_persistent] =====

===== PIPELINE RUN START 2026-08-20T10:53:53 [run_pipeline_persistent] =====

===== PIPELINE RUN START 2026-08-20T11:00:21 [run_pipeline_persistent] =====

===== PIPELINE RUN START 2026-08-20T11:05:22 [run_pipeline_persistent] =====

--- RSS Fetch Errors at 2026-08-20 11:07:55 ---
Error fetching https://femina.hu/24ora/rss.xml: Failed to perform, curl: (28) Connection timed out after 10003 milliseconds. See https://curl.se/libcurl/c/libcurl-errors.html first for more details.
Error fetching https://roadster.hu/feed: Failed to perform, curl: (28) Connection timed out after 10003 milliseconds. See https://curl.se/libcurl/c/libcurl-errors.html first for more details.
Error fetching https://index.hu/tudomany/til/rss/: Failed to perform, curl: (28) Connection timed out after 10003 milliseconds. See https://curl.se/libcurl/c/libcurl-errors.html first for more details.

===== PIPELINE RUN START 2026-08-20T11:10:23 [run_pipeline_persistent] =====

===== PIPELINE RUN START 2026-08-20T11:15:24 [run_pipeline_persistent] =====

===== PIPELINE RUN START 2026-08-20T11:20:25 [run_pipeline_persistent] =====

===== PIPELINE RUN START 2026-08-20T11:25:25 [run_pipeline_persistent] =====

===== PIPELINE RUN START 2026-08-20T11:30:26 [run_pipeline_persistent] =====

===== PIPELINE RUN START 2026-08-20T11:35:27 [run_pipeline_persistent] =====

--- RSS Fetch Errors at 2026-08-20 11:38:02 ---
Error fetching https://www.economx.hu/feed: Failed to perform, curl: (28) Connection timed out after 10001 milliseconds. See https://curl.se/libcurl/c/libcurl-errors.html first for more details.

===== PIPELINE RUN START 2026-08-20T11:40:32 [run_pipeline_persistent] =====

--- RSS Fetch Errors at 2026-08-20 11:43:00 ---
Error fetching https://www.hwsw.hu/xml/latest_news_rss.xml: Failed to perform, curl: (28) Connection timed out after 10001 milliseconds. See https://curl.se/libcurl/c/libcurl-errors.html first for more details.
Error fetching https://sokszinuvidek.24.hu/feed/: Failed to perform, curl: (28) Connection timed out after 10002 milliseconds. See https://curl.se/libcurl/c/libcurl-errors.html first for more details.

===== PIPELINE RUN START 2026-08-20T11:45:33 [run_pipeline_persistent] =====

--- RSS Fetch Errors at 2026-08-20 11:48:02 ---
Error fetching https://www.uniladtech.com/index.rss: Failed to perform, curl: (28) Connection timed out after 10002 milliseconds. See https://curl.se/libcurl/c/libcurl-errors.html first for more details.
[11:48:30] Summarizer: [Batch] Minor issues fixed: 4
[11:48:41] Summarizer: [Batch] Minor issues fixed: 3

===== PIPELINE RUN START 2026-08-20T11:50:34 [run_pipeline_persistent] =====

--- RSS Fetch Errors at 2026-08-20 11:52:59 ---
Error fetching https://sokszinuvidek.24.hu/feed/: Failed to perform, curl: (28) Connection timed out after 10002 milliseconds. See https://curl.se/libcurl/c/libcurl-errors.html first for more details.
Error fetching https://cryptofalka.hu/feed: Failed to perform, curl: (28) Connection timed out after 10002 milliseconds. See https://curl.se/libcurl/c/libcurl-errors.html first for more details.

===== PIPELINE RUN START 2026-08-20T11:55:34 [run_pipeline_persistent] =====

--- RSS Fetch Errors at 2026-08-20 11:58:14 ---
Error fetching https://www.economx.hu/feed: Failed to perform, curl: (28) Connection timed out after 10002 milliseconds. See https://curl.se/libcurl/c/libcurl-errors.html first for more details.
Error fetching https://sokszinuvidek.24.hu/?oembed=true&format=xml&url=https%3A%2F%2Fsokszinuvidek.24.hu%2F: Failed to perform, curl: (28) Connection timed out after 10002 milliseconds. See https://curl.se/libcurl/c/libcurl-errors.html first for more details.

===== PIPELINE RUN START 2026-08-20T12:00:35 [run_pipeline_persistent] =====

--- RSS Fetch Errors at 2026-08-20 12:03:06 ---
Error fetching https://wmn.hu/feed/: Failed to perform, curl: (28) Operation timed out after 25002 milliseconds with 0 out of 5234 bytes received. See https://curl.se/libcurl/c/libcurl-errors.html first for more details.
[12:03:53] Image_Downloader: Download failed (https://cdn.mos.cms.futurecdn.net/czbigjSA8LASiDWDV7f5LF-1920-80.png): HTTPSConnectionPool(host='cdn.mos.cms.futurecdn.net', port=443): Read timed out. (read timeout=5)

===== PIPELINE RUN START 2026-08-20T12:05:35 [run_pipeline_persistent] =====

===== PIPELINE RUN START 2026-08-20T12:10:36 [run_pipeline_persistent] =====

--- RSS Fetch Errors at 2026-08-20 12:13:16 ---
Error fetching https://www.uniladtech.com/index.rss: Failed to perform, curl: (28) Connection timed out after 10001 milliseconds. See https://curl.se/libcurl/c/libcurl-errors.html first for more details.

===== PIPELINE RUN START 2026-08-20T12:15:48 [run_pipeline_persistent] =====

===== PIPELINE RUN START 2026-08-20T12:20:49 [run_pipeline_persistent] =====

--- RSS Fetch Errors at 2026-08-20 12:23:19 ---
Error fetching https://sokszinuvidek.24.hu/feed/: Failed to perform, curl: (28) Connection timed out after 10002 milliseconds. See https://curl.se/libcurl/c/libcurl-errors.html first for more details.

===== PIPELINE RUN START 2026-08-20T12:25:49 [run_pipeline_persistent] =====

===== PIPELINE RUN START 2026-08-20T12:30:49 [run_pipeline_persistent] =====

--- RSS Fetch Errors at 2026-08-20 12:33:24 ---
Error fetching https://www.hwsw.hu/xml/latest_news_rss.xml: Failed to perform, curl: (28) Connection timed out after 10003 milliseconds. See https://curl.se/libcurl/c/libcurl-errors.html first for more details.
[12:33:52] Summarizer: [Batch] No response from API (attempt 1/3)

===== PIPELINE RUN START 2026-08-20T12:35:51 [run_pipeline_persistent] =====

===== PIPELINE RUN START 2026-08-20T12:41:08 [run_pipeline_persistent] =====

===== PIPELINE RUN START 2026-08-20T12:46:08 [run_pipeline_persistent] =====

===== PIPELINE RUN START 2026-08-20T12:51:09 [run_pipeline_persistent] =====

--- RSS Fetch Errors at 2026-08-20 12:54:39 ---
Error fetching https://index.hu/tudomany/til/rss/: Failed to perform, curl: (28) Connection timed out after 10002 milliseconds. See https://curl.se/libcurl/c/libcurl-errors.html first for more details.

===== PIPELINE RUN START 2026-08-20T12:56:17 [run_pipeline_persistent] =====

--- RSS Fetch Errors at 2026-08-20 12:58:51 ---
Error fetching https://femina.hu/24ora/rss.xml: Failed to perform, curl: (28) Connection timed out after 10001 milliseconds. See https://curl.se/libcurl/c/libcurl-errors.html first for more details.
Error fetching https://www.hwsw.hu/xml/latest_news_rss.xml: Failed to perform, curl: (28) Connection timed out after 10003 milliseconds. See https://curl.se/libcurl/c/libcurl-errors.html first for more details.
Error fetching https://sokszinuvidek.24.hu/feed/: Failed to perform, curl: (28) Connection timed out after 10003 milliseconds. See https://curl.se/libcurl/c/libcurl-errors.html first for more details.
Error fetching https://cryptofalka.hu/feed: Failed to perform, curl: (28) Connection timed out after 10003 milliseconds. See https://curl.se/libcurl/c/libcurl-errors.html first for more details.
[12:59:27] Image_Downloader: Download failed (https://images.euronews.com/articles/stories/09/88/19/65/1200x675_cmsv2_0f1cbd63-559d-59e3-beee-875b1e7c074e-9881965.jpg): 406 Client Error: Not Acceptable for url: https://images.euronews.com/articles/stories/09/88/19/65/1200x675_cmsv2_0f1cbd63-559d-59e3-beee-875b1e7c074e-9881965.jpg

===== PIPELINE RUN START 2026-08-20T13:01:17 [run_pipeline_persistent] =====

===== PIPELINE RUN START 2026-08-20T13:07:53 [run_pipeline_persistent] =====

--- RSS Fetch Errors at 2026-08-20 13:10:18 ---
Error fetching https://www.hwsw.hu/xml/latest_news_rss.xml: Failed to perform, curl: (28) Connection timed out after 10003 milliseconds. See https://curl.se/libcurl/c/libcurl-errors.html first for more details.
Error fetching https://sokszinuvidek.24.hu/feed/: Failed to perform, curl: (28) Connection timed out after 10003 milliseconds. See https://curl.se/libcurl/c/libcurl-errors.html first for more details.

===== PIPELINE RUN START 2026-08-20T13:12:54 [run_pipeline_persistent] =====

--- RSS Fetch Errors at 2026-08-20 13:15:26 ---
Error fetching https://www.economx.hu/feed: Failed to perform, curl: (28) Connection timed out after 10002 milliseconds. See https://curl.se/libcurl/c/libcurl-errors.html first for more details.
[13:15:50] Summarizer: [Batch] No response from API (attempt 1/3)

===== PIPELINE RUN START 2026-08-20T13:18:27 [run_pipeline_persistent] =====

--- RSS Fetch Errors at 2026-08-20 13:20:51 ---
Error fetching https://sokszinuvidek.24.hu/?oembed=true&format=xml&url=https%3A%2F%2Fsokszinuvidek.24.hu%2F: Failed to perform, curl: (28) Connection timed out after 10002 milliseconds. See https://curl.se/libcurl/c/libcurl-errors.html first for more details.
[13:22:22] Image_Downloader: Download failed (https://imageio.forbes.com/specials-images/imageserve/6a85aaf29ce2f9344ff0d8de/0x0.jpg?format=jpg&height=900&width=1600&fit=bounds): HTTPSConnectionPool(host='imageio.forbes.com', port=443): Max retries exceeded with url: /specials-images/imageserve/6a85aaf29ce2f9344ff0d8de/0x0.jpg?format=jpg&height=900&width=1600&fit=bounds (Caused by NewConnectionError("HTTPSConnection(host='imageio.forbes.com', port=443): Failed to establish a new connection: [Errno 61] Connection refused"))

===== PIPELINE RUN START 2026-08-20T13:23:27 [run_pipeline_persistent] =====

--- RSS Fetch Errors at 2026-08-20 13:30:52 ---
Error fetching https://www.space.com/feeds/all: Failed to perform, curl: (7) Failed to connect to www.space.com port 443 after 1205 ms: Could not connect to server. See https://curl.se/libcurl/c/libcurl-errors.html first for more details.
Error fetching https://techpowerup.com/rss/news: HTTP Error 403: 
Error fetching https://esport1.hu/rss: Failed to perform, curl: (7) Failed to connect to esport1.hu port 443 after 2890 ms: Could not connect to server. See https://curl.se/libcurl/c/libcurl-errors.html first for more details.
Error fetching https://vezess.hu/rss: Failed to perform, curl: (7) Failed to connect to www.vezess.hu port 443 after 919 ms: Could not connect to server. See https://curl.se/libcurl/c/libcurl-errors.html first for more details.
Error fetching https://prohardver.hu/hirfolyam/anyagok/rss.xml: Failed to perform, curl: (56) Recv failure: Connection reset by peer. See https://curl.se/libcurl/c/libcurl-errors.html first for more details.
Error fetching https://electrek.co/feed/: Failed to perform, curl: (7) Failed to connect to electrek.co port 443 after 4460 ms: Could not connect to server. See https://curl.se/libcurl/c/libcurl-errors.html first for more details.
Error fetching https://www.livescience.com/feeds/all: Failed to perform, curl: (7) Failed to connect to www.livescience.com port 443 after 6081 ms: Could not connect to server. See https://curl.se/libcurl/c/libcurl-errors.html first for more details.
Error fetching https://insideevs.com/rss/articles/all: Failed to perform, curl: (7) Failed to connect to insideevs.com port 443 after 4501 ms: Could not connect to server. See https://curl.se/libcurl/c/libcurl-errors.html first for more details.
Error fetching https://insideevs.com/rss/news/all/: Failed to perform, curl: (7) Failed to connect to insideevs.com port 443 after 4405 ms: Could not connect to server. See https://curl.se/libcurl/c/libcurl-errors.html first for more details.
Error fetching https://www.pcgamer.com/rss/: Failed to perform, curl: (7) Failed to connect to www.pcgamer.com port 443 after 5577 ms: Could not connect to server. See https://curl.se/libcurl/c/libcurl-errors.html first for more details.
Error fetching https://rss.nytimes.com/services/xml/rss/nyt/Science.xml: Failed to perform, curl: (7) Failed to connect to rss.nytimes.com port 443 after 7575 ms: Could not connect to server. See https://curl.se/libcurl/c/libcurl-errors.html first for more details.
Error fetching https://pcguru.hu/rss: Failed to perform, curl: (7) Failed to connect to pcguru.hu port 443 after 943 ms: Could not connect to server. See https://curl.se/libcurl/c/libcurl-errors.html first for more details.
Error fetching https://drive.hu/rss: Failed to perform, curl: (7) Failed to connect to drive.hu port 443 after 943 ms: Could not connect to server. See https://curl.se/libcurl/c/libcurl-errors.html first for more details.
Error fetching https://gsplus.hu/site/rss/rss.xml: Failed to perform, curl: (7) Failed to connect to gsplus.hu port 443 after 496 ms: Could not connect to server. See https://curl.se/libcurl/c/libcurl-errors.html first for more details.
Error fetching https://hu.ign.com/feed.xml: Failed to perform, curl: (7) Failed to connect to hu.ign.com port 443 after 594 ms: Could not connect to server. See https://curl.se/libcurl/c/libcurl-errors.html first for more details.
Error fetching https://prog.hu/site/backend/proghu-rss.xml: Failed to perform, curl: (7) Failed to connect to prog.hu port 443 after 1700 ms: Could not connect to server. See https://curl.se/libcurl/c/libcurl-errors.html first for more details.
Error fetching https://feeds.forbes.com/real-time/feed2/: Failed to perform, curl: (7) Failed to connect to feeds.forbes.com port 443 after 7461 ms: Could not connect to server. See https://curl.se/libcurl/c/libcurl-errors.html first for more details.
Error fetching https://www.forbes.com/most-popular/feed/: Failed to perform, curl: (7) Failed to connect to www.forbes.com port 443 after 5511 ms: Could not connect to server. See https://curl.se/libcurl/c/libcurl-errors.html first for more details.
Error fetching https://totalcar.hu/feed: Failed to perform, curl: (7) Failed to connect to totalcar.hu port 443 after 293 ms: Could not connect to server. See https://curl.se/libcurl/c/libcurl-errors.html first for more details.
Error fetching https://the-zone.hu/feed: Failed to perform, curl: (7) Failed to connect to the-zone.hu port 443 after 295 ms: Could not connect to server. See https://curl.se/libcurl/c/libcurl-errors.html first for more details.
Error fetching https://prog.hu/hirek/rss: Failed to perform, curl: (7) Failed to connect to prog.hu port 443 after 295 ms: Could not connect to server. See https://curl.se/libcurl/c/libcurl-errors.html first for more details.
Error fetching https://funzine.hu/feed: Failed to perform, curl: (7) Failed to connect to funzine.hu port 443 after 296 ms: Could not connect to server. See https://curl.se/libcurl/c/libcurl-errors.html first for more details.
Error fetching https://nlc.hu/feed: Failed to perform, curl: (7) Failed to connect to nlc.hu port 443 after 296 ms: Could not connect to server. See https://curl.se/libcurl/c/libcurl-errors.html first for more details.
Error fetching https://marieclaire.hu/feed: Failed to perform, curl: (7) Failed to connect to marieclaire.hu port 443 after 292 ms: Could not connect to server. See https://curl.se/libcurl/c/libcurl-errors.html first for more details.
Error fetching https://offmedia.hu/feed: Failed to perform, curl: (7) Failed to connect to offmedia.hu port 443 after 296 ms: Could not connect to server. See https://curl.se/libcurl/c/libcurl-errors.html first for more details.
Error fetching https://travelmagazin.hu/feed: Failed to perform, curl: (7) Failed to connect to travelmagazin.hu port 443 after 534 ms: Could not connect to server. See https://curl.se/libcurl/c/libcurl-errors.html first for more details.
Error fetching https://allampapirkalkulator.hu/rss: Failed to perform, curl: (35) Recv failure: Connection reset by peer. See https://curl.se/libcurl/c/libcurl-errors.html first for more details.
Error fetching https://www.economx.hu/feed: Failed to perform, curl: (28) Connection timed out after 10002 milliseconds. See https://curl.se/libcurl/c/libcurl-errors.html first for more details.
Error fetching https://ng.24.hu/feed: Failed to perform, curl: (28) Connection timed out after 10001 milliseconds. See https://curl.se/libcurl/c/libcurl-errors.html first for more details.
Error fetching https://www.playboy.com/read/celebrities/feed: Failed to perform, curl: (28) Connection timed out after 10001 milliseconds. See https://curl.se/libcurl/c/libcurl-errors.html first for more details.
Error fetching https://www.penzcentrum.hu/rss/all.xml: Failed to perform, curl: (28) Connection timed out after 10001 milliseconds. See https://curl.se/libcurl/c/libcurl-errors.html first for more details.
Error fetching https://caravantimes.co.uk/feed: Failed to perform, curl: (28) Connection timed out after 10002 milliseconds. See https://curl.se/libcurl/c/libcurl-errors.html first for more details.
Error fetching https://9to5mac.com/feed/: Failed to perform, curl: (28) Connection timed out after 10002 milliseconds. See https://curl.se/libcurl/c/libcurl-errors.html first for more details.
Error fetching https://www.uniladtech.com/index.rss: Failed to perform, curl: (28) Connection timed out after 10002 milliseconds. See https://curl.se/libcurl/c/libcurl-errors.html first for more details.
Error fetching https://wallstreetzen.com/blog/feed/: Failed to perform, curl: (28) Recv failure: Connection reset by peer. See https://curl.se/libcurl/c/libcurl-errors.html first for more details.
Error fetching https://minner.hu/feed/: Failed to perform, curl: (28) Connection timed out after 10002 milliseconds. See https://curl.se/libcurl/c/libcurl-errors.html first for more details.
Error fetching https://www.xda-developers.com/feed: Failed to perform, curl: (7) Failed to connect to www.xda-developers.com port 443 after 89 ms: Could not connect to server. See https://curl.se/libcurl/c/libcurl-errors.html first for more details.
[13:31:20] Summarizer: [DownloadWorker-9] SKIP (duplicate title): Euronews.com...
[13:31:38] Summarizer: [DownloadWorker-5] SKIP (duplicate title): Euronews.com...
[13:31:42] Image_Downloader: Download failed (https://images.euronews.com/articles/stories/09/85/35/14/1200x675_cmsv2_cde20c6a-1425-5858-b220-122561bf5942-9853514.jpg): 406 Client Error: Not Acceptable for url: https://images.euronews.com/articles/stories/09/85/35/14/1200x675_cmsv2_cde20c6a-1425-5858-b220-122561bf5942-9853514.jpg
[13:31:43] Summarizer: [DownloadWorker-2] SKIP (duplicate title): Euronews.com...
[13:31:50] Summarizer: [DownloadWorker-4] SKIP (duplicate title): Euronews.com...
[13:32:05] Summarizer: [DownloadWorker-3] SKIP (duplicate title): Euronews.com...
[13:32:11] Summarizer: [DownloadWorker-1] SKIP (duplicate title): Euronews.com...
[13:32:19] Summarizer: [DownloadWorker-8] SKIP (duplicate title): Euronews.com...

===== PIPELINE RUN START 2026-08-20T13:32:51 [run_pipeline_persistent] =====

===== PIPELINE RUN START 2026-08-20T13:37:51 [run_pipeline_persistent] =====

--- RSS Fetch Errors at 2026-08-20 13:40:33 ---
Error fetching https://azutazo.hu/feed: Failed to perform, curl: (28) Operation timed out after 25002 milliseconds with 0 bytes received. See https://curl.se/libcurl/c/libcurl-errors.html first for more details.

===== PIPELINE RUN START 2026-08-20T13:42:52 [run_pipeline_persistent] =====

--- RSS Fetch Errors at 2026-08-20 13:45:22 ---
Error fetching https://index.hu/tudomany/til/rss/: Failed to perform, curl: (28) Operation timed out after 25002 milliseconds with 0 bytes received. See https://curl.se/libcurl/c/libcurl-errors.html first for more details.
[13:46:08] Summarizer: [Batch] Minor issues fixed: 4
[13:46:29] Summarizer: [Batch] Minor issues fixed: 2
[13:46:46] Summarizer: [Batch] No response from API (attempt 1/3)

===== PIPELINE RUN START 2026-08-20T13:48:34 [run_pipeline_persistent] =====

--- RSS Fetch Errors at 2026-08-20 13:51:00 ---
Error fetching https://www.hwsw.hu/xml/latest_news_rss.xml: Failed to perform, curl: (28) Connection timed out after 10002 milliseconds. See https://curl.se/libcurl/c/libcurl-errors.html first for more details.
[13:51:24] Summarizer: [Batch] No response from API (attempt 1/3)

===== PIPELINE RUN START 2026-08-20T13:53:35 [run_pipeline_persistent] =====
[13:56:02] Summarizer: [DownloadWorker-5] SKIP (duplicate title): The Neuron...
[13:56:09] Summarizer: [DownloadWorker-4] SKIP (duplicate title): The Neuron...
[13:56:14] Summarizer: [DownloadWorker-6] SKIP (duplicate title): The Neuron...

===== PIPELINE RUN START 2026-08-20T13:58:37 [run_pipeline_persistent] =====

--- RSS Fetch Errors at 2026-08-20 14:00:11 ---
Error fetching https://www.economx.hu/feed: Failed to perform, curl: (28) Connection timed out after 10003 milliseconds. See https://curl.se/libcurl/c/libcurl-errors.html first for more details.
Error fetching https://sokszinuvidek.24.hu/?oembed=true&format=xml&url=https%3A%2F%2Fsokszinuvidek.24.hu%2F: Failed to perform, curl: (28) Connection timed out after 10003 milliseconds. See https://curl.se/libcurl/c/libcurl-errors.html first for more details.

===== PIPELINE RUN START 2026-08-20T14:03:38 [run_pipeline_persistent] =====

===== PIPELINE RUN START 2026-08-20T14:08:40 [run_pipeline_persistent] =====

--- RSS Fetch Errors at 2026-08-20 14:10:37 ---
Error fetching https://www.playboy.com/read/classics/feed: Failed to perform, curl: (28) Connection timed out after 10003 milliseconds. See https://curl.se/libcurl/c/libcurl-errors.html first for more details.
Error fetching https://www.mentalfloss.com/feed: Failed to perform, curl: (28) Connection timed out after 10002 milliseconds. See https://curl.se/libcurl/c/libcurl-errors.html first for more details.
[14:11:31] Summarizer: [Batch] No response from API (attempt 1/3)

===== PIPELINE RUN START 2026-08-20T14:13:40 [run_pipeline_persistent] =====

--- RSS Fetch Errors at 2026-08-20 14:15:17 ---
Error fetching https://roadster.hu/feed: Failed to perform, curl: (28) Operation timed out after 25003 milliseconds with 0 bytes received. See https://curl.se/libcurl/c/libcurl-errors.html first for more details.

===== PIPELINE RUN START 2026-08-20T14:18:43 [run_pipeline_persistent] =====

===== PIPELINE RUN START 2026-08-20T14:23:43 [run_pipeline_persistent] =====

===== PIPELINE RUN START 2026-08-20T14:28:44 [run_pipeline_persistent] =====

--- RSS Fetch Errors at 2026-08-20 14:30:38 ---
Error fetching https://femina.hu/24ora/rss.xml: Failed to perform, curl: (28) Connection timed out after 10002 milliseconds. See https://curl.se/libcurl/c/libcurl-errors.html first for more details.

===== PIPELINE RUN START 2026-08-20T14:33:45 [run_pipeline_persistent] =====

--- RSS Fetch Errors at 2026-08-20 14:35:24 ---
Error fetching https://www.theguardian.com/europe/rss: Failed to perform, curl: (28) Connection timed out after 10002 milliseconds. See https://curl.se/libcurl/c/libcurl-errors.html first for more details.
[14:35:57] Summarizer: [Batch] 🔧 No balanced array found, but recovered 2 individual object(s)
[14:35:57] Summarizer: [Batch] 4 item(s) missing from response → marked for reprocessing
[14:36:28] Summarizer: [Batch] No response from API (attempt 1/3)

===== PIPELINE RUN START 2026-08-20T14:38:45 [run_pipeline_persistent] =====

--- RSS Fetch Errors at 2026-08-20 14:41:14 ---
Error fetching https://techpowerup.com/rss/news: HTTP Error 403: 
Error fetching https://futurism.com/feed: Failed to perform, curl: (56) Connection closed abruptly. See https://curl.se/libcurl/c/libcurl-errors.html first for more details.
Error fetching https://firstclass.hu/feed: Failed to perform, curl: (7) Failed to connect to firstclass.hu port 443 after 554 ms: Could not connect to server. See https://curl.se/libcurl/c/libcurl-errors.html first for more details.
Error fetching https://fhm.com/feed: Failed to perform, curl: (7) Failed to connect to fhm.com port 443 after 574 ms: Could not connect to server. See https://curl.se/libcurl/c/libcurl-errors.html first for more details.
Error fetching https://marieclaire.hu/feed: Failed to perform, curl: (7) Failed to connect to marieclaire.hu port 443 after 1397 ms: Could not connect to server. See https://curl.se/libcurl/c/libcurl-errors.html first for more details.
Error fetching https://caravantimes.co.uk/feed: Failed to perform, curl: (7) Failed to connect to caravantimes.co.uk port 443 after 107 ms: Could not connect to server. See https://curl.se/libcurl/c/libcurl-errors.html first for more details.
Error fetching https://www.penzcentrum.hu/rss/all.xml: Failed to perform, curl: (7) Failed to connect to www.penzcentrum.hu port 443 after 67 ms: Could not connect to server. See https://curl.se/libcurl/c/libcurl-errors.html first for more details.
Error fetching https://hetediksor.hu/feed/: Failed to perform, curl: (7) Failed to connect to hetediksor.hu port 443 after 184 ms: Could not connect to server. See https://curl.se/libcurl/c/libcurl-errors.html first for more details.
Error fetching https://prog.hu/hirek/rss: Failed to perform, curl: (7) Failed to connect to prog.hu port 443 after 3778 ms: Could not connect to server. See https://curl.se/libcurl/c/libcurl-errors.html first for more details.
Error fetching https://allampapirkalkulator.hu/rss: Failed to perform, curl: (7) Failed to connect to allampapirkalkulator.hu port 443 after 472 ms: Could not connect to server. See https://curl.se/libcurl/c/libcurl-errors.html first for more details.
Error fetching https://androgeek.hu/rss/rss.php: Failed to perform, curl: (7) Failed to connect to androgeek.hu port 443 after 482 ms: Could not connect to server. See https://curl.se/libcurl/c/libcurl-errors.html first for more details.
Error fetching https://9to5mac.com/feed/: Failed to perform, curl: (7) Failed to connect to 9to5mac.com port 443 after 1372 ms: Could not connect to server. See https://curl.se/libcurl/c/libcurl-errors.html first for more details.
Error fetching https://ng.24.hu/feed: Failed to perform, curl: (7) Failed to connect to ng.24.hu port 443 after 4532 ms: Could not connect to server. See https://curl.se/libcurl/c/libcurl-errors.html first for more details.
Error fetching https://the-zone.hu/feed: Failed to perform, curl: (7) Failed to connect to the-zone.hu port 443 after 4529 ms: Could not connect to server. See https://curl.se/libcurl/c/libcurl-errors.html first for more details.
Error fetching https://offmedia.hu/feed: Failed to perform, curl: (7) Failed to connect to offmedia.hu port 443 after 4522 ms: Could not connect to server. See https://curl.se/libcurl/c/libcurl-errors.html first for more details.
Error fetching https://nlc.hu/feed: Failed to perform, curl: (7) Failed to connect to nlc.hu port 443 after 4534 ms: Could not connect to server. See https://curl.se/libcurl/c/libcurl-errors.html first for more details.
Error fetching https://tldr.tech/rss: Failed to perform, curl: (7) Failed to connect to tldr.tech port 443 after 626 ms: Could not connect to server. See https://curl.se/libcurl/c/libcurl-errors.html first for more details.
Error fetching https://www.makeuseof.com/feed: Failed to perform, curl: (7) Failed to connect to www.makeuseof.com port 443 after 584 ms: Could not connect to server. See https://curl.se/libcurl/c/libcurl-errors.html first for more details.
Error fetching https://www.xda-developers.com/feed: Failed to perform, curl: (7) Failed to connect to www.xda-developers.com port 443 after 296 ms: Could not connect to server. See https://curl.se/libcurl/c/libcurl-errors.html first for more details.
Error fetching https://www.tomshardware.com/feeds.xml: Failed to perform, curl: (7) Failed to connect to www.tomshardware.com port 443 after 2401 ms: Could not connect to server. See https://curl.se/libcurl/c/libcurl-errors.html first for more details.
Error fetching https://travelmagazin.hu/feed: Failed to perform, curl: (7) Failed to connect to www.travelmagazin.hu port 443 after 2171 ms: Could not connect to server. See https://curl.se/libcurl/c/libcurl-errors.html first for more details.
Error fetching https://velvet.hu/24ora/rss/: Failed to perform, curl: (28) Connection timed out after 10001 milliseconds. See https://curl.se/libcurl/c/libcurl-errors.html first for more details.
Error fetching https://minner.hu/feed/: Failed to perform, curl: (28) Connection timed out after 10002 milliseconds. See https://curl.se/libcurl/c/libcurl-errors.html first for more details.
[14:41:51] Summarizer: [Batch] 🔧 No balanced array found, but recovered 2 individual object(s)
[14:41:51] Summarizer: [Batch] 1 item(s) missing from response → marked for reprocessing
[14:41:52] Image_Downloader: Download failed (https://s.24.hu/app/uploads/2026/08/joao-cancelo-1440x810_wm.jpg): HTTPSConnectionPool(host='s.24.hu', port=443): Max retries exceeded with url: /app/uploads/2026/08/joao-cancelo-1440x810_wm.jpg (Caused by NewConnectionError("HTTPSConnection(host='s.24.hu', port=443): Failed to establish a new connection: [Errno 61] Connection refused"))

===== PIPELINE RUN START 2026-08-20T14:43:45 [run_pipeline_persistent] =====

===== PIPELINE RUN START 2026-08-20T14:48:47 [run_pipeline_persistent] =====

--- RSS Fetch Errors at 2026-08-20 14:50:29 ---
Error fetching https://femina.hu/24ora/rss.xml: Failed to perform, curl: (28) Connection timed out after 10002 milliseconds. See https://curl.se/libcurl/c/libcurl-errors.html first for more details.
Error fetching https://wmn.hu/feed/: Failed to perform, curl: (28) Connection timed out after 10001 milliseconds. See https://curl.se/libcurl/c/libcurl-errors.html first for more details.
Error fetching https://wallstreetzen.com/blog/feed/: Failed to perform, curl: (28) Connection timed out after 10002 milliseconds. See https://curl.se/libcurl/c/libcurl-errors.html first for more details.
[14:51:07] Summarizer: [Batch] No response from API (attempt 1/3)

===== PIPELINE RUN START 2026-08-20T14:55:35 [run_pipeline_persistent] =====

===== PIPELINE RUN START 2026-08-20T15:00:36 [run_pipeline_persistent] =====

--- RSS Fetch Errors at 2026-08-20 15:02:06 ---
Error fetching https://sorozatjunkie.hu/feed: Failed to perform, curl: (28) Connection timed out after 10001 milliseconds. See https://curl.se/libcurl/c/libcurl-errors.html first for more details.
Error fetching https://www.theguardian.com/europe/rss: Failed to perform, curl: (28) Connection timed out after 10002 milliseconds. See https://curl.se/libcurl/c/libcurl-errors.html first for more details.
[15:03:00] Summarizer: [Batch] No response from API (attempt 1/3)

===== PIPELINE RUN START 2026-08-20T15:05:37 [run_pipeline_persistent] =====
[15:07:31] Summarizer: [DownloadWorker-3] SKIP (duplicate title): Marvel’s Wolverine Limited-Edition PS5 a...

===== PIPELINE RUN START 2026-08-20T15:10:38 [run_pipeline_persistent] =====

===== PIPELINE RUN START 2026-08-20T15:15:39 [run_pipeline_persistent] =====

--- RSS Fetch Errors at 2026-08-20 15:17:14 ---
Error fetching https://www.economx.hu/feed: Failed to perform, curl: (28) Connection timed out after 10002 milliseconds. See https://curl.se/libcurl/c/libcurl-errors.html first for more details.
Error fetching https://index.hu/tudomany/til/rss/: Failed to perform, curl: (28) Connection timed out after 10001 milliseconds. See https://curl.se/libcurl/c/libcurl-errors.html first for more details.
Error fetching https://sokszinuvidek.24.hu/feed/: Failed to perform, curl: (28) Connection timed out after 10001 milliseconds. See https://curl.se/libcurl/c/libcurl-errors.html first for more details.
[15:17:49] Summarizer: [Batch] No response from API (attempt 1/3)
[15:17:59] Summarizer: [Batch] No response from API (attempt 2/3)

===== PIPELINE RUN START 2026-08-20T15:20:40 [run_pipeline_persistent] =====

--- RSS Fetch Errors at 2026-08-20 15:22:17 ---
Error fetching https://femina.hu/24ora/rss.xml: Failed to perform, curl: (28) Connection timed out after 10001 milliseconds. See https://curl.se/libcurl/c/libcurl-errors.html first for more details.

===== PIPELINE RUN START 2026-08-20T15:25:41 [run_pipeline_persistent] =====

--- RSS Fetch Errors at 2026-08-20 15:27:19 ---
Error fetching https://www.economx.hu/feed: Failed to perform, curl: (28) Connection timed out after 10001 milliseconds. See https://curl.se/libcurl/c/libcurl-errors.html first for more details.
Error fetching https://www.hwsw.hu/xml/latest_news_rss.xml: Failed to perform, curl: (28) Connection timed out after 10002 milliseconds. See https://curl.se/libcurl/c/libcurl-errors.html first for more details.

===== PIPELINE RUN START 2026-08-20T15:30:41 [run_pipeline_persistent] =====
[15:32:44] Summarizer: [Batch] No response from API (attempt 1/3)
[15:32:54] Summarizer: [Batch] No response from API (attempt 2/3)
[15:33:05] Summarizer: [Batch] No response from API (attempt 3/3)
[15:33:05] Summarizer: [Batch] Primary backend (Free Gemini Pool (Flash 2.5)) exhausted retries. Trying fallbacks...
[15:33:05] Summarizer: [Batch] Fallback attempt with Gemini Selenium
[15:33:11] Summarizer: [Batch] Fallback attempt with G4F
[15:33:25] Summarizer: [Batch] All backends (primary + fallbacks) exhausted.

===== PIPELINE RUN START 2026-08-20T15:35:43 [run_pipeline_persistent] =====

--- RSS Fetch Errors at 2026-08-20 15:37:41 ---
Error fetching https://sokszinuvidek.24.hu/feed/: Failed to perform, curl: (28) Connection timed out after 10002 milliseconds. See https://curl.se/libcurl/c/libcurl-errors.html first for more details.
[15:38:15] Summarizer: [Batch] No response from API (attempt 1/3)

===== PIPELINE RUN START 2026-08-20T15:40:43 [run_pipeline_persistent] =====
[15:43:42] Summarizer: [Batch] No response from API (attempt 1/3)
[15:43:52] Summarizer: [Batch] No response from API (attempt 1/3)
[15:44:09] Summarizer: [Batch] No response from API (attempt 1/3)
[15:44:17] Summarizer: [Batch] No response from API (attempt 1/3)
[15:44:19] Summarizer: [Batch] No response from API (attempt 2/3)
[15:44:26] Summarizer: [Batch] No response from API (attempt 1/3)
[15:44:28] Summarizer: [Batch] No response from API (attempt 2/3)
[15:44:30] Summarizer: [Batch] No response from API (attempt 3/3)
[15:44:30] Summarizer: [Batch] Primary backend (Free Gemini Pool (Flash 2.5)) exhausted retries. Trying fallbacks...
[15:44:30] Summarizer: [Batch] Fallback attempt with Gemini Selenium
[15:44:36] Summarizer: [Batch] No response from API (attempt 2/3)
[15:44:36] Summarizer: [Batch] Fallback attempt with G4F
[15:44:38] Summarizer: [Batch] No response from API (attempt 3/3)
[15:44:38] Summarizer: [Batch] Primary backend (Free Gemini Pool (Flash 2.5)) exhausted retries. Trying fallbacks...
[15:44:38] Summarizer: [Batch] Fallback attempt with Gemini Selenium
[15:44:42] Summarizer: [Batch] All backends (primary + fallbacks) exhausted.
[15:44:44] Summarizer: [Batch] Fallback attempt with G4F
[15:44:47] Summarizer: [Batch] No response from API (attempt 3/3)
[15:44:47] Summarizer: [Batch] Primary backend (Free Gemini Pool (Flash 2.5)) exhausted retries. Trying fallbacks...
[15:44:47] Summarizer: [Batch] Fallback attempt with Gemini Selenium
[15:44:48] Summarizer: [Batch] No response from API (attempt 1/3)
[15:44:49] Summarizer: [Batch] All backends (primary + fallbacks) exhausted.
[15:44:53] Summarizer: [Batch] Fallback attempt with G4F
[15:44:58] Summarizer: [Batch] All backends (primary + fallbacks) exhausted.
[15:44:58] Summarizer: [Batch] No response from API (attempt 2/3)
[15:45:09] Summarizer: [Batch] No response from API (attempt 3/3)
[15:45:09] Summarizer: [Batch] Primary backend (Free Gemini Pool (Flash 2.5)) exhausted retries. Trying fallbacks...
[15:45:09] Summarizer: [Batch] Fallback attempt with Gemini Selenium
[15:45:15] Summarizer: [Batch] Fallback attempt with G4F
[15:45:20] Summarizer: [Batch] All backends (primary + fallbacks) exhausted.

===== PIPELINE RUN START 2026-08-20T15:45:43 [run_pipeline_persistent] =====

--- RSS Fetch Errors at 2026-08-20 15:47:21 ---
Error fetching https://index.hu/tudomany/til/rss/: Failed to perform, curl: (28) Connection timed out after 10002 milliseconds. See https://curl.se/libcurl/c/libcurl-errors.html first for more details.
[15:47:45] Summarizer: [Batch] No response from API (attempt 1/3)
[15:47:55] Summarizer: [Batch] No response from API (attempt 2/3)
[15:48:06] Summarizer: [Batch] No response from API (attempt 3/3)
[15:48:06] Summarizer: [Batch] Primary backend (Free Gemini Pool (Flash 2.5)) exhausted retries. Trying fallbacks...
[15:48:06] Summarizer: [Batch] Fallback attempt with Gemini Selenium
[15:48:10] Summarizer: [Batch] No response from API (attempt 1/3)
[15:48:14] Summarizer: [Batch] Fallback attempt with G4F
[15:48:20] Summarizer: [Batch] All backends (primary + fallbacks) exhausted.
[15:48:21] Summarizer: [Batch] No response from API (attempt 2/3)
[15:48:27] Summarizer: [Batch] No response from API (attempt 1/3)
[15:48:32] Summarizer: [Batch] No response from API (attempt 3/3)
[15:48:32] Summarizer: [Batch] Primary backend (Free Gemini Pool (Flash 2.5)) exhausted retries. Trying fallbacks...
[15:48:32] Summarizer: [Batch] Fallback attempt with Gemini Selenium
[15:48:38] Summarizer: [Batch] No response from API (attempt 2/3)
[15:48:39] Summarizer: [Batch] Fallback attempt with G4F
[15:48:41] Summarizer: [Batch] No response from API (attempt 1/3)
[15:48:44] Summarizer: [Batch] All backends (primary + fallbacks) exhausted.
[15:48:49] Summarizer: [Batch] No response from API (attempt 3/3)
[15:48:49] Summarizer: [Batch] Primary backend (Free Gemini Pool (Flash 2.5)) exhausted retries. Trying fallbacks...
[15:48:49] Summarizer: [Batch] Fallback attempt with Gemini Selenium
[15:48:51] Summarizer: [Batch] No response from API (attempt 2/3)
[15:48:55] Summarizer: [Batch] Fallback attempt with G4F
[15:49:00] Summarizer: [Batch] All backends (primary + fallbacks) exhausted.
[15:49:02] Summarizer: [Batch] No response from API (attempt 3/3)
[15:49:02] Summarizer: [Batch] Primary backend (Free Gemini Pool (Flash 2.5)) exhausted retries. Trying fallbacks...
[15:49:02] Summarizer: [Batch] Fallback attempt with Gemini Selenium
[15:49:08] Summarizer: [Batch] Fallback attempt with G4F
[15:49:13] Summarizer: [Batch] All backends (primary + fallbacks) exhausted.

===== PIPELINE RUN START 2026-08-20T15:50:44 [run_pipeline_persistent] =====
[15:52:40] Summarizer: [Batch] No response from API (attempt 1/3)
[15:52:50] Summarizer: [Batch] No response from API (attempt 2/3)
[15:53:01] Summarizer: [Batch] No response from API (attempt 3/3)
[15:53:01] Summarizer: [Batch] Primary backend (Free Gemini Pool (Flash 2.5)) exhausted retries. Trying fallbacks...
[15:53:01] Summarizer: [Batch] Fallback attempt with Gemini Selenium
[15:53:07] Summarizer: [Batch] Fallback attempt with G4F
[15:53:10] Summarizer: [Batch] No response from API (attempt 1/3)
[15:53:15] Summarizer: [Batch] All backends (primary + fallbacks) exhausted.
[15:53:20] Summarizer: [Batch] No response from API (attempt 2/3)
[15:53:21] Summarizer: [Batch] No response from API (attempt 1/3)
[15:53:31] Summarizer: [Batch] No response from API (attempt 3/3)
[15:53:31] Summarizer: [Batch] Primary backend (Free Gemini Pool (Flash 2.5)) exhausted retries. Trying fallbacks...
[15:53:31] Summarizer: [Batch] Fallback attempt with Gemini Selenium
[15:53:31] Summarizer: [Batch] No response from API (attempt 2/3)
[15:53:37] Summarizer: [Batch] Fallback attempt with G4F
[15:53:40] Summarizer: [Batch] No response from API (attempt 1/3)
[15:53:42] Summarizer: [Batch] All backends (primary + fallbacks) exhausted.
[15:53:42] Summarizer: [Batch] No response from API (attempt 3/3)
[15:53:42] Summarizer: [Batch] Primary backend (Free Gemini Pool (Flash 2.5)) exhausted retries. Trying fallbacks...
[15:53:42] Summarizer: [Batch] Fallback attempt with Gemini Selenium
[15:53:49] Summarizer: [Batch] Fallback attempt with G4F
[15:53:50] Summarizer: [Batch] No response from API (attempt 2/3)
[15:53:54] Summarizer: [Batch] All backends (primary + fallbacks) exhausted.
[15:54:01] Summarizer: [Batch] No response from API (attempt 3/3)
[15:54:01] Summarizer: [Batch] Primary backend (Free Gemini Pool (Flash 2.5)) exhausted retries. Trying fallbacks...
[15:54:01] Summarizer: [Batch] Fallback attempt with Gemini Selenium
[15:54:07] Summarizer: [Batch] Fallback attempt with G4F
[15:54:12] Summarizer: [Batch] All backends (primary + fallbacks) exhausted.

===== PIPELINE RUN START 2026-08-20T15:55:44 [run_pipeline_persistent] =====
[15:57:40] Summarizer: [Batch] No response from API (attempt 1/3)
[15:57:51] Summarizer: [Batch] No response from API (attempt 2/3)
[15:58:01] Summarizer: [Batch] No response from API (attempt 3/3)
[15:58:01] Summarizer: [Batch] Primary backend (Free Gemini Pool (Flash 2.5)) exhausted retries. Trying fallbacks...
[15:58:01] Summarizer: [Batch] Fallback attempt with Gemini Selenium
[15:58:08] Summarizer: [Batch] Fallback attempt with G4F
[15:58:10] Summarizer: [Batch] No response from API (attempt 1/3)
[15:58:14] Summarizer: [Batch] All backends (primary + fallbacks) exhausted.
[15:58:20] Summarizer: [Batch] No response from API (attempt 2/3)
[15:58:31] Summarizer: [Batch] No response from API (attempt 3/3)
[15:58:31] Summarizer: [Batch] Primary backend (Free Gemini Pool (Flash 2.5)) exhausted retries. Trying fallbacks...
[15:58:31] Summarizer: [Batch] Fallback attempt with Gemini Selenium
[15:58:37] Summarizer: [Batch] Fallback attempt with G4F
[15:58:43] Summarizer: [Batch] All backends (primary + fallbacks) exhausted.

===== PIPELINE RUN START 2026-08-20T16:00:45 [run_pipeline_persistent] =====

--- RSS Fetch Errors at 2026-08-20 16:02:25 ---
Error fetching https://www.hwsw.hu/xml/latest_news_rss.xml: Failed to perform, curl: (28) Connection timed out after 10001 milliseconds. See https://curl.se/libcurl/c/libcurl-errors.html first for more details.
Error fetching https://roadster.hu/feed: Failed to perform, curl: (28) Connection timed out after 10001 milliseconds. See https://curl.se/libcurl/c/libcurl-errors.html first for more details.
[16:02:45] Summarizer: [DownloadWorker-4] SKIP (duplicate title): Ludwig: az 1. évad...
[16:02:47] Summarizer: [Batch] No response from API (attempt 1/3)
[16:02:57] Summarizer: [Batch] No response from API (attempt 2/3)
[16:03:08] Summarizer: [Batch] No response from API (attempt 3/3)
[16:03:08] Summarizer: [Batch] Primary backend (Free Gemini Pool (Flash 2.5)) exhausted retries. Trying fallbacks...
[16:03:08] Summarizer: [Batch] Fallback attempt with Gemini Selenium
[16:03:15] Summarizer: [Batch] Fallback attempt with G4F
[16:03:19] Summarizer: [Batch] No response from API (attempt 1/3)
[16:03:20] Summarizer: [Batch] All backends (primary + fallbacks) exhausted.
[16:03:30] Summarizer: [Batch] No response from API (attempt 2/3)
[16:03:41] Summarizer: [Batch] No response from API (attempt 3/3)
[16:03:41] Summarizer: [Batch] Primary backend (Free Gemini Pool (Flash 2.5)) exhausted retries. Trying fallbacks...
[16:03:41] Summarizer: [Batch] Fallback attempt with Gemini Selenium
[16:03:47] Summarizer: [Batch] Fallback attempt with G4F
[16:03:52] Summarizer: [Batch] All backends (primary + fallbacks) exhausted.

===== PIPELINE RUN START 2026-08-20T16:05:46 [run_pipeline_persistent] =====

--- RSS Fetch Errors at 2026-08-20 16:07:34 ---
Error fetching https://www.vice.com/feed/: HTTP Error 404: 
[16:07:54] Summarizer: [Batch] No response from API (attempt 1/3)
[16:08:05] Summarizer: [Batch] No response from API (attempt 2/3)
[16:08:16] Summarizer: [Batch] No response from API (attempt 3/3)
[16:08:16] Summarizer: [Batch] Primary backend (Free Gemini Pool (Flash 2.5)) exhausted retries. Trying fallbacks...
[16:08:16] Summarizer: [Batch] Fallback attempt with Gemini Selenium
[16:08:22] Summarizer: [Batch] Fallback attempt with G4F
[16:08:22] Summarizer: [Batch] No response from API (attempt 1/3)
[16:08:28] Summarizer: [Batch] All backends (primary + fallbacks) exhausted.
[16:08:33] Summarizer: [Batch] No response from API (attempt 2/3)
[16:08:34] Summarizer: [Batch] No response from API (attempt 1/3)
[16:08:44] Summarizer: [Batch] No response from API (attempt 3/3)
[16:08:44] Summarizer: [Batch] Primary backend (Free Gemini Pool (Flash 2.5)) exhausted retries. Trying fallbacks...
[16:08:44] Summarizer: [Batch] Fallback attempt with Gemini Selenium
[16:08:45] Summarizer: [Batch] No response from API (attempt 2/3)
[16:08:50] Summarizer: [Batch] Fallback attempt with G4F
[16:08:55] Summarizer: [Batch] All backends (primary + fallbacks) exhausted.
[16:08:56] Summarizer: [Batch] No response from API (attempt 3/3)
[16:08:56] Summarizer: [Batch] Primary backend (Free Gemini Pool (Flash 2.5)) exhausted retries. Trying fallbacks...
[16:08:56] Summarizer: [Batch] Fallback attempt with Gemini Selenium
[16:08:57] Summarizer: [Batch] No response from API (attempt 1/3)
[16:09:02] Summarizer: [Batch] Fallback attempt with G4F
[16:09:05] Summarizer: [Batch] No response from API (attempt 1/3)
[16:09:07] Summarizer: [Batch] All backends (primary + fallbacks) exhausted.
[16:09:08] Summarizer: [Batch] No response from API (attempt 2/3)
[16:09:15] Summarizer: [Batch] No response from API (attempt 2/3)
[16:09:19] Summarizer: [Batch] No response from API (attempt 3/3)
[16:09:19] Summarizer: [Batch] Primary backend (Free Gemini Pool (Flash 2.5)) exhausted retries. Trying fallbacks...
[16:09:19] Summarizer: [Batch] Fallback attempt with Gemini Selenium
[16:09:25] Summarizer: [Batch] Fallback attempt with G4F
[16:09:26] Summarizer: [Batch] No response from API (attempt 3/3)
[16:09:26] Summarizer: [Batch] Primary backend (Free Gemini Pool (Flash 2.5)) exhausted retries. Trying fallbacks...
[16:09:26] Summarizer: [Batch] Fallback attempt with Gemini Selenium
[16:09:30] Summarizer: [Batch] All backends (primary + fallbacks) exhausted.
[16:09:32] Summarizer: [Batch] Fallback attempt with G4F
[16:09:37] Summarizer: [Batch] All backends (primary + fallbacks) exhausted.

===== PIPELINE RUN START 2026-08-20T16:10:46 [run_pipeline_persistent] =====

--- RSS Fetch Errors at 2026-08-20 16:14:28 ---
Error fetching https://www.economx.hu/feed: Failed to perform, curl: (28) Connection timed out after 10001 milliseconds. See https://curl.se/libcurl/c/libcurl-errors.html first for more details.
Error fetching https://www.hwsw.hu/xml/latest_news_rss.xml: Failed to perform, curl: (28) Connection timed out after 10002 milliseconds. See https://curl.se/libcurl/c/libcurl-errors.html first for more details.
[16:14:51] Summarizer: [Batch] No response from API (attempt 1/3)
[16:14:54] Summarizer: [DownloadWorker-4] SKIP (duplicate title): 3,1 kilós követ operáltak ki egy férfi h...
[16:15:02] Summarizer: [Batch] No response from API (attempt 2/3)
[16:15:12] Summarizer: [Batch] No response from API (attempt 3/3)
[16:15:12] Summarizer: [Batch] Primary backend (Free Gemini Pool (Flash 2.5)) exhausted retries. Trying fallbacks...
[16:15:12] Summarizer: [Batch] Fallback attempt with Gemini Selenium
[16:15:19] Summarizer: [Batch] Fallback attempt with G4F
[16:15:20] Summarizer: [Batch] No response from API (attempt 1/3)
[16:15:25] Summarizer: [Batch] All backends (primary + fallbacks) exhausted.
[16:15:26] Summarizer: [Batch] No response from API (attempt 1/3)
[16:15:30] Summarizer: [Batch] No response from API (attempt 2/3)
[16:15:37] Summarizer: [Batch] No response from API (attempt 2/3)
[16:15:41] Summarizer: [Batch] No response from API (attempt 3/3)
[16:15:41] Summarizer: [Batch] Primary backend (Free Gemini Pool (Flash 2.5)) exhausted retries. Trying fallbacks...
[16:15:41] Summarizer: [Batch] Fallback attempt with Gemini Selenium
[16:15:48] Summarizer: [Batch] Fallback attempt with G4F
[16:15:48] Summarizer: [Batch] No response from API (attempt 3/3)
[16:15:48] Summarizer: [Batch] Primary backend (Free Gemini Pool (Flash 2.5)) exhausted retries. Trying fallbacks...
[16:15:48] Summarizer: [Batch] Fallback attempt with Gemini Selenium
[16:15:53] Summarizer: [Batch] All backends (primary + fallbacks) exhausted.
[16:15:54] Summarizer: [Batch] Fallback attempt with G4F
[16:15:54] Summarizer: [Batch] No response from API (attempt 1/3)
[16:15:56] Summarizer: [Batch] No response from API (attempt 1/3)
[16:15:59] Summarizer: [Batch] All backends (primary + fallbacks) exhausted.
[16:16:05] Summarizer: [Batch] No response from API (attempt 2/3)
[16:16:11] Summarizer: [Batch] No response from API (attempt 2/3)
[16:16:16] Summarizer: [Batch] No response from API (attempt 3/3)
[16:16:16] Summarizer: [Batch] Primary backend (Free Gemini Pool (Flash 2.5)) exhausted retries. Trying fallbacks...
[16:16:16] Summarizer: [Batch] Fallback attempt with Gemini Selenium
[16:16:22] Summarizer: [Batch] No response from API (attempt 3/3)
[16:16:22] Summarizer: [Batch] Primary backend (Free Gemini Pool (Flash 2.5)) exhausted retries. Trying fallbacks...
[16:16:22] Summarizer: [Batch] Fallback attempt with Gemini Selenium
[16:16:22] Summarizer: [Batch] Fallback attempt with G4F
[16:16:28] Summarizer: [Batch] All backends (primary + fallbacks) exhausted.
[16:16:29] Summarizer: [Batch] Fallback attempt with G4F
[16:16:34] Summarizer: [Batch] All backends (primary + fallbacks) exhausted.

===== PIPELINE RUN START 2026-08-20T16:16:56 [run_pipeline_persistent] =====

--- RSS Fetch Errors at 2026-08-20 16:18:47 ---
Error fetching https://index.hu/tudomany/til/rss/: Failed to perform, curl: (28) Connection timed out after 10001 milliseconds. See https://curl.se/libcurl/c/libcurl-errors.html first for more details.
[16:19:08] Summarizer: [Batch] No response from API (attempt 1/3)
[16:19:12] Summarizer: [DownloadWorker-1] SKIP (duplicate title): Rubicon Online...
[16:19:19] Summarizer: [Batch] No response from API (attempt 2/3)
[16:19:19] Summarizer: [DownloadWorker-4] SKIP (duplicate title): Rubicon Online...
[16:19:29] Summarizer: [Batch] No response from API (attempt 3/3)
[16:19:29] Summarizer: [Batch] Primary backend (Free Gemini Pool (Flash 2.5)) exhausted retries. Trying fallbacks...
[16:19:29] Summarizer: [Batch] Fallback attempt with Gemini Selenium
[16:19:36] Summarizer: [Batch] No response from API (attempt 1/3)
[16:19:36] Summarizer: [Batch] Fallback attempt with G4F
[16:19:42] Summarizer: [Batch] All backends (primary + fallbacks) exhausted.
[16:19:46] Summarizer: [Batch] No response from API (attempt 2/3)
[16:19:48] Summarizer: [Batch] No response from API (attempt 1/3)
[16:19:57] Summarizer: [Batch] No response from API (attempt 3/3)
[16:19:57] Summarizer: [Batch] Primary backend (Free Gemini Pool (Flash 2.5)) exhausted retries. Trying fallbacks...
[16:19:57] Summarizer: [Batch] Fallback attempt with Gemini Selenium
[16:19:59] Summarizer: [Batch] No response from API (attempt 2/3)
[16:20:03] Summarizer: [Batch] Fallback attempt with G4F
[16:20:08] Summarizer: [Batch] No response from API (attempt 1/3)
[16:20:08] Summarizer: [Batch] All backends (primary + fallbacks) exhausted.
[16:20:09] Summarizer: [Batch] No response from API (attempt 3/3)
[16:20:09] Summarizer: [Batch] Primary backend (Free Gemini Pool (Flash 2.5)) exhausted retries. Trying fallbacks...
[16:20:09] Summarizer: [Batch] Fallback attempt with Gemini Selenium
[16:20:16] Summarizer: [Batch] Fallback attempt with G4F
[16:20:19] Summarizer: [Batch] No response from API (attempt 2/3)
[16:20:21] Summarizer: [Batch] All backends (primary + fallbacks) exhausted.
[16:20:29] Summarizer: [Batch] No response from API (attempt 3/3)
[16:20:29] Summarizer: [Batch] Primary backend (Free Gemini Pool (Flash 2.5)) exhausted retries. Trying fallbacks...
[16:20:29] Summarizer: [Batch] Fallback attempt with Gemini Selenium
[16:20:36] Summarizer: [Batch] Fallback attempt with G4F
[16:20:41] Summarizer: [Batch] All backends (primary + fallbacks) exhausted.

===== PIPELINE RUN START 2026-08-20T16:21:56 [run_pipeline_persistent] =====

--- RSS Fetch Errors at 2026-08-20 16:23:43 ---
Error fetching https://femina.hu/24ora/rss.xml: Failed to perform, curl: (28) Connection timed out after 10002 milliseconds. See https://curl.se/libcurl/c/libcurl-errors.html first for more details.
Error fetching https://www.playboy.com/read/classics/feed: Failed to perform, curl: (28) Connection timed out after 10000 milliseconds. See https://curl.se/libcurl/c/libcurl-errors.html first for more details.
Error fetching https://sokszinuvidek.24.hu/?oembed=true&format=xml&url=https%3A%2F%2Fsokszinuvidek.24.hu%2F: Failed to perform, curl: (28) Operation timed out after 25002 milliseconds with 0 bytes received. See https://curl.se/libcurl/c/libcurl-errors.html first for more details.
[16:24:08] Summarizer: [Batch] No response from API (attempt 1/3)
[16:24:18] Summarizer: [Batch] No response from API (attempt 2/3)
[16:24:29] Summarizer: [Batch] No response from API (attempt 3/3)
[16:24:29] Summarizer: [Batch] Primary backend (Free Gemini Pool (Flash 2.5)) exhausted retries. Trying fallbacks...
[16:24:29] Summarizer: [Batch] Fallback attempt with Gemini Selenium
[16:24:32] Summarizer: [Batch] No response from API (attempt 1/3)
[16:24:35] Summarizer: [Batch] Fallback attempt with G4F
[16:24:41] Summarizer: [Batch] All backends (primary + fallbacks) exhausted.
[16:24:42] Summarizer: [Batch] No response from API (attempt 1/3)
[16:24:43] Summarizer: [Batch] No response from API (attempt 2/3)
[16:24:53] Summarizer: [Batch] No response from API (attempt 2/3)
[16:24:54] Summarizer: [Batch] No response from API (attempt 3/3)
[16:24:54] Summarizer: [Batch] Primary backend (Free Gemini Pool (Flash 2.5)) exhausted retries. Trying fallbacks...
[16:24:54] Summarizer: [Batch] Fallback attempt with Gemini Selenium
[16:25:00] Summarizer: [Batch] Fallback attempt with G4F
[16:25:02] Summarizer: [Batch] No response from API (attempt 1/3)
[16:25:04] Summarizer: [Batch] No response from API (attempt 3/3)
[16:25:04] Summarizer: [Batch] Primary backend (Free Gemini Pool (Flash 2.5)) exhausted retries. Trying fallbacks...
[16:25:04] Summarizer: [Batch] Fallback attempt with Gemini Selenium
[16:25:05] Summarizer: [Batch] All backends (primary + fallbacks) exhausted.
[16:25:10] Summarizer: [Batch] Fallback attempt with G4F
[16:25:11] Summarizer: [Batch] No response from API (attempt 1/3)
[16:25:13] Summarizer: [Batch] No response from API (attempt 2/3)
[16:25:15] Summarizer: [Batch] All backends (primary + fallbacks) exhausted.
[16:25:22] Summarizer: [Batch] No response from API (attempt 2/3)
[16:25:24] Summarizer: [Batch] No response from API (attempt 3/3)
[16:25:24] Summarizer: [Batch] Primary backend (Free Gemini Pool (Flash 2.5)) exhausted retries. Trying fallbacks...
[16:25:24] Summarizer: [Batch] Fallback attempt with Gemini Selenium
[16:25:30] Summarizer: [Batch] Fallback attempt with G4F
[16:25:33] Summarizer: [Batch] No response from API (attempt 3/3)
[16:25:33] Summarizer: [Batch] Primary backend (Free Gemini Pool (Flash 2.5)) exhausted retries. Trying fallbacks...
[16:25:33] Summarizer: [Batch] Fallback attempt with Gemini Selenium
[16:25:35] Summarizer: [Batch] All backends (primary + fallbacks) exhausted.
[16:25:39] Summarizer: [Batch] Fallback attempt with G4F
[16:25:44] Summarizer: [Batch] All backends (primary + fallbacks) exhausted.

===== PIPELINE RUN START 2026-08-20T16:26:57 [run_pipeline_persistent] =====

--- RSS Fetch Errors at 2026-08-20 16:28:45 ---
Error fetching https://www.economx.hu/feed: Failed to perform, curl: (28) Connection timed out after 10002 milliseconds. See https://curl.se/libcurl/c/libcurl-errors.html first for more details.
Error fetching https://sorozatjunkie.hu/feed: Failed to perform, curl: (28) Connection timed out after 10002 milliseconds. See https://curl.se/libcurl/c/libcurl-errors.html first for more details.
[16:29:10] Summarizer: [Batch] No response from API (attempt 1/3)
[16:29:20] Summarizer: [Batch] No response from API (attempt 2/3)
[16:29:31] Summarizer: [Batch] No response from API (attempt 3/3)
[16:29:31] Summarizer: [Batch] Primary backend (Free Gemini Pool (Flash 2.5)) exhausted retries. Trying fallbacks...
[16:29:31] Summarizer: [Batch] Fallback attempt with Gemini Selenium
[16:29:35] Summarizer: [Batch] No response from API (attempt 1/3)
[16:29:37] Summarizer: [Batch] Fallback attempt with G4F
[16:29:44] Summarizer: [Batch] All backends (primary + fallbacks) exhausted.
[16:29:45] Summarizer: [Batch] No response from API (attempt 2/3)
[16:29:50] Summarizer: [Batch] No response from API (attempt 1/3)
[16:29:56] Summarizer: [Batch] No response from API (attempt 3/3)
[16:29:56] Summarizer: [Batch] Primary backend (Free Gemini Pool (Flash 2.5)) exhausted retries. Trying fallbacks...
[16:29:56] Summarizer: [Batch] Fallback attempt with Gemini Selenium
[16:30:01] Summarizer: [Batch] No response from API (attempt 2/3)
[16:30:04] Summarizer: [Batch] Fallback attempt with G4F
[16:30:09] Summarizer: [Batch] All backends (primary + fallbacks) exhausted.
[16:30:10] Summarizer: [Batch] No response from API (attempt 1/3)
[16:30:12] Summarizer: [Batch] No response from API (attempt 3/3)
[16:30:12] Summarizer: [Batch] Primary backend (Free Gemini Pool (Flash 2.5)) exhausted retries. Trying fallbacks...
[16:30:12] Summarizer: [Batch] Fallback attempt with Gemini Selenium
[16:30:18] Summarizer: [Batch] Fallback attempt with G4F
[16:30:20] Summarizer: [Batch] No response from API (attempt 2/3)
[16:30:23] Summarizer: [Batch] All backends (primary + fallbacks) exhausted.
[16:30:31] Summarizer: [Batch] No response from API (attempt 3/3)
[16:30:31] Summarizer: [Batch] Primary backend (Free Gemini Pool (Flash 2.5)) exhausted retries. Trying fallbacks...
[16:30:31] Summarizer: [Batch] Fallback attempt with Gemini Selenium
[16:30:38] Summarizer: [Batch] Fallback attempt with G4F
[16:30:43] Summarizer: [Batch] All backends (primary + fallbacks) exhausted.

===== PIPELINE RUN START 2026-08-20T16:31:57 [run_pipeline_persistent] =====
[16:33:35] Summarizer: [Batch] No response from API (attempt 1/3)
[16:33:45] Summarizer: [Batch] No response from API (attempt 2/3)
[16:33:56] Summarizer: [Batch] No response from API (attempt 3/3)
[16:33:56] Summarizer: [Batch] Primary backend (Free Gemini Pool (Flash 2.5)) exhausted retries. Trying fallbacks...
[16:33:56] Summarizer: [Batch] Fallback attempt with Gemini Selenium
[16:34:02] Summarizer: [Batch] Fallback attempt with G4F
[16:34:05] Summarizer: [Batch] No response from API (attempt 1/3)
[16:34:09] Summarizer: [Batch] All backends (primary + fallbacks) exhausted.
[16:34:15] Summarizer: [Batch] No response from API (attempt 2/3)
[16:34:26] Summarizer: [Batch] No response from API (attempt 3/3)
[16:34:26] Summarizer: [Batch] Primary backend (Free Gemini Pool (Flash 2.5)) exhausted retries. Trying fallbacks...
[16:34:26] Summarizer: [Batch] Fallback attempt with Gemini Selenium
[16:34:32] Summarizer: [Batch] Fallback attempt with G4F
[16:34:37] Summarizer: [Batch] All backends (primary + fallbacks) exhausted.

===== PIPELINE RUN START 2026-08-20T16:36:58 [run_pipeline_persistent] =====

--- RSS Fetch Errors at 2026-08-20 16:38:37 ---
Error fetching https://www.playboy.com/read/classics/feed: Failed to perform, curl: (28) Connection timed out after 10002 milliseconds. See https://curl.se/libcurl/c/libcurl-errors.html first for more details.
Error fetching https://starity.hu/magazin/rss/: Failed to perform, curl: (28) Operation timed out after 25002 milliseconds with 0 bytes received. See https://curl.se/libcurl/c/libcurl-errors.html first for more details.
Error fetching https://index.hu/tudomany/til/rss/: Failed to perform, curl: (28) Operation timed out after 25002 milliseconds with 0 bytes received. See https://curl.se/libcurl/c/libcurl-errors.html first for more details.
[16:39:01] Summarizer: [Batch] No response from API (attempt 1/3)
[16:39:12] Summarizer: [Batch] No response from API (attempt 2/3)
[16:39:23] Summarizer: [Batch] No response from API (attempt 3/3)
[16:39:23] Summarizer: [Batch] Primary backend (Free Gemini Pool (Flash 2.5)) exhausted retries. Trying fallbacks...
[16:39:23] Summarizer: [Batch] Fallback attempt with Gemini Selenium
[16:39:30] Summarizer: [Batch] Fallback attempt with G4F
[16:39:31] Summarizer: [Batch] No response from API (attempt 1/3)
[16:39:35] Summarizer: [Batch] All backends (primary + fallbacks) exhausted.
[16:39:41] Summarizer: [Batch] No response from API (attempt 2/3)
[16:39:53] Summarizer: [Batch] No response from API (attempt 3/3)
[16:39:53] Summarizer: [Batch] Primary backend (Free Gemini Pool (Flash 2.5)) exhausted retries. Trying fallbacks...
[16:39:53] Summarizer: [Batch] Fallback attempt with Gemini Selenium
[16:39:59] Summarizer: [Batch] Fallback attempt with G4F
[16:40:04] Summarizer: [Batch] All backends (primary + fallbacks) exhausted.

===== PIPELINE RUN START 2026-08-20T16:41:59 [run_pipeline_persistent] =====

--- RSS Fetch Errors at 2026-08-20 16:43:44 ---
Error fetching https://www.hwsw.hu/xml/latest_news_rss.xml: Failed to perform, curl: (28) Connection timed out after 10002 milliseconds. See https://curl.se/libcurl/c/libcurl-errors.html first for more details.
Error fetching https://sokszinuvidek.24.hu/feed/: Failed to perform, curl: (28) Connection timed out after 10000 milliseconds. See https://curl.se/libcurl/c/libcurl-errors.html first for more details.
Error fetching https://www.historyoasis.com/rss.xml: Failed to perform, curl: (28) Connection timed out after 10002 milliseconds. See https://curl.se/libcurl/c/libcurl-errors.html first for more details.
[16:44:05] Summarizer: [Batch] No response from API (attempt 1/3)
[16:44:16] Summarizer: [Batch] No response from API (attempt 2/3)
[16:44:27] Summarizer: [Batch] No response from API (attempt 3/3)
[16:44:27] Summarizer: [Batch] Primary backend (Free Gemini Pool (Flash 2.5)) exhausted retries. Trying fallbacks...
[16:44:27] Summarizer: [Batch] Fallback attempt with Gemini Selenium
[16:44:33] Summarizer: [Batch] No response from API (attempt 1/3)
[16:44:33] Summarizer: [Batch] Fallback attempt with G4F
[16:44:39] Summarizer: [Batch] All backends (primary + fallbacks) exhausted.
[16:44:44] Summarizer: [Batch] No response from API (attempt 2/3)
[16:44:45] Summarizer: [Batch] No response from API (attempt 1/3)
[16:44:54] Summarizer: [Batch] No response from API (attempt 3/3)
[16:44:54] Summarizer: [Batch] Primary backend (Free Gemini Pool (Flash 2.5)) exhausted retries. Trying fallbacks...
[16:44:54] Summarizer: [Batch] Fallback attempt with Gemini Selenium
[16:44:56] Summarizer: [Batch] No response from API (attempt 2/3)
[16:45:01] Summarizer: [Batch] Fallback attempt with G4F
[16:45:06] Summarizer: [Batch] All backends (primary + fallbacks) exhausted.
[16:45:07] Summarizer: [Batch] No response from API (attempt 3/3)
[16:45:07] Summarizer: [Batch] Primary backend (Free Gemini Pool (Flash 2.5)) exhausted retries. Trying fallbacks...
[16:45:07] Summarizer: [Batch] Fallback attempt with Gemini Selenium
[16:45:13] Summarizer: [Batch] Fallback attempt with G4F
[16:45:18] Summarizer: [Batch] All backends (primary + fallbacks) exhausted.

===== PIPELINE RUN START 2026-08-20T16:47:00 [run_pipeline_persistent] =====
[16:48:32] Summarizer: [Batch] No response from API (attempt 1/3)
[16:48:43] Summarizer: [Batch] No response from API (attempt 2/3)
[16:48:53] Summarizer: [Batch] No response from API (attempt 3/3)
[16:48:53] Summarizer: [Batch] Primary backend (Free Gemini Pool (Flash 2.5)) exhausted retries. Trying fallbacks...
[16:48:53] Summarizer: [Batch] Fallback attempt with Gemini Selenium
[16:48:59] Summarizer: [Batch] No response from API (attempt 1/3)
[16:49:00] Summarizer: [Batch] Fallback attempt with G4F
[16:49:06] Summarizer: [Batch] All backends (primary + fallbacks) exhausted.
[16:49:10] Summarizer: [Batch] No response from API (attempt 2/3)
[16:49:21] Summarizer: [Batch] No response from API (attempt 3/3)
[16:49:21] Summarizer: [Batch] Primary backend (Free Gemini Pool (Flash 2.5)) exhausted retries. Trying fallbacks...
[16:49:21] Summarizer: [Batch] Fallback attempt with Gemini Selenium
[16:49:27] Summarizer: [Batch] Fallback attempt with G4F
[16:49:32] Summarizer: [Batch] All backends (primary + fallbacks) exhausted.

===== PIPELINE RUN START 2026-08-20T16:52:02 [run_pipeline_persistent] =====

--- RSS Fetch Errors at 2026-08-20 16:53:38 ---
Error fetching https://www.hwsw.hu/xml/latest_news_rss.xml: Failed to perform, curl: (28) Connection timed out after 10003 milliseconds. See https://curl.se/libcurl/c/libcurl-errors.html first for more details.
Error fetching https://index.hu/tudomany/til/rss/: Failed to perform, curl: (28) Connection timed out after 10003 milliseconds. See https://curl.se/libcurl/c/libcurl-errors.html first for more details.
[16:53:58] Summarizer: [Batch] No response from API (attempt 1/3)
[16:54:08] Summarizer: [Batch] No response from API (attempt 2/3)
[16:54:19] Summarizer: [Batch] No response from API (attempt 3/3)
[16:54:19] Summarizer: [Batch] Primary backend (Free Gemini Pool (Flash 2.5)) exhausted retries. Trying fallbacks...
[16:54:19] Summarizer: [Batch] Fallback attempt with Gemini Selenium
[16:54:26] Summarizer: [Batch] Fallback attempt with G4F
[16:54:31] Summarizer: [Batch] No response from API (attempt 1/3)
[16:54:32] Summarizer: [Batch] All backends (primary + fallbacks) exhausted.
[16:54:42] Summarizer: [Batch] No response from API (attempt 2/3)
[16:54:53] Summarizer: [Batch] No response from API (attempt 3/3)
[16:54:53] Summarizer: [Batch] Primary backend (Free Gemini Pool (Flash 2.5)) exhausted retries. Trying fallbacks...
[16:54:53] Summarizer: [Batch] Fallback attempt with Gemini Selenium
[16:54:59] Summarizer: [Batch] Fallback attempt with G4F
[16:55:04] Summarizer: [Batch] All backends (primary + fallbacks) exhausted.

===== PIPELINE RUN START 2026-08-20T16:57:04 [run_pipeline_persistent] =====
[16:58:34] Summarizer: [Batch] No response from API (attempt 1/3)
[16:58:45] Summarizer: [Batch] No response from API (attempt 2/3)
[16:58:56] Summarizer: [Batch] No response from API (attempt 3/3)
[16:58:56] Summarizer: [Batch] Primary backend (Free Gemini Pool (Flash 2.5)) exhausted retries. Trying fallbacks...
[16:58:56] Summarizer: [Batch] Fallback attempt with Gemini Selenium
[16:59:02] Summarizer: [Batch] Fallback attempt with G4F
[16:59:08] Summarizer: [Batch] No response from API (attempt 1/3)
[16:59:08] Summarizer: [Batch] All backends (primary + fallbacks) exhausted.
[16:59:18] Summarizer: [Batch] No response from API (attempt 2/3)
[16:59:29] Summarizer: [Batch] No response from API (attempt 3/3)
[16:59:29] Summarizer: [Batch] Primary backend (Free Gemini Pool (Flash 2.5)) exhausted retries. Trying fallbacks...
[16:59:29] Summarizer: [Batch] Fallback attempt with Gemini Selenium
[16:59:35] Summarizer: [Batch] Fallback attempt with G4F
[16:59:40] Summarizer: [Batch] All backends (primary + fallbacks) exhausted.

===== PIPELINE RUN START 2026-08-20T17:02:05 [run_pipeline_persistent] =====
[17:04:16] Summarizer: [Batch] No response from API (attempt 1/3)
[17:04:27] Summarizer: [Batch] No response from API (attempt 2/3)
[17:04:38] Summarizer: [Batch] No response from API (attempt 3/3)
[17:04:38] Summarizer: [Batch] Primary backend (Free Gemini Pool (Flash 2.5)) exhausted retries. Trying fallbacks...
[17:04:38] Summarizer: [Batch] Fallback attempt with Gemini Selenium
[17:04:44] Summarizer: [Batch] No response from API (attempt 1/3)
[17:04:44] Summarizer: [Batch] Fallback attempt with G4F
[17:04:50] Summarizer: [Batch] All backends (primary + fallbacks) exhausted.
[17:04:55] Summarizer: [Batch] No response from API (attempt 2/3)
[17:04:57] Summarizer: [Batch] No response from API (attempt 1/3)
[17:05:06] Summarizer: [Batch] No response from API (attempt 3/3)
[17:05:06] Summarizer: [Batch] Primary backend (Free Gemini Pool (Flash 2.5)) exhausted retries. Trying fallbacks...
[17:05:06] Summarizer: [Batch] Fallback attempt with Gemini Selenium
[17:05:07] Summarizer: [Batch] No response from API (attempt 2/3)
[17:05:12] Summarizer: [Batch] Fallback attempt with G4F
[17:05:17] Summarizer: [Batch] All backends (primary + fallbacks) exhausted.
[17:05:18] Summarizer: [Batch] No response from API (attempt 3/3)
[17:05:18] Summarizer: [Batch] Primary backend (Free Gemini Pool (Flash 2.5)) exhausted retries. Trying fallbacks...
[17:05:18] Summarizer: [Batch] Fallback attempt with Gemini Selenium
[17:05:24] Summarizer: [Batch] Fallback attempt with G4F
[17:05:29] Summarizer: [Batch] All backends (primary + fallbacks) exhausted.

===== PIPELINE RUN START 2026-08-20T17:07:06 [run_pipeline_persistent] =====

--- RSS Fetch Errors at 2026-08-20 17:08:45 ---
Error fetching https://wmn.hu/feed/: Failed to perform, curl: (28) Connection timed out after 10002 milliseconds. See https://curl.se/libcurl/c/libcurl-errors.html first for more details.
[17:09:06] Summarizer: [Batch] No response from API (attempt 1/3)
[17:09:16] Summarizer: [Batch] No response from API (attempt 2/3)
[17:09:27] Summarizer: [Batch] No response from API (attempt 3/3)
[17:09:27] Summarizer: [Batch] Primary backend (Free Gemini Pool (Flash 2.5)) exhausted retries. Trying fallbacks...
[17:09:27] Summarizer: [Batch] Fallback attempt with Gemini Selenium
[17:09:33] Summarizer: [Batch] Fallback attempt with G4F
[17:09:34] Summarizer: [Batch] No response from API (attempt 1/3)
[17:09:39] Summarizer: [Batch] All backends (primary + fallbacks) exhausted.
[17:09:41] Summarizer: [Batch] No response from API (attempt 1/3)
[17:09:45] Summarizer: [Batch] No response from API (attempt 2/3)
[17:09:51] Summarizer: [Batch] No response from API (attempt 2/3)
[17:09:56] Summarizer: [Batch] No response from API (attempt 3/3)
[17:09:56] Summarizer: [Batch] Primary backend (Free Gemini Pool (Flash 2.5)) exhausted retries. Trying fallbacks...
[17:09:56] Summarizer: [Batch] Fallback attempt with Gemini Selenium
[17:10:02] Summarizer: [Batch] Fallback attempt with G4F
[17:10:02] Summarizer: [Batch] No response from API (attempt 3/3)
[17:10:02] Summarizer: [Batch] Primary backend (Free Gemini Pool (Flash 2.5)) exhausted retries. Trying fallbacks...
[17:10:02] Summarizer: [Batch] Fallback attempt with Gemini Selenium
[17:10:05] Summarizer: [Batch] No response from API (attempt 1/3)
[17:10:07] Summarizer: [Batch] All backends (primary + fallbacks) exhausted.
[17:10:08] Summarizer: [Batch] Fallback attempt with G4F
[17:10:13] Summarizer: [Batch] All backends (primary + fallbacks) exhausted.
[17:10:16] Summarizer: [Batch] No response from API (attempt 2/3)
[17:10:26] Summarizer: [Batch] No response from API (attempt 3/3)
[17:10:26] Summarizer: [Batch] Primary backend (Free Gemini Pool (Flash 2.5)) exhausted retries. Trying fallbacks...
[17:10:26] Summarizer: [Batch] Fallback attempt with Gemini Selenium
[17:10:33] Summarizer: [Batch] Fallback attempt with G4F
[17:10:38] Summarizer: [Batch] All backends (primary + fallbacks) exhausted.

===== PIPELINE RUN START 2026-08-20T17:12:07 [run_pipeline_persistent] =====

--- RSS Fetch Errors at 2026-08-20 17:13:45 ---
Error fetching https://index.hu/tudomany/til/rss/: Failed to perform, curl: (28) Connection timed out after 10002 milliseconds. See https://curl.se/libcurl/c/libcurl-errors.html first for more details.
[17:14:06] Summarizer: [Batch] No response from API (attempt 1/3)
[17:14:16] Summarizer: [Batch] No response from API (attempt 2/3)
[17:14:27] Summarizer: [Batch] No response from API (attempt 3/3)
[17:14:27] Summarizer: [Batch] Primary backend (Free Gemini Pool (Flash 2.5)) exhausted retries. Trying fallbacks...
[17:14:27] Summarizer: [Batch] Fallback attempt with Gemini Selenium
[17:14:34] Summarizer: [Batch] Fallback attempt with G4F
[17:14:34] Summarizer: [Batch] No response from API (attempt 1/3)
[17:14:40] Summarizer: [Batch] All backends (primary + fallbacks) exhausted.
[17:14:45] Summarizer: [Batch] No response from API (attempt 2/3)
[17:14:46] Summarizer: [Batch] No response from API (attempt 1/3)
[17:14:56] Summarizer: [Batch] No response from API (attempt 3/3)
[17:14:56] Summarizer: [Batch] Primary backend (Free Gemini Pool (Flash 2.5)) exhausted retries. Trying fallbacks...
[17:14:56] Summarizer: [Batch] Fallback attempt with Gemini Selenium
[17:14:57] Summarizer: [Batch] No response from API (attempt 2/3)
[17:15:02] Summarizer: [Batch] Fallback attempt with G4F
[17:15:07] Summarizer: [Batch] All backends (primary + fallbacks) exhausted.
[17:15:07] Summarizer: [Batch] No response from API (attempt 3/3)
[17:15:07] Summarizer: [Batch] Primary backend (Free Gemini Pool (Flash 2.5)) exhausted retries. Trying fallbacks...
[17:15:07] Summarizer: [Batch] Fallback attempt with Gemini Selenium
[17:15:14] Summarizer: [Batch] Fallback attempt with G4F
[17:15:19] Summarizer: [Batch] All backends (primary + fallbacks) exhausted.

===== PIPELINE RUN START 2026-08-20T17:17:08 [run_pipeline_persistent] =====
[17:18:49] Summarizer: [Batch] No response from API (attempt 1/3)
[17:19:00] Summarizer: [Batch] No response from API (attempt 2/3)
[17:19:11] Summarizer: [Batch] No response from API (attempt 3/3)
[17:19:11] Summarizer: [Batch] Primary backend (Free Gemini Pool (Flash 2.5)) exhausted retries. Trying fallbacks...
[17:19:11] Summarizer: [Batch] Fallback attempt with Gemini Selenium
[17:19:18] Summarizer: [Batch] Fallback attempt with G4F
[17:19:23] Summarizer: [Batch] No response from API (attempt 1/3)
[17:19:24] Summarizer: [Batch] All backends (primary + fallbacks) exhausted.
[17:19:31] Summarizer: [Batch] No response from API (attempt 1/3)
[17:19:34] Summarizer: [Batch] No response from API (attempt 2/3)
[17:19:41] Summarizer: [Batch] No response from API (attempt 2/3)
[17:19:45] Summarizer: [Batch] No response from API (attempt 3/3)
[17:19:45] Summarizer: [Batch] Primary backend (Free Gemini Pool (Flash 2.5)) exhausted retries. Trying fallbacks...
[17:19:45] Summarizer: [Batch] Fallback attempt with Gemini Selenium
[17:19:51] Summarizer: [Batch] Fallback attempt with G4F
[17:19:52] Summarizer: [Batch] No response from API (attempt 3/3)
[17:19:52] Summarizer: [Batch] Primary backend (Free Gemini Pool (Flash 2.5)) exhausted retries. Trying fallbacks...
[17:19:52] Summarizer: [Batch] Fallback attempt with Gemini Selenium
[17:19:56] Summarizer: [Batch] All backends (primary + fallbacks) exhausted.
[17:19:58] Summarizer: [Batch] Fallback attempt with G4F
[17:20:04] Summarizer: [Batch] All backends (primary + fallbacks) exhausted.

===== PIPELINE RUN START 2026-08-20T17:22:09 [run_pipeline_persistent] =====

--- RSS Fetch Errors at 2026-08-20 17:23:47 ---
Error fetching https://www.maxim.com/feed: Failed to perform, curl: (28) Operation timed out after 25919 milliseconds with 0 bytes received. See https://curl.se/libcurl/c/libcurl-errors.html first for more details.
[17:24:12] Summarizer: [Batch] No response from API (attempt 1/3)
[17:24:23] Summarizer: [Batch] No response from API (attempt 2/3)
[17:24:33] Summarizer: [Batch] No response from API (attempt 3/3)
[17:24:33] Summarizer: [Batch] Primary backend (Free Gemini Pool (Flash 2.5)) exhausted retries. Trying fallbacks...
[17:24:33] Summarizer: [Batch] Fallback attempt with Gemini Selenium
[17:24:40] Summarizer: [Batch] Fallback attempt with G4F
[17:24:42] Summarizer: [Batch] No response from API (attempt 1/3)
[17:24:46] Summarizer: [Batch] All backends (primary + fallbacks) exhausted.
[17:24:53] Summarizer: [Batch] No response from API (attempt 2/3)
[17:25:03] Summarizer: [Batch] No response from API (attempt 3/3)
[17:25:03] Summarizer: [Batch] Primary backend (Free Gemini Pool (Flash 2.5)) exhausted retries. Trying fallbacks...
[17:25:03] Summarizer: [Batch] Fallback attempt with Gemini Selenium
[17:25:06] Summarizer: [Batch] No response from API (attempt 1/3)
[17:25:10] Summarizer: [Batch] Fallback attempt with G4F
[17:25:15] Summarizer: [Batch] All backends (primary + fallbacks) exhausted.
[17:25:17] Summarizer: [Batch] No response from API (attempt 2/3)
[17:25:28] Summarizer: [Batch] No response from API (attempt 3/3)
[17:25:28] Summarizer: [Batch] Primary backend (Free Gemini Pool (Flash 2.5)) exhausted retries. Trying fallbacks...
[17:25:28] Summarizer: [Batch] Fallback attempt with Gemini Selenium
[17:25:34] Summarizer: [Batch] Fallback attempt with G4F
[17:25:39] Summarizer: [Batch] All backends (primary + fallbacks) exhausted.

===== PIPELINE RUN START 2026-08-20T17:27:09 [run_pipeline_persistent] =====
[17:28:36] Summarizer: [Batch] No response from API (attempt 1/3)
[17:28:47] Summarizer: [Batch] No response from API (attempt 2/3)
[17:28:57] Summarizer: [Batch] No response from API (attempt 3/3)
[17:28:57] Summarizer: [Batch] Primary backend (Free Gemini Pool (Flash 2.5)) exhausted retries. Trying fallbacks...
[17:28:57] Summarizer: [Batch] Fallback attempt with Gemini Selenium
[17:29:04] Summarizer: [Batch] Fallback attempt with G4F
[17:29:06] Summarizer: [Batch] No response from API (attempt 1/3)
[17:29:10] Summarizer: [Batch] All backends (primary + fallbacks) exhausted.
[17:29:19] Summarizer: [Batch] No response from API (attempt 2/3)
[17:29:30] Summarizer: [Batch] No response from API (attempt 3/3)
[17:29:30] Summarizer: [Batch] Primary backend (Free Gemini Pool (Flash 2.5)) exhausted retries. Trying fallbacks...
[17:29:30] Summarizer: [Batch] Fallback attempt with Gemini Selenium
[17:29:37] Summarizer: [Batch] Fallback attempt with G4F
[17:29:42] Summarizer: [Batch] All backends (primary + fallbacks) exhausted.

===== PIPELINE RUN START 2026-08-20T17:32:10 [run_pipeline_persistent] =====
[17:33:36] Summarizer: [Batch] No response from API (attempt 1/3)
[17:33:46] Summarizer: [Batch] No response from API (attempt 2/3)
[17:33:57] Summarizer: [Batch] No response from API (attempt 3/3)
[17:33:57] Summarizer: [Batch] Primary backend (Free Gemini Pool (Flash 2.5)) exhausted retries. Trying fallbacks...
[17:33:57] Summarizer: [Batch] Fallback attempt with Gemini Selenium
[17:34:04] Summarizer: [Batch] Fallback attempt with G4F
[17:34:04] Summarizer: [Batch] No response from API (attempt 1/3)
[17:34:09] Summarizer: [Batch] All backends (primary + fallbacks) exhausted.
[17:34:15] Summarizer: [Batch] No response from API (attempt 2/3)
[17:34:16] Summarizer: [Batch] No response from API (attempt 1/3)
[17:34:26] Summarizer: [Batch] No response from API (attempt 3/3)
[17:34:26] Summarizer: [Batch] Primary backend (Free Gemini Pool (Flash 2.5)) exhausted retries. Trying fallbacks...
[17:34:26] Summarizer: [Batch] Fallback attempt with Gemini Selenium
[17:34:27] Summarizer: [Batch] No response from API (attempt 2/3)
[17:34:32] Summarizer: [Batch] Fallback attempt with G4F
[17:34:37] Summarizer: [Batch] No response from API (attempt 3/3)
[17:34:37] Summarizer: [Batch] Primary backend (Free Gemini Pool (Flash 2.5)) exhausted retries. Trying fallbacks...
[17:34:37] Summarizer: [Batch] Fallback attempt with Gemini Selenium
[17:34:38] Summarizer: [Batch] All backends (primary + fallbacks) exhausted.
[17:34:44] Summarizer: [Batch] Fallback attempt with G4F
[17:34:49] Summarizer: [Batch] All backends (primary + fallbacks) exhausted.

===== PIPELINE RUN START 2026-08-20T17:37:12 [run_pipeline_persistent] =====

--- RSS Fetch Errors at 2026-08-20 17:38:55 ---
Error fetching https://www.economx.hu/feed: Failed to perform, curl: (28) Connection timed out after 10002 milliseconds. See https://curl.se/libcurl/c/libcurl-errors.html first for more details.
Error fetching https://azutazo.hu/feed: Failed to perform, curl: (28) Connection timed out after 10002 milliseconds. See https://curl.se/libcurl/c/libcurl-errors.html first for more details.
Error fetching https://index.hu/tudomany/til/rss/: Failed to perform, curl: (28) Connection timed out after 10002 milliseconds. See https://curl.se/libcurl/c/libcurl-errors.html first for more details.
[17:39:16] Summarizer: [Batch] No response from API (attempt 1/3)
[17:39:27] Summarizer: [Batch] No response from API (attempt 2/3)
[17:39:38] Summarizer: [Batch] No response from API (attempt 3/3)
[17:39:38] Summarizer: [Batch] Primary backend (Free Gemini Pool (Flash 2.5)) exhausted retries. Trying fallbacks...
[17:39:38] Summarizer: [Batch] Fallback attempt with Gemini Selenium
[17:39:44] Summarizer: [Batch] Fallback attempt with G4F
[17:39:44] Summarizer: [Batch] No response from API (attempt 1/3)
[17:39:50] Summarizer: [Batch] All backends (primary + fallbacks) exhausted.
[17:39:55] Summarizer: [Batch] No response from API (attempt 2/3)
[17:39:56] Summarizer: [Batch] No response from API (attempt 1/3)
[17:40:07] Summarizer: [Batch] No response from API (attempt 2/3)
[17:40:09] Summarizer: [Batch] No response from API (attempt 3/3)
[17:40:09] Summarizer: [Batch] Primary backend (Free Gemini Pool (Flash 2.5)) exhausted retries. Trying fallbacks...
[17:40:09] Summarizer: [Batch] Fallback attempt with Gemini Selenium
[17:40:15] Summarizer: [Batch] Fallback attempt with G4F
[17:40:18] Summarizer: [Batch] No response from API (attempt 3/3)
[17:40:18] Summarizer: [Batch] Primary backend (Free Gemini Pool (Flash 2.5)) exhausted retries. Trying fallbacks...
[17:40:18] Summarizer: [Batch] Fallback attempt with Gemini Selenium
[17:40:20] Summarizer: [Batch] All backends (primary + fallbacks) exhausted.
[17:40:24] Summarizer: [Batch] Fallback attempt with G4F
[17:40:29] Summarizer: [Batch] All backends (primary + fallbacks) exhausted.

===== PIPELINE RUN START 2026-08-20T17:42:13 [run_pipeline_persistent] =====

--- RSS Fetch Errors at 2026-08-20 17:43:47 ---
Error fetching https://roadster.hu/feed: Failed to perform, curl: (28) Operation timed out after 25002 milliseconds with 0 bytes received. See https://curl.se/libcurl/c/libcurl-errors.html first for more details.
[17:44:08] Summarizer: [Batch] No response from API (attempt 1/3)
[17:44:19] Summarizer: [Batch] No response from API (attempt 2/3)
[17:44:29] Summarizer: [Batch] No response from API (attempt 3/3)
[17:44:29] Summarizer: [Batch] Primary backend (Free Gemini Pool (Flash 2.5)) exhausted retries. Trying fallbacks...
[17:44:29] Summarizer: [Batch] Fallback attempt with Gemini Selenium
[17:44:36] Summarizer: [Batch] No response from API (attempt 1/3)
[17:44:36] Summarizer: [Batch] Fallback attempt with G4F
[17:44:42] Summarizer: [Batch] All backends (primary + fallbacks) exhausted.
[17:44:43] Summarizer: [Batch] No response from API (attempt 1/3)
[17:44:47] Summarizer: [Batch] No response from API (attempt 2/3)
[17:44:54] Summarizer: [Batch] No response from API (attempt 2/3)
[17:44:58] Summarizer: [Batch] No response from API (attempt 3/3)
[17:44:58] Summarizer: [Batch] Primary backend (Free Gemini Pool (Flash 2.5)) exhausted retries. Trying fallbacks...
[17:44:58] Summarizer: [Batch] Fallback attempt with Gemini Selenium
[17:45:04] Summarizer: [Batch] Fallback attempt with G4F
[17:45:05] Summarizer: [Batch] No response from API (attempt 3/3)
[17:45:05] Summarizer: [Batch] Primary backend (Free Gemini Pool (Flash 2.5)) exhausted retries. Trying fallbacks...
[17:45:05] Summarizer: [Batch] Fallback attempt with Gemini Selenium
[17:45:09] Summarizer: [Batch] All backends (primary + fallbacks) exhausted.
[17:45:12] Summarizer: [Batch] Fallback attempt with G4F
[17:45:17] Summarizer: [Batch] All backends (primary + fallbacks) exhausted.

===== PIPELINE RUN START 2026-08-20T17:47:14 [run_pipeline_persistent] =====
[17:49:06] Summarizer: [Batch] No response from API (attempt 1/3)
[17:49:16] Summarizer: [Batch] No response from API (attempt 2/3)
[17:49:27] Summarizer: [Batch] No response from API (attempt 3/3)
[17:49:27] Summarizer: [Batch] Primary backend (Free Gemini Pool (Flash 2.5)) exhausted retries. Trying fallbacks...
[17:49:27] Summarizer: [Batch] Fallback attempt with Gemini Selenium
[17:49:33] Summarizer: [Batch] Fallback attempt with G4F
[17:49:39] Summarizer: [Batch] No response from API (attempt 1/3)
[17:49:39] Summarizer: [Batch] All backends (primary + fallbacks) exhausted.
[17:49:49] Summarizer: [Batch] No response from API (attempt 2/3)
[17:50:00] Summarizer: [Batch] No response from API (attempt 3/3)
[17:50:00] Summarizer: [Batch] Primary backend (Free Gemini Pool (Flash 2.5)) exhausted retries. Trying fallbacks...
[17:50:00] Summarizer: [Batch] Fallback attempt with Gemini Selenium
[17:50:06] Summarizer: [Batch] Fallback attempt with G4F
[17:50:12] Summarizer: [Batch] All backends (primary + fallbacks) exhausted.

===== PIPELINE RUN START 2026-08-20T17:52:15 [run_pipeline_persistent] =====

--- RSS Fetch Errors at 2026-08-20 17:53:54 ---
Error fetching https://www.hwsw.hu/xml/latest_news_rss.xml: Failed to perform, curl: (28) Connection timed out after 10002 milliseconds. See https://curl.se/libcurl/c/libcurl-errors.html first for more details.
Error fetching https://index.hu/tudomany/til/rss/: Failed to perform, curl: (28) Connection timed out after 10002 milliseconds. See https://curl.se/libcurl/c/libcurl-errors.html first for more details.
[17:54:16] Summarizer: [Batch] No response from API (attempt 1/3)
[17:54:27] Summarizer: [Batch] No response from API (attempt 2/3)
[17:54:37] Summarizer: [Batch] No response from API (attempt 3/3)
[17:54:37] Summarizer: [Batch] Primary backend (Free Gemini Pool (Flash 2.5)) exhausted retries. Trying fallbacks...
[17:54:37] Summarizer: [Batch] Fallback attempt with Gemini Selenium
[17:54:44] Summarizer: [Batch] No response from API (attempt 1/3)
[17:54:44] Summarizer: [Batch] Fallback attempt with G4F
[17:54:49] Summarizer: [Batch] All backends (primary + fallbacks) exhausted.
[17:54:54] Summarizer: [Batch] No response from API (attempt 2/3)
[17:54:56] Summarizer: [Batch] No response from API (attempt 1/3)
[17:55:05] Summarizer: [Batch] No response from API (attempt 3/3)
[17:55:05] Summarizer: [Batch] Primary backend (Free Gemini Pool (Flash 2.5)) exhausted retries. Trying fallbacks...
[17:55:05] Summarizer: [Batch] Fallback attempt with Gemini Selenium
[17:55:06] Summarizer: [Batch] No response from API (attempt 2/3)
[17:55:11] Summarizer: [Batch] Fallback attempt with G4F
[17:55:16] Summarizer: [Batch] All backends (primary + fallbacks) exhausted.
[17:55:17] Summarizer: [Batch] No response from API (attempt 3/3)
[17:55:17] Summarizer: [Batch] Primary backend (Free Gemini Pool (Flash 2.5)) exhausted retries. Trying fallbacks...
[17:55:17] Summarizer: [Batch] Fallback attempt with Gemini Selenium
[17:55:23] Summarizer: [Batch] Fallback attempt with G4F
[17:55:28] Summarizer: [Batch] All backends (primary + fallbacks) exhausted.

===== PIPELINE RUN START 2026-08-20T17:57:16 [run_pipeline_persistent] =====
[17:59:37] Summarizer: [Batch] No response from API (attempt 1/3)
[17:59:48] Summarizer: [Batch] No response from API (attempt 2/3)
[17:59:58] Summarizer: [Batch] No response from API (attempt 3/3)
[17:59:58] Summarizer: [Batch] Primary backend (Free Gemini Pool (Flash 2.5)) exhausted retries. Trying fallbacks...
[17:59:58] Summarizer: [Batch] Fallback attempt with Gemini Selenium
[18:00:05] Summarizer: [Batch] Fallback attempt with G4F
[18:00:06] Summarizer: [Batch] No response from API (attempt 1/3)
[18:00:11] Summarizer: [Batch] All backends (primary + fallbacks) exhausted.
[18:00:16] Summarizer: [Batch] No response from API (attempt 2/3)
[18:00:17] Summarizer: [Batch] No response from API (attempt 1/3)
[18:00:27] Summarizer: [Batch] No response from API (attempt 3/3)
[18:00:27] Summarizer: [Batch] Primary backend (Free Gemini Pool (Flash 2.5)) exhausted retries. Trying fallbacks...
[18:00:27] Summarizer: [Batch] Fallback attempt with Gemini Selenium
[18:00:28] Summarizer: [Batch] No response from API (attempt 2/3)
[18:00:33] Summarizer: [Batch] Fallback attempt with G4F
[18:00:38] Summarizer: [Batch] No response from API (attempt 3/3)
[18:00:38] Summarizer: [Batch] Primary backend (Free Gemini Pool (Flash 2.5)) exhausted retries. Trying fallbacks...
[18:00:38] Summarizer: [Batch] Fallback attempt with Gemini Selenium
[18:00:38] Summarizer: [Batch] All backends (primary + fallbacks) exhausted.
[18:00:44] Summarizer: [Batch] Fallback attempt with G4F
[18:00:50] Summarizer: [Batch] All backends (primary + fallbacks) exhausted.

===== PIPELINE RUN START 2026-08-20T18:02:16 [run_pipeline_persistent] =====

--- RSS Fetch Errors at 2026-08-20 18:03:57 ---
Error fetching https://www.economx.hu/feed: Failed to perform, curl: (28) Connection timed out after 10002 milliseconds. See https://curl.se/libcurl/c/libcurl-errors.html first for more details.
Error fetching https://sorozatjunkie.hu/feed: Failed to perform, curl: (28) Connection timed out after 10002 milliseconds. See https://curl.se/libcurl/c/libcurl-errors.html first for more details.
[18:04:19] Summarizer: [Batch] No response from API (attempt 1/3)
[18:04:29] Summarizer: [Batch] No response from API (attempt 2/3)
[18:04:40] Summarizer: [Batch] No response from API (attempt 3/3)
[18:04:40] Summarizer: [Batch] Primary backend (Free Gemini Pool (Flash 2.5)) exhausted retries. Trying fallbacks...
[18:04:40] Summarizer: [Batch] Fallback attempt with Gemini Selenium
[18:04:47] Summarizer: [Batch] Fallback attempt with G4F
[18:04:47] Summarizer: [Batch] No response from API (attempt 1/3)
[18:04:53] Summarizer: [Batch] All backends (primary + fallbacks) exhausted.
[18:04:55] Summarizer: [Batch] No response from API (attempt 1/3)
[18:04:58] Summarizer: [Batch] No response from API (attempt 2/3)
[18:05:06] Summarizer: [Batch] No response from API (attempt 2/3)
[18:05:09] Summarizer: [Batch] No response from API (attempt 3/3)
[18:05:09] Summarizer: [Batch] Primary backend (Free Gemini Pool (Flash 2.5)) exhausted retries. Trying fallbacks...
[18:05:09] Summarizer: [Batch] Fallback attempt with Gemini Selenium
[18:05:15] Summarizer: [Batch] Fallback attempt with G4F
[18:05:17] Summarizer: [Batch] No response from API (attempt 3/3)
[18:05:17] Summarizer: [Batch] Primary backend (Free Gemini Pool (Flash 2.5)) exhausted retries. Trying fallbacks...
[18:05:17] Summarizer: [Batch] Fallback attempt with Gemini Selenium
[18:05:20] Summarizer: [Batch] All backends (primary + fallbacks) exhausted.
[18:05:23] Summarizer: [Batch] Fallback attempt with G4F
[18:05:28] Summarizer: [Batch] All backends (primary + fallbacks) exhausted.

===== PIPELINE RUN START 2026-08-20T18:07:17 [run_pipeline_persistent] =====
[18:09:30] Summarizer: [DownloadWorker-7] SKIP (duplicate title): Kvíz: Felismered a magyar süteményt egye...
[18:09:33] Summarizer: [Batch] No response from API (attempt 1/3)
[18:09:44] Summarizer: [Batch] No response from API (attempt 2/3)
[18:09:54] Summarizer: [Batch] No response from API (attempt 3/3)
[18:09:54] Summarizer: [Batch] Primary backend (Free Gemini Pool (Flash 2.5)) exhausted retries. Trying fallbacks...
[18:09:54] Summarizer: [Batch] Fallback attempt with Gemini Selenium
[18:09:59] Summarizer: [Batch] No response from API (attempt 1/3)
[18:10:01] Summarizer: [Batch] Fallback attempt with G4F
[18:10:07] Summarizer: [Batch] All backends (primary + fallbacks) exhausted.
[18:10:10] Summarizer: [Batch] No response from API (attempt 2/3)
[18:10:13] Summarizer: [Batch] No response from API (attempt 1/3)
[18:10:21] Summarizer: [Batch] No response from API (attempt 3/3)
[18:10:21] Summarizer: [Batch] Primary backend (Free Gemini Pool (Flash 2.5)) exhausted retries. Trying fallbacks...
[18:10:21] Summarizer: [Batch] Fallback attempt with Gemini Selenium
[18:10:24] Summarizer: [Batch] No response from API (attempt 2/3)
[18:10:27] Summarizer: [Batch] Fallback attempt with G4F
[18:10:33] Summarizer: [Batch] All backends (primary + fallbacks) exhausted.
[18:10:34] Summarizer: [Batch] No response from API (attempt 3/3)
[18:10:34] Summarizer: [Batch] Primary backend (Free Gemini Pool (Flash 2.5)) exhausted retries. Trying fallbacks...
[18:10:34] Summarizer: [Batch] Fallback attempt with Gemini Selenium
[18:10:41] Summarizer: [Batch] Fallback attempt with G4F
[18:10:46] Summarizer: [Batch] All backends (primary + fallbacks) exhausted.

===== PIPELINE RUN START 2026-08-20T18:12:18 [run_pipeline_persistent] =====
[18:14:24] Summarizer: [Batch] No response from API (attempt 1/3)
[18:14:34] Summarizer: [Batch] No response from API (attempt 2/3)
[18:14:45] Summarizer: [Batch] No response from API (attempt 3/3)
[18:14:45] Summarizer: [Batch] Primary backend (Free Gemini Pool (Flash 2.5)) exhausted retries. Trying fallbacks...
[18:14:45] Summarizer: [Batch] Fallback attempt with Gemini Selenium
[18:14:49] Summarizer: [Batch] No response from API (attempt 1/3)
[18:14:52] Summarizer: [Batch] Fallback attempt with G4F
[18:14:58] Summarizer: [Batch] All backends (primary + fallbacks) exhausted.
[18:14:59] Summarizer: [Batch] No response from API (attempt 2/3)
[18:15:04] Summarizer: [Batch] No response from API (attempt 1/3)
[18:15:10] Summarizer: [Batch] No response from API (attempt 3/3)
[18:15:10] Summarizer: [Batch] Primary backend (Free Gemini Pool (Flash 2.5)) exhausted retries. Trying fallbacks...
[18:15:10] Summarizer: [Batch] Fallback attempt with Gemini Selenium
[18:15:15] Summarizer: [Batch] No response from API (attempt 2/3)
[18:15:16] Summarizer: [Batch] Fallback attempt with G4F
[18:15:21] Summarizer: [Batch] All backends (primary + fallbacks) exhausted.
[18:15:25] Summarizer: [Batch] No response from API (attempt 3/3)
[18:15:25] Summarizer: [Batch] Primary backend (Free Gemini Pool (Flash 2.5)) exhausted retries. Trying fallbacks...
[18:15:25] Summarizer: [Batch] Fallback attempt with Gemini Selenium
[18:15:32] Summarizer: [Batch] Fallback attempt with G4F
[18:15:37] Summarizer: [Batch] All backends (primary + fallbacks) exhausted.

===== PIPELINE RUN START 2026-08-20T18:17:19 [run_pipeline_persistent] =====

--- RSS Fetch Errors at 2026-08-20 18:19:06 ---
Error fetching https://www.economx.hu/feed: Failed to perform, curl: (28) Connection timed out after 10001 milliseconds. See https://curl.se/libcurl/c/libcurl-errors.html first for more details.
Error fetching https://index.hu/tudomany/til/rss/: Failed to perform, curl: (28) Operation timed out after 25002 milliseconds with 0 bytes received. See https://curl.se/libcurl/c/libcurl-errors.html first for more details.
Error fetching https://azutazo.hu/feed: Failed to perform, curl: (28) Operation timed out after 25002 milliseconds with 0 bytes received. See https://curl.se/libcurl/c/libcurl-errors.html first for more details.
[18:19:27] Summarizer: [Batch] No response from API (attempt 1/3)
[18:19:37] Summarizer: [Batch] No response from API (attempt 2/3)
[18:19:48] Summarizer: [Batch] No response from API (attempt 3/3)
[18:19:48] Summarizer: [Batch] Primary backend (Free Gemini Pool (Flash 2.5)) exhausted retries. Trying fallbacks...
[18:19:48] Summarizer: [Batch] Fallback attempt with Gemini Selenium
[18:19:55] Summarizer: [Batch] Fallback attempt with G4F
[18:20:00] Summarizer: [Batch] No response from API (attempt 1/3)
[18:20:01] Summarizer: [Batch] All backends (primary + fallbacks) exhausted.
[18:20:10] Summarizer: [Batch] No response from API (attempt 2/3)
[18:20:21] Summarizer: [Batch] No response from API (attempt 3/3)
[18:20:21] Summarizer: [Batch] Primary backend (Free Gemini Pool (Flash 2.5)) exhausted retries. Trying fallbacks...
[18:20:21] Summarizer: [Batch] Fallback attempt with Gemini Selenium
[18:20:28] Summarizer: [Batch] Fallback attempt with G4F
[18:20:33] Summarizer: [Batch] All backends (primary + fallbacks) exhausted.

===== PIPELINE RUN START 2026-08-20T18:22:20 [run_pipeline_persistent] =====

--- RSS Fetch Errors at 2026-08-20 18:23:56 ---
Error fetching https://www.playboy.com/read/sex-relationships/feed: Failed to perform, curl: (28) Connection timed out after 10002 milliseconds. See https://curl.se/libcurl/c/libcurl-errors.html first for more details.
[18:24:17] Summarizer: [Batch] No response from API (attempt 1/3)
[18:24:28] Summarizer: [Batch] No response from API (attempt 2/3)
[18:24:39] Summarizer: [Batch] No response from API (attempt 3/3)
[18:24:39] Summarizer: [Batch] Primary backend (Free Gemini Pool (Flash 2.5)) exhausted retries. Trying fallbacks...
[18:24:39] Summarizer: [Batch] Fallback attempt with Gemini Selenium
[18:24:45] Summarizer: [Batch] Fallback attempt with G4F
[18:24:50] Summarizer: [Batch] No response from API (attempt 1/3)
[18:24:51] Summarizer: [Batch] All backends (primary + fallbacks) exhausted.
[18:25:01] Summarizer: [Batch] No response from API (attempt 2/3)
[18:25:12] Summarizer: [Batch] No response from API (attempt 3/3)
[18:25:12] Summarizer: [Batch] Primary backend (Free Gemini Pool (Flash 2.5)) exhausted retries. Trying fallbacks...
[18:25:12] Summarizer: [Batch] Fallback attempt with Gemini Selenium
[18:25:18] Summarizer: [Batch] Fallback attempt with G4F
[18:25:23] Summarizer: [Batch] All backends (primary + fallbacks) exhausted.

===== PIPELINE RUN START 2026-08-20T18:27:21 [run_pipeline_persistent] =====

--- RSS Fetch Errors at 2026-08-20 18:28:50 ---
Error fetching https://mafab.hu/rss: Failed to perform, curl: (28) Connection timed out after 10002 milliseconds. See https://curl.se/libcurl/c/libcurl-errors.html first for more details.
Error fetching https://player.hu/feed: Failed to perform, curl: (28) Operation timed out after 25002 milliseconds with 0 bytes received. See https://curl.se/libcurl/c/libcurl-errors.html first for more details.
[18:29:12] Summarizer: [Batch] No response from API (attempt 1/3)
[18:29:22] Summarizer: [Batch] No response from API (attempt 2/3)
[18:29:33] Summarizer: [Batch] No response from API (attempt 3/3)
[18:29:33] Summarizer: [Batch] Primary backend (Free Gemini Pool (Flash 2.5)) exhausted retries. Trying fallbacks...
[18:29:33] Summarizer: [Batch] Fallback attempt with Gemini Selenium
[18:29:40] Summarizer: [Batch] Fallback attempt with G4F
[18:29:45] Summarizer: [Batch] No response from API (attempt 1/3)
[18:29:46] Summarizer: [Batch] All backends (primary + fallbacks) exhausted.
[18:29:52] Summarizer: [Batch] No response from API (attempt 1/3)
[18:29:56] Summarizer: [Batch] No response from API (attempt 2/3)
[18:30:02] Summarizer: [Batch] No response from API (attempt 2/3)
[18:30:06] Summarizer: [Batch] No response from API (attempt 3/3)
[18:30:06] Summarizer: [Batch] Primary backend (Free Gemini Pool (Flash 2.5)) exhausted retries. Trying fallbacks...
[18:30:06] Summarizer: [Batch] Fallback attempt with Gemini Selenium
[18:30:13] Summarizer: [Batch] Fallback attempt with G4F
[18:30:13] Summarizer: [Batch] No response from API (attempt 3/3)
[18:30:13] Summarizer: [Batch] Primary backend (Free Gemini Pool (Flash 2.5)) exhausted retries. Trying fallbacks...
[18:30:13] Summarizer: [Batch] Fallback attempt with Gemini Selenium
[18:30:14] Summarizer: [Batch] No response from API (attempt 1/3)
[18:30:18] Summarizer: [Batch] All backends (primary + fallbacks) exhausted.
[18:30:19] Summarizer: [Batch] Fallback attempt with G4F
[18:30:24] Summarizer: [Batch] All backends (primary + fallbacks) exhausted.
[18:30:25] Summarizer: [Batch] No response from API (attempt 2/3)
[18:30:35] Summarizer: [Batch] No response from API (attempt 3/3)
[18:30:35] Summarizer: [Batch] Primary backend (Free Gemini Pool (Flash 2.5)) exhausted retries. Trying fallbacks...
[18:30:35] Summarizer: [Batch] Fallback attempt with Gemini Selenium
[18:30:42] Summarizer: [Batch] Fallback attempt with G4F
[18:30:47] Summarizer: [Batch] All backends (primary + fallbacks) exhausted.

===== PIPELINE RUN START 2026-08-20T18:32:22 [run_pipeline_persistent] =====
[18:34:19] Summarizer: [Batch] No response from API (attempt 1/3)
[18:34:30] Summarizer: [Batch] No response from API (attempt 2/3)
[18:34:41] Summarizer: [Batch] No response from API (attempt 3/3)
[18:34:41] Summarizer: [Batch] Primary backend (Free Gemini Pool (Flash 2.5)) exhausted retries. Trying fallbacks...
[18:34:41] Summarizer: [Batch] Fallback attempt with Gemini Selenium
[18:34:48] Summarizer: [Batch] No response from API (attempt 1/3)
[18:34:48] Summarizer: [Batch] Fallback attempt with G4F
[18:34:54] Summarizer: [Batch] All backends (primary + fallbacks) exhausted.
[18:34:58] Summarizer: [Batch] No response from API (attempt 2/3)
[18:35:00] Summarizer: [Batch] No response from API (attempt 1/3)
[18:35:09] Summarizer: [Batch] No response from API (attempt 3/3)
[18:35:09] Summarizer: [Batch] Primary backend (Free Gemini Pool (Flash 2.5)) exhausted retries. Trying fallbacks...
[18:35:09] Summarizer: [Batch] Fallback attempt with Gemini Selenium
[18:35:11] Summarizer: [Batch] No response from API (attempt 2/3)
[18:35:16] Summarizer: [Batch] Fallback attempt with G4F
[18:35:19] Summarizer: [Batch] No response from API (attempt 1/3)
[18:35:21] Summarizer: [Batch] All backends (primary + fallbacks) exhausted.
[18:35:22] Summarizer: [Batch] No response from API (attempt 3/3)
[18:35:22] Summarizer: [Batch] Primary backend (Free Gemini Pool (Flash 2.5)) exhausted retries. Trying fallbacks...
[18:35:22] Summarizer: [Batch] Fallback attempt with Gemini Selenium
[18:35:28] Summarizer: [Batch] Fallback attempt with G4F
[18:35:30] Summarizer: [Batch] No response from API (attempt 2/3)
[18:35:34] Summarizer: [Batch] All backends (primary + fallbacks) exhausted.
[18:35:40] Summarizer: [Batch] No response from API (attempt 3/3)
[18:35:40] Summarizer: [Batch] Primary backend (Free Gemini Pool (Flash 2.5)) exhausted retries. Trying fallbacks...
[18:35:40] Summarizer: [Batch] Fallback attempt with Gemini Selenium
[18:35:47] Summarizer: [Batch] Fallback attempt with G4F
[18:35:52] Summarizer: [Batch] All backends (primary + fallbacks) exhausted.

===== PIPELINE RUN START 2026-08-20T18:37:23 [run_pipeline_persistent] =====
[18:39:32] Summarizer: [Batch] No response from API (attempt 1/3)
[18:39:43] Summarizer: [Batch] No response from API (attempt 2/3)
[18:39:53] Summarizer: [Batch] No response from API (attempt 3/3)
[18:39:53] Summarizer: [Batch] Primary backend (Free Gemini Pool (Flash 2.5)) exhausted retries. Trying fallbacks...
[18:39:53] Summarizer: [Batch] Fallback attempt with Gemini Selenium
[18:40:00] Summarizer: [Batch] Fallback attempt with G4F
[18:40:00] Summarizer: [Batch] No response from API (attempt 1/3)
[18:40:06] Summarizer: [Batch] All backends (primary + fallbacks) exhausted.
[18:40:11] Summarizer: [Batch] No response from API (attempt 2/3)
[18:40:12] Summarizer: [Batch] No response from API (attempt 1/3)
[18:40:21] Summarizer: [Batch] No response from API (attempt 3/3)
[18:40:21] Summarizer: [Batch] Primary backend (Free Gemini Pool (Flash 2.5)) exhausted retries. Trying fallbacks...
[18:40:21] Summarizer: [Batch] Fallback attempt with Gemini Selenium
[18:40:23] Summarizer: [Batch] No response from API (attempt 2/3)
[18:40:28] Summarizer: [Batch] Fallback attempt with G4F
[18:40:31] Summarizer: [Batch] No response from API (attempt 1/3)
[18:40:33] Summarizer: [Batch] All backends (primary + fallbacks) exhausted.
[18:40:34] Summarizer: [Batch] No response from API (attempt 3/3)
[18:40:34] Summarizer: [Batch] Primary backend (Free Gemini Pool (Flash 2.5)) exhausted retries. Trying fallbacks...
[18:40:34] Summarizer: [Batch] Fallback attempt with Gemini Selenium
[18:40:40] Summarizer: [Batch] Fallback attempt with G4F
[18:40:42] Summarizer: [Batch] No response from API (attempt 2/3)
[18:40:45] Summarizer: [Batch] All backends (primary + fallbacks) exhausted.
[18:40:52] Summarizer: [Batch] No response from API (attempt 3/3)
[18:40:52] Summarizer: [Batch] Primary backend (Free Gemini Pool (Flash 2.5)) exhausted retries. Trying fallbacks...
[18:40:52] Summarizer: [Batch] Fallback attempt with Gemini Selenium
[18:40:59] Summarizer: [Batch] Fallback attempt with G4F
[18:41:04] Summarizer: [Batch] All backends (primary + fallbacks) exhausted.

===== PIPELINE RUN START 2026-08-20T18:42:24 [run_pipeline_persistent] =====

--- RSS Fetch Errors at 2026-08-20 18:44:32 ---
Error fetching https://www.hwsw.hu/xml/latest_news_rss.xml: Failed to perform, curl: (28) Connection timed out after 10002 milliseconds. See https://curl.se/libcurl/c/libcurl-errors.html first for more details.
Error fetching https://www.maxim.com/feed: Failed to perform, curl: (28) Connection timed out after 10002 milliseconds. See https://curl.se/libcurl/c/libcurl-errors.html first for more details.
Error fetching https://azutazo.hu/feed: Failed to perform, curl: (28) Connection timed out after 10002 milliseconds. See https://curl.se/libcurl/c/libcurl-errors.html first for more details.
[18:44:52] Summarizer: [Batch] No response from API (attempt 1/3)
[18:45:03] Summarizer: [Batch] No response from API (attempt 2/3)
[18:45:14] Summarizer: [Batch] No response from API (attempt 3/3)
[18:45:14] Summarizer: [Batch] Primary backend (Free Gemini Pool (Flash 2.5)) exhausted retries. Trying fallbacks...
[18:45:14] Summarizer: [Batch] Fallback attempt with Gemini Selenium
[18:45:20] Summarizer: [Batch] Fallback attempt with G4F
[18:45:26] Summarizer: [Batch] No response from API (attempt 1/3)
[18:45:27] Summarizer: [Batch] All backends (primary + fallbacks) exhausted.
[18:45:37] Summarizer: [Batch] No response from API (attempt 2/3)
[18:45:48] Summarizer: [Batch] No response from API (attempt 3/3)
[18:45:48] Summarizer: [Batch] Primary backend (Free Gemini Pool (Flash 2.5)) exhausted retries. Trying fallbacks...
[18:45:48] Summarizer: [Batch] Fallback attempt with Gemini Selenium
[18:45:54] Summarizer: [Batch] Fallback attempt with G4F
[18:46:00] Summarizer: [Batch] All backends (primary + fallbacks) exhausted.

===== PIPELINE RUN START 2026-08-20T18:47:25 [run_pipeline_persistent] =====

--- RSS Fetch Errors at 2026-08-20 18:49:01 ---
Error fetching https://www.economx.hu/feed: Failed to perform, curl: (28) Connection timed out after 10002 milliseconds. See https://curl.se/libcurl/c/libcurl-errors.html first for more details.
Error fetching https://index.hu/tudomany/til/rss/: Failed to perform, curl: (28) Connection timed out after 10003 milliseconds. See https://curl.se/libcurl/c/libcurl-errors.html first for more details.
[18:49:22] Summarizer: [Batch] No response from API (attempt 1/3)
[18:49:33] Summarizer: [Batch] No response from API (attempt 2/3)
[18:49:43] Summarizer: [Batch] No response from API (attempt 3/3)
[18:49:43] Summarizer: [Batch] Primary backend (Free Gemini Pool (Flash 2.5)) exhausted retries. Trying fallbacks...
[18:49:43] Summarizer: [Batch] Fallback attempt with Gemini Selenium
[18:49:50] Summarizer: [Batch] Fallback attempt with G4F
[18:49:50] Summarizer: [Batch] No response from API (attempt 1/3)
[18:49:56] Summarizer: [Batch] All backends (primary + fallbacks) exhausted.
[18:50:01] Summarizer: [Batch] No response from API (attempt 2/3)
[18:50:12] Summarizer: [Batch] No response from API (attempt 3/3)
[18:50:12] Summarizer: [Batch] Primary backend (Free Gemini Pool (Flash 2.5)) exhausted retries. Trying fallbacks...
[18:50:12] Summarizer: [Batch] Fallback attempt with Gemini Selenium
[18:50:18] Summarizer: [Batch] Fallback attempt with G4F
[18:50:24] Summarizer: [Batch] All backends (primary + fallbacks) exhausted.

===== PIPELINE RUN START 2026-08-20T18:52:27 [run_pipeline_persistent] =====

--- RSS Fetch Errors at 2026-08-20 18:53:58 ---
Error fetching https://sokszinuvidek.24.hu/?oembed=true&format=xml&url=https%3A%2F%2Fsokszinuvidek.24.hu%2F: Failed to perform, curl: (28) Connection timed out after 10003 milliseconds. See https://curl.se/libcurl/c/libcurl-errors.html first for more details.
[18:54:20] Summarizer: [Batch] No response from API (attempt 1/3)
[18:54:31] Summarizer: [Batch] No response from API (attempt 2/3)
[18:54:42] Summarizer: [Batch] No response from API (attempt 3/3)
[18:54:42] Summarizer: [Batch] Primary backend (Free Gemini Pool (Flash 2.5)) exhausted retries. Trying fallbacks...
[18:54:42] Summarizer: [Batch] Fallback attempt with Gemini Selenium
[18:54:49] Summarizer: [Batch] Fallback attempt with G4F
[18:54:53] Summarizer: [Batch] No response from API (attempt 1/3)
[18:54:55] Summarizer: [Batch] All backends (primary + fallbacks) exhausted.
[18:55:04] Summarizer: [Batch] No response from API (attempt 2/3)
[18:55:14] Summarizer: [Batch] No response from API (attempt 3/3)
[18:55:14] Summarizer: [Batch] Primary backend (Free Gemini Pool (Flash 2.5)) exhausted retries. Trying fallbacks...
[18:55:14] Summarizer: [Batch] Fallback attempt with Gemini Selenium
[18:55:21] Summarizer: [Batch] Fallback attempt with G4F
[18:55:26] Summarizer: [Batch] All backends (primary + fallbacks) exhausted.

===== PIPELINE RUN START 2026-08-20T18:57:29 [run_pipeline_persistent] =====

--- RSS Fetch Errors at 2026-08-20 18:59:03 ---
Error fetching https://sokszinuvidek.24.hu/feed/: Failed to perform, curl: (28) Connection timed out after 10003 milliseconds. See https://curl.se/libcurl/c/libcurl-errors.html first for more details.
[18:59:24] Summarizer: [Batch] No response from API (attempt 1/3)
[18:59:34] Summarizer: [Batch] No response from API (attempt 2/3)
[18:59:45] Summarizer: [Batch] No response from API (attempt 3/3)
[18:59:45] Summarizer: [Batch] Primary backend (Free Gemini Pool (Flash 2.5)) exhausted retries. Trying fallbacks...
[18:59:45] Summarizer: [Batch] Fallback attempt with Gemini Selenium
[18:59:52] Summarizer: [Batch] Fallback attempt with G4F
[18:59:57] Summarizer: [Batch] No response from API (attempt 1/3)
[18:59:58] Summarizer: [Batch] All backends (primary + fallbacks) exhausted.
[19:00:07] Summarizer: [Batch] No response from API (attempt 2/3)
[19:00:18] Summarizer: [Batch] No response from API (attempt 3/3)
[19:00:18] Summarizer: [Batch] Primary backend (Free Gemini Pool (Flash 2.5)) exhausted retries. Trying fallbacks...
[19:00:18] Summarizer: [Batch] Fallback attempt with Gemini Selenium
[19:00:24] Summarizer: [Batch] Fallback attempt with G4F
[19:00:29] Summarizer: [Batch] All backends (primary + fallbacks) exhausted.

===== PIPELINE RUN START 2026-08-20T19:02:32 [run_pipeline_persistent] =====
[19:04:27] Summarizer: [Batch] No response from API (attempt 1/3)
[19:04:37] Summarizer: [Batch] No response from API (attempt 2/3)
[19:04:48] Summarizer: [Batch] No response from API (attempt 3/3)
[19:04:48] Summarizer: [Batch] Primary backend (Free Gemini Pool (Flash 2.5)) exhausted retries. Trying fallbacks...
[19:04:48] Summarizer: [Batch] Fallback attempt with Gemini Selenium
[19:04:55] Summarizer: [Batch] Fallback attempt with G4F
[19:04:55] Summarizer: [Batch] No response from API (attempt 1/3)
[19:05:01] Summarizer: [Batch] All backends (primary + fallbacks) exhausted.
[19:05:06] Summarizer: [Batch] No response from API (attempt 2/3)
[19:05:07] Summarizer: [Batch] No response from API (attempt 1/3)
[19:05:17] Summarizer: [Batch] No response from API (attempt 3/3)
[19:05:17] Summarizer: [Batch] Primary backend (Free Gemini Pool (Flash 2.5)) exhausted retries. Trying fallbacks...
[19:05:17] Summarizer: [Batch] Fallback attempt with Gemini Selenium
[19:05:18] Summarizer: [Batch] No response from API (attempt 2/3)
[19:05:23] Summarizer: [Batch] Fallback attempt with G4F
[19:05:29] Summarizer: [Batch] All backends (primary + fallbacks) exhausted.
[19:05:29] Summarizer: [Batch] No response from API (attempt 3/3)
[19:05:29] Summarizer: [Batch] Primary backend (Free Gemini Pool (Flash 2.5)) exhausted retries. Trying fallbacks...
[19:05:29] Summarizer: [Batch] Fallback attempt with Gemini Selenium
[19:05:35] Summarizer: [Batch] Fallback attempt with G4F
[19:05:40] Summarizer: [Batch] All backends (primary + fallbacks) exhausted.

===== PIPELINE RUN START 2026-08-20T19:07:34 [run_pipeline_persistent] =====
[19:09:23] Summarizer: [Batch] No response from API (attempt 1/3)
[19:09:34] Summarizer: [Batch] No response from API (attempt 2/3)
[19:09:45] Summarizer: [Batch] No response from API (attempt 3/3)
[19:09:45] Summarizer: [Batch] Primary backend (Free Gemini Pool (Flash 2.5)) exhausted retries. Trying fallbacks...
[19:09:45] Summarizer: [Batch] Fallback attempt with Gemini Selenium
[19:09:51] Summarizer: [Batch] Fallback attempt with G4F
[19:09:52] Summarizer: [Batch] No response from API (attempt 1/3)
[19:09:57] Summarizer: [Batch] All backends (primary + fallbacks) exhausted.
[19:09:58] Summarizer: [Batch] No response from API (attempt 1/3)
[19:10:03] Summarizer: [Batch] No response from API (attempt 2/3)
[19:10:09] Summarizer: [Batch] No response from API (attempt 2/3)
[19:10:14] Summarizer: [Batch] No response from API (attempt 3/3)
[19:10:14] Summarizer: [Batch] Primary backend (Free Gemini Pool (Flash 2.5)) exhausted retries. Trying fallbacks...
[19:10:14] Summarizer: [Batch] Fallback attempt with Gemini Selenium
[19:10:20] Summarizer: [Batch] No response from API (attempt 3/3)
[19:10:20] Summarizer: [Batch] Primary backend (Free Gemini Pool (Flash 2.5)) exhausted retries. Trying fallbacks...
[19:10:20] Summarizer: [Batch] Fallback attempt with Gemini Selenium
[19:10:21] Summarizer: [Batch] Fallback attempt with G4F
[19:10:23] Summarizer: [Batch] No response from API (attempt 1/3)
[19:10:26] Summarizer: [Batch] All backends (primary + fallbacks) exhausted.
[19:10:27] Summarizer: [Batch] Fallback attempt with G4F
[19:10:32] Summarizer: [Batch] All backends (primary + fallbacks) exhausted.
[19:10:34] Summarizer: [Batch] No response from API (attempt 2/3)
[19:10:44] Summarizer: [Batch] No response from API (attempt 3/3)
[19:10:44] Summarizer: [Batch] Primary backend (Free Gemini Pool (Flash 2.5)) exhausted retries. Trying fallbacks...
[19:10:44] Summarizer: [Batch] Fallback attempt with Gemini Selenium
[19:10:51] Summarizer: [Batch] Fallback attempt with G4F
[19:10:56] Summarizer: [Batch] All backends (primary + fallbacks) exhausted.

===== PIPELINE RUN START 2026-08-20T19:12:36 [run_pipeline_persistent] =====
[19:14:24] Summarizer: [Batch] No response from API (attempt 1/3)
[19:14:35] Summarizer: [Batch] No response from API (attempt 2/3)
[19:14:46] Summarizer: [Batch] No response from API (attempt 3/3)
[19:14:46] Summarizer: [Batch] Primary backend (Free Gemini Pool (Flash 2.5)) exhausted retries. Trying fallbacks...
[19:14:46] Summarizer: [Batch] Fallback attempt with Gemini Selenium
[19:14:53] Summarizer: [Batch] Fallback attempt with G4F
[19:14:53] Summarizer: [Batch] No response from API (attempt 1/3)
[19:14:58] Summarizer: [Batch] All backends (primary + fallbacks) exhausted.
[19:15:03] Summarizer: [Batch] No response from API (attempt 2/3)
[19:15:05] Summarizer: [Batch] No response from API (attempt 1/3)
[19:15:14] Summarizer: [Batch] No response from API (attempt 3/3)
[19:15:14] Summarizer: [Batch] Primary backend (Free Gemini Pool (Flash 2.5)) exhausted retries. Trying fallbacks...
[19:15:14] Summarizer: [Batch] Fallback attempt with Gemini Selenium
[19:15:15] Summarizer: [Batch] No response from API (attempt 2/3)
[19:15:21] Summarizer: [Batch] Fallback attempt with G4F
[19:15:26] Summarizer: [Batch] No response from API (attempt 3/3)
[19:15:26] Summarizer: [Batch] Primary backend (Free Gemini Pool (Flash 2.5)) exhausted retries. Trying fallbacks...
[19:15:26] Summarizer: [Batch] Fallback attempt with Gemini Selenium
[19:15:26] Summarizer: [Batch] All backends (primary + fallbacks) exhausted.
[19:15:33] Summarizer: [Batch] Fallback attempt with G4F
[19:15:38] Summarizer: [Batch] All backends (primary + fallbacks) exhausted.

===== PIPELINE RUN START 2026-08-20T19:17:38 [run_pipeline_persistent] =====
[19:19:30] Summarizer: [Batch] No response from API (attempt 1/3)
[19:19:41] Summarizer: [Batch] No response from API (attempt 2/3)
[19:19:52] Summarizer: [Batch] No response from API (attempt 3/3)
[19:19:52] Summarizer: [Batch] Primary backend (Free Gemini Pool (Flash 2.5)) exhausted retries. Trying fallbacks...
[19:19:52] Summarizer: [Batch] Fallback attempt with Gemini Selenium
[19:19:59] Summarizer: [Batch] Fallback attempt with G4F
[19:20:03] Summarizer: [Batch] No response from API (attempt 1/3)
[19:20:05] Summarizer: [Batch] All backends (primary + fallbacks) exhausted.
[19:20:14] Summarizer: [Batch] No response from API (attempt 2/3)
[19:20:25] Summarizer: [Batch] No response from API (attempt 3/3)
[19:20:25] Summarizer: [Batch] Primary backend (Free Gemini Pool (Flash 2.5)) exhausted retries. Trying fallbacks...
[19:20:25] Summarizer: [Batch] Fallback attempt with Gemini Selenium
[19:20:31] Summarizer: [Batch] Fallback attempt with G4F
[19:20:36] Summarizer: [Batch] All backends (primary + fallbacks) exhausted.

===== PIPELINE RUN START 2026-08-20T19:22:40 [run_pipeline_persistent] =====
[19:25:38] Summarizer: [Batch] No response from API (attempt 1/3)
[19:25:49] Summarizer: [Batch] No response from API (attempt 2/3)
[19:26:00] Summarizer: [Batch] No response from API (attempt 3/3)
[19:26:00] Summarizer: [Batch] Primary backend (Free Gemini Pool (Flash 2.5)) exhausted retries. Trying fallbacks...
[19:26:00] Summarizer: [Batch] Fallback attempt with Gemini Selenium
[19:26:07] Summarizer: [Batch] Fallback attempt with G4F
[19:26:08] Summarizer: [Batch] No response from API (attempt 1/3)
[19:26:13] Summarizer: [Batch] All backends (primary + fallbacks) exhausted.
[19:26:19] Summarizer: [Batch] No response from API (attempt 2/3)
[19:26:29] Summarizer: [Batch] No response from API (attempt 3/3)
[19:26:29] Summarizer: [Batch] Primary backend (Free Gemini Pool (Flash 2.5)) exhausted retries. Trying fallbacks...
[19:26:29] Summarizer: [Batch] Fallback attempt with Gemini Selenium
[19:26:36] Summarizer: [Batch] Fallback attempt with G4F
[19:26:41] Summarizer: [Batch] All backends (primary + fallbacks) exhausted.

===== PIPELINE RUN START 2026-08-20T19:27:41 [run_pipeline_persistent] =====
[19:29:35] Summarizer: [Batch] No response from API (attempt 1/3)
[19:29:46] Summarizer: [Batch] No response from API (attempt 2/3)
[19:29:57] Summarizer: [Batch] No response from API (attempt 3/3)
[19:29:57] Summarizer: [Batch] Primary backend (Free Gemini Pool (Flash 2.5)) exhausted retries. Trying fallbacks...
[19:29:57] Summarizer: [Batch] Fallback attempt with Gemini Selenium
[19:30:03] Summarizer: [Batch] Fallback attempt with G4F
[19:30:06] Summarizer: [Batch] No response from API (attempt 1/3)
[19:30:10] Summarizer: [Batch] All backends (primary + fallbacks) exhausted.
[19:30:16] Summarizer: [Batch] No response from API (attempt 1/3)
[19:30:17] Summarizer: [Batch] No response from API (attempt 2/3)
[19:30:26] Summarizer: [Batch] No response from API (attempt 2/3)
[19:30:28] Summarizer: [Batch] No response from API (attempt 3/3)
[19:30:28] Summarizer: [Batch] Primary backend (Free Gemini Pool (Flash 2.5)) exhausted retries. Trying fallbacks...
[19:30:28] Summarizer: [Batch] Fallback attempt with Gemini Selenium
[19:30:35] Summarizer: [Batch] Fallback attempt with G4F
[19:30:37] Summarizer: [Batch] No response from API (attempt 3/3)
[19:30:37] Summarizer: [Batch] Primary backend (Free Gemini Pool (Flash 2.5)) exhausted retries. Trying fallbacks...
[19:30:37] Summarizer: [Batch] Fallback attempt with Gemini Selenium
[19:30:40] Summarizer: [Batch] All backends (primary + fallbacks) exhausted.
[19:30:44] Summarizer: [Batch] Fallback attempt with G4F
[19:30:49] Summarizer: [Batch] All backends (primary + fallbacks) exhausted.

===== PIPELINE RUN START 2026-08-20T19:32:43 [run_pipeline_persistent] =====

--- RSS Fetch Errors at 2026-08-20 19:34:30 ---
Error fetching https://wmn.hu/feed/: Failed to perform, curl: (28) Connection timed out after 10002 milliseconds. See https://curl.se/libcurl/c/libcurl-errors.html first for more details.
Error fetching https://quirkofhistory.com/feed.xml: Failed to perform, curl: (28) Connection timed out after 10002 milliseconds. See https://curl.se/libcurl/c/libcurl-errors.html first for more details.
[19:34:54] Summarizer: [Batch] No response from API (attempt 1/3)
[19:35:05] Summarizer: [Batch] No response from API (attempt 2/3)
[19:35:16] Summarizer: [Batch] No response from API (attempt 3/3)
[19:35:16] Summarizer: [Batch] Primary backend (Free Gemini Pool (Flash 2.5)) exhausted retries. Trying fallbacks...
[19:35:16] Summarizer: [Batch] Fallback attempt with Gemini Selenium
[19:35:23] Summarizer: [Batch] Fallback attempt with G4F
[19:35:24] Summarizer: [Batch] No response from API (attempt 1/3)
[19:35:29] Summarizer: [Batch] All backends (primary + fallbacks) exhausted.
[19:35:35] Summarizer: [Batch] No response from API (attempt 2/3)
[19:35:46] Summarizer: [Batch] No response from API (attempt 3/3)
[19:35:46] Summarizer: [Batch] Primary backend (Free Gemini Pool (Flash 2.5)) exhausted retries. Trying fallbacks...
[19:35:46] Summarizer: [Batch] Fallback attempt with Gemini Selenium
[19:35:52] Summarizer: [Batch] Fallback attempt with G4F
[19:35:57] Summarizer: [Batch] All backends (primary + fallbacks) exhausted.

===== PIPELINE RUN START 2026-08-20T19:37:44 [run_pipeline_persistent] =====
[19:39:40] Summarizer: [Batch] No response from API (attempt 1/3)
[19:39:51] Summarizer: [Batch] No response from API (attempt 2/3)
[19:40:01] Summarizer: [Batch] No response from API (attempt 3/3)
[19:40:01] Summarizer: [Batch] Primary backend (Free Gemini Pool (Flash 2.5)) exhausted retries. Trying fallbacks...
[19:40:01] Summarizer: [Batch] Fallback attempt with Gemini Selenium
[19:40:08] Summarizer: [Batch] No response from API (attempt 1/3)
[19:40:08] Summarizer: [Batch] Fallback attempt with G4F
[19:40:14] Summarizer: [Batch] All backends (primary + fallbacks) exhausted.
[19:40:19] Summarizer: [Batch] No response from API (attempt 2/3)
[19:40:20] Summarizer: [Batch] No response from API (attempt 1/3)
[19:40:29] Summarizer: [Batch] No response from API (attempt 3/3)
[19:40:29] Summarizer: [Batch] Primary backend (Free Gemini Pool (Flash 2.5)) exhausted retries. Trying fallbacks...
[19:40:29] Summarizer: [Batch] Fallback attempt with Gemini Selenium
[19:40:31] Summarizer: [Batch] No response from API (attempt 2/3)
[19:40:36] Summarizer: [Batch] Fallback attempt with G4F
[19:40:41] Summarizer: [Batch] All backends (primary + fallbacks) exhausted.
[19:40:42] Summarizer: [Batch] No response from API (attempt 3/3)
[19:40:42] Summarizer: [Batch] Primary backend (Free Gemini Pool (Flash 2.5)) exhausted retries. Trying fallbacks...
[19:40:42] Summarizer: [Batch] Fallback attempt with Gemini Selenium
[19:40:48] Summarizer: [Batch] Fallback attempt with G4F
[19:40:54] Summarizer: [Batch] All backends (primary + fallbacks) exhausted.

===== PIPELINE RUN START 2026-08-20T19:42:46 [run_pipeline_persistent] =====

--- RSS Fetch Errors at 2026-08-20 19:44:23 ---
Error fetching https://femina.hu/24ora/rss.xml: Failed to perform, curl: (28) Connection timed out after 10003 milliseconds. See https://curl.se/libcurl/c/libcurl-errors.html first for more details.
Error fetching https://fhm.com/feed: Failed to perform, curl: (28) Connection timed out after 10003 milliseconds. See https://curl.se/libcurl/c/libcurl-errors.html first for more details.
[19:44:46] Summarizer: [Batch] No response from API (attempt 1/3)
[19:44:56] Summarizer: [Batch] No response from API (attempt 2/3)
[19:45:07] Summarizer: [Batch] No response from API (attempt 3/3)
[19:45:07] Summarizer: [Batch] Primary backend (Free Gemini Pool (Flash 2.5)) exhausted retries. Trying fallbacks...
[19:45:07] Summarizer: [Batch] Fallback attempt with Gemini Selenium
[19:45:14] Summarizer: [Batch] Fallback attempt with G4F
[19:45:18] Summarizer: [Batch] No response from API (attempt 1/3)
[19:45:20] Summarizer: [Batch] All backends (primary + fallbacks) exhausted.
[19:45:29] Summarizer: [Batch] No response from API (attempt 2/3)
[19:45:40] Summarizer: [Batch] No response from API (attempt 3/3)
[19:45:40] Summarizer: [Batch] Primary backend (Free Gemini Pool (Flash 2.5)) exhausted retries. Trying fallbacks...
[19:45:40] Summarizer: [Batch] Fallback attempt with Gemini Selenium
[19:45:46] Summarizer: [Batch] Fallback attempt with G4F
[19:45:51] Summarizer: [Batch] All backends (primary + fallbacks) exhausted.

===== PIPELINE RUN START 2026-08-20T19:47:49 [run_pipeline_persistent] =====

--- RSS Fetch Errors at 2026-08-20 19:49:21 ---
Error fetching https://the-zone.hu/feed: Failed to perform, curl: (28) Connection timed out after 10002 milliseconds. See https://curl.se/libcurl/c/libcurl-errors.html first for more details.
[19:49:46] Summarizer: [Batch] No response from API (attempt 1/3)
[19:49:57] Summarizer: [Batch] No response from API (attempt 2/3)
[19:50:08] Summarizer: [Batch] No response from API (attempt 3/3)
[19:50:08] Summarizer: [Batch] Primary backend (Free Gemini Pool (Flash 2.5)) exhausted retries. Trying fallbacks...
[19:50:08] Summarizer: [Batch] Fallback attempt with Gemini Selenium
[19:50:14] Summarizer: [Batch] Fallback attempt with G4F
[19:50:16] Summarizer: [Batch] No response from API (attempt 1/3)
[19:50:20] Summarizer: [Batch] All backends (primary + fallbacks) exhausted.
[19:50:27] Summarizer: [Batch] No response from API (attempt 2/3)
[19:50:38] Summarizer: [Batch] No response from API (attempt 3/3)
[19:50:38] Summarizer: [Batch] Primary backend (Free Gemini Pool (Flash 2.5)) exhausted retries. Trying fallbacks...
[19:50:38] Summarizer: [Batch] Fallback attempt with Gemini Selenium
[19:50:44] Summarizer: [Batch] Fallback attempt with G4F
[19:50:49] Summarizer: [Batch] All backends (primary + fallbacks) exhausted.

===== PIPELINE RUN START 2026-08-20T19:52:51 [run_pipeline_persistent] =====

--- RSS Fetch Errors at 2026-08-20 19:54:30 ---
Error fetching https://femina.hu/24ora/rss.xml: Failed to perform, curl: (28) Connection timed out after 10003 milliseconds. See https://curl.se/libcurl/c/libcurl-errors.html first for more details.
Error fetching https://index.hu/tudomany/til/rss/: Failed to perform, curl: (28) Connection timed out after 10001 milliseconds. See https://curl.se/libcurl/c/libcurl-errors.html first for more details.
[19:54:52] Summarizer: [Batch] No response from API (attempt 1/3)
[19:55:03] Summarizer: [Batch] No response from API (attempt 2/3)
[19:55:14] Summarizer: [Batch] No response from API (attempt 3/3)
[19:55:14] Summarizer: [Batch] Primary backend (Free Gemini Pool (Flash 2.5)) exhausted retries. Trying fallbacks...
[19:55:14] Summarizer: [Batch] Fallback attempt with Gemini Selenium
[19:55:20] Summarizer: [Batch] Fallback attempt with G4F
[19:55:25] Summarizer: [Batch] No response from API (attempt 1/3)
[19:55:26] Summarizer: [Batch] All backends (primary + fallbacks) exhausted.
[19:55:33] Summarizer: [Batch] No response from API (attempt 1/3)
[19:55:36] Summarizer: [Batch] No response from API (attempt 2/3)
[19:55:43] Summarizer: [Batch] No response from API (attempt 2/3)
[19:55:47] Summarizer: [Batch] No response from API (attempt 3/3)
[19:55:47] Summarizer: [Batch] Primary backend (Free Gemini Pool (Flash 2.5)) exhausted retries. Trying fallbacks...
[19:55:47] Summarizer: [Batch] Fallback attempt with Gemini Selenium
[19:55:51] Summarizer: [Batch] No response from API (attempt 1/3)
[19:55:54] Summarizer: [Batch] No response from API (attempt 3/3)
[19:55:54] Summarizer: [Batch] Primary backend (Free Gemini Pool (Flash 2.5)) exhausted retries. Trying fallbacks...
[19:55:54] Summarizer: [Batch] Fallback attempt with Gemini Selenium
[19:55:54] Summarizer: [Batch] Fallback attempt with G4F
[19:55:59] Summarizer: [Batch] All backends (primary + fallbacks) exhausted.
[19:56:01] Summarizer: [Batch] Fallback attempt with G4F
[19:56:02] Summarizer: [Batch] No response from API (attempt 2/3)
[19:56:06] Summarizer: [Batch] All backends (primary + fallbacks) exhausted.
[19:56:13] Summarizer: [Batch] No response from API (attempt 3/3)
[19:56:13] Summarizer: [Batch] Primary backend (Free Gemini Pool (Flash 2.5)) exhausted retries. Trying fallbacks...
[19:56:13] Summarizer: [Batch] Fallback attempt with Gemini Selenium
[19:56:19] Summarizer: [Batch] Fallback attempt with G4F
[19:56:24] Summarizer: [Batch] All backends (primary + fallbacks) exhausted.

===== PIPELINE RUN START 2026-08-20T19:57:53 [run_pipeline_persistent] =====
[19:59:49] Summarizer: [Batch] No response from API (attempt 1/3)
[19:59:59] Summarizer: [Batch] No response from API (attempt 2/3)
[20:00:10] Summarizer: [Batch] No response from API (attempt 3/3)
[20:00:10] Summarizer: [Batch] Primary backend (Free Gemini Pool (Flash 2.5)) exhausted retries. Trying fallbacks...
[20:00:10] Summarizer: [Batch] Fallback attempt with Gemini Selenium
[20:00:17] Summarizer: [Batch] No response from API (attempt 1/3)
[20:00:17] Summarizer: [Batch] Fallback attempt with G4F
[20:00:23] Summarizer: [Batch] All backends (primary + fallbacks) exhausted.
[20:00:27] Summarizer: [Batch] No response from API (attempt 2/3)
[20:00:29] Summarizer: [Batch] No response from API (attempt 1/3)
[20:00:38] Summarizer: [Batch] No response from API (attempt 3/3)
[20:00:38] Summarizer: [Batch] Primary backend (Free Gemini Pool (Flash 2.5)) exhausted retries. Trying fallbacks...
[20:00:38] Summarizer: [Batch] Fallback attempt with Gemini Selenium
[20:00:40] Summarizer: [Batch] No response from API (attempt 2/3)
[20:00:45] Summarizer: [Batch] Fallback attempt with G4F
[20:00:50] Summarizer: [Batch] All backends (primary + fallbacks) exhausted.
[20:00:50] Summarizer: [Batch] No response from API (attempt 3/3)
[20:00:50] Summarizer: [Batch] Primary backend (Free Gemini Pool (Flash 2.5)) exhausted retries. Trying fallbacks...
[20:00:51] Summarizer: [Batch] Fallback attempt with Gemini Selenium
[20:00:57] Summarizer: [Batch] Fallback attempt with G4F
[20:01:02] Summarizer: [Batch] All backends (primary + fallbacks) exhausted.

===== PIPELINE RUN START 2026-08-20T20:02:55 [run_pipeline_persistent] =====
[20:04:44] Summarizer: [Batch] No response from API (attempt 1/3)
[20:04:54] Summarizer: [Batch] No response from API (attempt 2/3)
[20:05:05] Summarizer: [Batch] No response from API (attempt 3/3)
[20:05:05] Summarizer: [Batch] Primary backend (Free Gemini Pool (Flash 2.5)) exhausted retries. Trying fallbacks...
[20:05:05] Summarizer: [Batch] Fallback attempt with Gemini Selenium
[20:05:12] Summarizer: [Batch] No response from API (attempt 1/3)
[20:05:12] Summarizer: [Batch] Fallback attempt with G4F
[20:05:18] Summarizer: [Batch] All backends (primary + fallbacks) exhausted.
[20:05:20] Summarizer: [Batch] No response from API (attempt 1/3)
[20:05:22] Summarizer: [Batch] No response from API (attempt 2/3)
[20:05:30] Summarizer: [Batch] No response from API (attempt 2/3)
[20:05:33] Summarizer: [Batch] No response from API (attempt 3/3)
[20:05:33] Summarizer: [Batch] Primary backend (Free Gemini Pool (Flash 2.5)) exhausted retries. Trying fallbacks...
[20:05:33] Summarizer: [Batch] Fallback attempt with Gemini Selenium
[20:05:40] Summarizer: [Batch] Fallback attempt with G4F
[20:05:41] Summarizer: [Batch] No response from API (attempt 3/3)
[20:05:41] Summarizer: [Batch] Primary backend (Free Gemini Pool (Flash 2.5)) exhausted retries. Trying fallbacks...
[20:05:41] Summarizer: [Batch] Fallback attempt with Gemini Selenium
[20:05:42] Summarizer: [Batch] No response from API (attempt 1/3)
[20:05:45] Summarizer: [Batch] All backends (primary + fallbacks) exhausted.
[20:05:48] Summarizer: [Batch] Fallback attempt with G4F
[20:05:53] Summarizer: [Batch] All backends (primary + fallbacks) exhausted.
[20:05:53] Summarizer: [Batch] No response from API (attempt 2/3)
[20:06:04] Summarizer: [Batch] No response from API (attempt 3/3)
[20:06:04] Summarizer: [Batch] Primary backend (Free Gemini Pool (Flash 2.5)) exhausted retries. Trying fallbacks...
[20:06:04] Summarizer: [Batch] Fallback attempt with Gemini Selenium
[20:06:11] Summarizer: [Batch] Fallback attempt with G4F
[20:06:16] Summarizer: [Batch] All backends (primary + fallbacks) exhausted.

===== PIPELINE RUN START 2026-08-20T20:07:56 [run_pipeline_persistent] =====

--- RSS Fetch Errors at 2026-08-20 20:09:29 ---
Error fetching https://index.hu/tudomany/til/rss/: Failed to perform, curl: (28) Operation timed out after 25003 milliseconds with 0 bytes received. See https://curl.se/libcurl/c/libcurl-errors.html first for more details.
[20:09:50] Summarizer: [Batch] No response from API (attempt 1/3)
[20:10:01] Summarizer: [Batch] No response from API (attempt 2/3)
[20:10:12] Summarizer: [Batch] No response from API (attempt 3/3)
[20:10:12] Summarizer: [Batch] Primary backend (Free Gemini Pool (Flash 2.5)) exhausted retries. Trying fallbacks...
[20:10:12] Summarizer: [Batch] Fallback attempt with Gemini Selenium
[20:10:19] Summarizer: [Batch] No response from API (attempt 1/3)
[20:10:19] Summarizer: [Batch] Fallback attempt with G4F
[20:10:25] Summarizer: [Batch] All backends (primary + fallbacks) exhausted.
[20:10:26] Summarizer: [Batch] No response from API (attempt 1/3)
[20:10:29] Summarizer: [Batch] No response from API (attempt 2/3)
[20:10:37] Summarizer: [Batch] No response from API (attempt 2/3)
[20:10:40] Summarizer: [Batch] No response from API (attempt 3/3)
[20:10:40] Summarizer: [Batch] Primary backend (Free Gemini Pool (Flash 2.5)) exhausted retries. Trying fallbacks...
[20:10:40] Summarizer: [Batch] Fallback attempt with Gemini Selenium
[20:10:47] Summarizer: [Batch] Fallback attempt with G4F
[20:10:48] Summarizer: [Batch] No response from API (attempt 3/3)
[20:10:48] Summarizer: [Batch] Primary backend (Free Gemini Pool (Flash 2.5)) exhausted retries. Trying fallbacks...
[20:10:48] Summarizer: [Batch] Fallback attempt with Gemini Selenium
[20:10:52] Summarizer: [Batch] All backends (primary + fallbacks) exhausted.
[20:10:55] Summarizer: [Batch] Fallback attempt with G4F
[20:11:00] Summarizer: [Batch] All backends (primary + fallbacks) exhausted.

===== PIPELINE RUN START 2026-08-20T20:12:58 [run_pipeline_persistent] =====

--- RSS Fetch Errors at 2026-08-20 20:14:28 ---
Error fetching https://www.theguardian.com/europe/rss: Failed to perform, curl: (28) Connection timed out after 10003 milliseconds. See https://curl.se/libcurl/c/libcurl-errors.html first for more details.
[20:14:49] Summarizer: [Batch] No response from API (attempt 1/3)
[20:15:00] Summarizer: [Batch] No response from API (attempt 2/3)
[20:15:11] Summarizer: [Batch] No response from API (attempt 3/3)
[20:15:11] Summarizer: [Batch] Primary backend (Free Gemini Pool (Flash 2.5)) exhausted retries. Trying fallbacks...
[20:15:11] Summarizer: [Batch] Fallback attempt with Gemini Selenium
[20:15:17] Summarizer: [Batch] No response from API (attempt 1/3)
[20:15:17] Summarizer: [Batch] Fallback attempt with G4F
[20:15:23] Summarizer: [Batch] All backends (primary + fallbacks) exhausted.
[20:15:28] Summarizer: [Batch] No response from API (attempt 2/3)
[20:15:30] Summarizer: [Batch] No response from API (attempt 1/3)
[20:15:39] Summarizer: [Batch] No response from API (attempt 3/3)
[20:15:39] Summarizer: [Batch] Primary backend (Free Gemini Pool (Flash 2.5)) exhausted retries. Trying fallbacks...
[20:15:39] Summarizer: [Batch] Fallback attempt with Gemini Selenium
[20:15:41] Summarizer: [Batch] No response from API (attempt 2/3)
[20:15:46] Summarizer: [Batch] Fallback attempt with G4F
[20:15:51] Summarizer: [Batch] All backends (primary + fallbacks) exhausted.
[20:15:51] Summarizer: [Batch] No response from API (attempt 3/3)
[20:15:51] Summarizer: [Batch] Primary backend (Free Gemini Pool (Flash 2.5)) exhausted retries. Trying fallbacks...
[20:15:51] Summarizer: [Batch] Fallback attempt with Gemini Selenium
[20:15:58] Summarizer: [Batch] Fallback attempt with G4F
[20:16:03] Summarizer: [Batch] All backends (primary + fallbacks) exhausted.

===== PIPELINE RUN START 2026-08-20T20:18:01 [run_pipeline_persistent] =====
[20:20:20] Summarizer: [Batch] No response from API (attempt 1/3)
[20:20:31] Summarizer: [Batch] No response from API (attempt 2/3)
[20:20:42] Summarizer: [Batch] No response from API (attempt 3/3)
[20:20:42] Summarizer: [Batch] Primary backend (Free Gemini Pool (Flash 2.5)) exhausted retries. Trying fallbacks...
[20:20:42] Summarizer: [Batch] Fallback attempt with Gemini Selenium
[20:20:48] Summarizer: [Batch] Fallback attempt with G4F
[20:20:53] Summarizer: [Batch] No response from API (attempt 1/3)
[20:20:55] Summarizer: [Batch] All backends (primary + fallbacks) exhausted.
[20:21:03] Summarizer: [Batch] No response from API (attempt 2/3)
[20:21:14] Summarizer: [Batch] No response from API (attempt 3/3)
[20:21:14] Summarizer: [Batch] Primary backend (Free Gemini Pool (Flash 2.5)) exhausted retries. Trying fallbacks...
[20:21:14] Summarizer: [Batch] Fallback attempt with Gemini Selenium
[20:21:21] Summarizer: [Batch] Fallback attempt with G4F
[20:21:26] Summarizer: [Batch] All backends (primary + fallbacks) exhausted.

===== PIPELINE RUN START 2026-08-20T20:23:02 [run_pipeline_persistent] =====
[20:25:22] Summarizer: [Batch] No response from API (attempt 1/3)
[20:25:34] Summarizer: [Batch] No response from API (attempt 2/3)
[20:25:45] Summarizer: [Batch] No response from API (attempt 3/3)
[20:25:45] Summarizer: [Batch] Primary backend (Free Gemini Pool (Flash 2.5)) exhausted retries. Trying fallbacks...
[20:25:45] Summarizer: [Batch] Fallback attempt with Gemini Selenium
[20:25:52] Summarizer: [Batch] Fallback attempt with G4F
[20:25:58] Summarizer: [Batch] All backends (primary + fallbacks) exhausted.

===== PIPELINE RUN START 2026-08-20T20:28:04 [run_pipeline_persistent] =====
[20:30:06] Summarizer: [Batch] No response from API (attempt 1/3)
[20:30:17] Summarizer: [Batch] No response from API (attempt 2/3)
[20:30:29] Summarizer: [Batch] No response from API (attempt 3/3)
[20:30:29] Summarizer: [Batch] Primary backend (Free Gemini Pool (Flash 2.5)) exhausted retries. Trying fallbacks...
[20:30:29] Summarizer: [Batch] Fallback attempt with Gemini Selenium
[20:30:35] Summarizer: [Batch] Fallback attempt with G4F
[20:30:41] Summarizer: [Batch] All backends (primary + fallbacks) exhausted.

===== PIPELINE RUN START 2026-08-20T20:33:07 [run_pipeline_persistent] =====
[20:34:32] Summarizer: [Batch] No response from API (attempt 1/3)
[20:34:42] Summarizer: [Batch] No response from API (attempt 2/3)
[20:34:53] Summarizer: [Batch] No response from API (attempt 3/3)
[20:34:53] Summarizer: [Batch] Primary backend (Free Gemini Pool (Flash 2.5)) exhausted retries. Trying fallbacks...
[20:34:53] Summarizer: [Batch] Fallback attempt with Gemini Selenium
[20:35:00] Summarizer: [Batch] No response from API (attempt 1/3)
[20:35:00] Summarizer: [Batch] Fallback attempt with G4F
[20:35:07] Summarizer: [Batch] All backends (primary + fallbacks) exhausted.
[20:35:11] Summarizer: [Batch] No response from API (attempt 2/3)
[20:35:13] Summarizer: [Batch] No response from API (attempt 1/3)
[20:35:22] Summarizer: [Batch] No response from API (attempt 3/3)
[20:35:22] Summarizer: [Batch] Primary backend (Free Gemini Pool (Flash 2.5)) exhausted retries. Trying fallbacks...
[20:35:22] Summarizer: [Batch] Fallback attempt with Gemini Selenium
[20:35:24] Summarizer: [Batch] No response from API (attempt 2/3)
[20:35:29] Summarizer: [Batch] Fallback attempt with G4F
[20:35:34] Summarizer: [Batch] All backends (primary + fallbacks) exhausted.
[20:35:35] Summarizer: [Batch] No response from API (attempt 3/3)
[20:35:35] Summarizer: [Batch] Primary backend (Free Gemini Pool (Flash 2.5)) exhausted retries. Trying fallbacks...
[20:35:35] Summarizer: [Batch] Fallback attempt with Gemini Selenium
[20:35:42] Summarizer: [Batch] Fallback attempt with G4F
[20:35:47] Summarizer: [Batch] All backends (primary + fallbacks) exhausted.

===== PIPELINE RUN START 2026-08-20T20:38:10 [run_pipeline_persistent] =====

--- RSS Fetch Errors at 2026-08-20 20:40:06 ---
Error fetching https://index.hu/tudomany/til/rss/: Failed to perform, curl: (28) Connection timed out after 10001 milliseconds. See https://curl.se/libcurl/c/libcurl-errors.html first for more details.
Error fetching https://www.economx.hu/feed: Failed to perform, curl: (28) Operation timed out after 25565 milliseconds with 0 bytes received. See https://curl.se/libcurl/c/libcurl-errors.html first for more details.
[20:40:27] Summarizer: [Batch] No response from API (attempt 1/3)
[20:40:37] Summarizer: [Batch] No response from API (attempt 2/3)
[20:40:48] Summarizer: [Batch] No response from API (attempt 3/3)
[20:40:48] Summarizer: [Batch] Primary backend (Free Gemini Pool (Flash 2.5)) exhausted retries. Trying fallbacks...
[20:40:48] Summarizer: [Batch] Fallback attempt with Gemini Selenium
[20:40:55] Summarizer: [Batch] No response from API (attempt 1/3)
[20:40:55] Summarizer: [Batch] Fallback attempt with G4F
[20:41:01] Summarizer: [Batch] All backends (primary + fallbacks) exhausted.
[20:41:06] Summarizer: [Batch] No response from API (attempt 2/3)
[20:41:08] Summarizer: [Batch] No response from API (attempt 1/3)
[20:41:17] Summarizer: [Batch] No response from API (attempt 3/3)
[20:41:17] Summarizer: [Batch] Primary backend (Free Gemini Pool (Flash 2.5)) exhausted retries. Trying fallbacks...
[20:41:17] Summarizer: [Batch] Fallback attempt with Gemini Selenium
[20:41:18] Summarizer: [Batch] No response from API (attempt 2/3)
[20:41:23] Summarizer: [Batch] Fallback attempt with G4F
[20:41:29] Summarizer: [Batch] All backends (primary + fallbacks) exhausted.
[20:41:29] Summarizer: [Batch] No response from API (attempt 3/3)
[20:41:29] Summarizer: [Batch] Primary backend (Free Gemini Pool (Flash 2.5)) exhausted retries. Trying fallbacks...
[20:41:29] Summarizer: [Batch] Fallback attempt with Gemini Selenium
[20:41:36] Summarizer: [Batch] Fallback attempt with G4F
[20:41:41] Summarizer: [Batch] All backends (primary + fallbacks) exhausted.

===== PIPELINE RUN START 2026-08-20T20:43:11 [run_pipeline_persistent] =====
[20:45:02] Summarizer: [Batch] No response from API (attempt 1/3)
[20:45:13] Summarizer: [Batch] No response from API (attempt 2/3)
[20:45:24] Summarizer: [Batch] No response from API (attempt 3/3)
[20:45:24] Summarizer: [Batch] Primary backend (Free Gemini Pool (Flash 2.5)) exhausted retries. Trying fallbacks...
[20:45:24] Summarizer: [Batch] Fallback attempt with Gemini Selenium
[20:45:31] Summarizer: [Batch] Fallback attempt with G4F
[20:45:31] Summarizer: [Batch] No response from API (attempt 1/3)
[20:45:37] Summarizer: [Batch] All backends (primary + fallbacks) exhausted.
[20:45:41] Summarizer: [Batch] No response from API (attempt 2/3)
[20:45:43] Summarizer: [Batch] No response from API (attempt 1/3)
[20:45:52] Summarizer: [Batch] No response from API (attempt 3/3)
[20:45:52] Summarizer: [Batch] Primary backend (Free Gemini Pool (Flash 2.5)) exhausted retries. Trying fallbacks...
[20:45:52] Summarizer: [Batch] Fallback attempt with Gemini Selenium
[20:45:54] Summarizer: [Batch] No response from API (attempt 2/3)
[20:45:59] Summarizer: [Batch] Fallback attempt with G4F
[20:46:04] Summarizer: [Batch] All backends (primary + fallbacks) exhausted.
[20:46:04] Summarizer: [Batch] No response from API (attempt 3/3)
[20:46:04] Summarizer: [Batch] Primary backend (Free Gemini Pool (Flash 2.5)) exhausted retries. Trying fallbacks...
[20:46:04] Summarizer: [Batch] Fallback attempt with Gemini Selenium
[20:46:11] Summarizer: [Batch] Fallback attempt with G4F
[20:46:16] Summarizer: [Batch] All backends (primary + fallbacks) exhausted.

===== PIPELINE RUN START 2026-08-20T20:48:13 [run_pipeline_persistent] =====
[20:50:07] Summarizer: [Batch] No response from API (attempt 1/3)
[20:50:18] Summarizer: [Batch] No response from API (attempt 2/3)
[20:50:29] Summarizer: [Batch] No response from API (attempt 3/3)
[20:50:29] Summarizer: [Batch] Primary backend (Free Gemini Pool (Flash 2.5)) exhausted retries. Trying fallbacks...
[20:50:29] Summarizer: [Batch] Fallback attempt with Gemini Selenium
[20:50:36] Summarizer: [Batch] Fallback attempt with G4F
[20:50:42] Summarizer: [Batch] All backends (primary + fallbacks) exhausted.

===== PIPELINE RUN START 2026-08-20T20:53:15 [run_pipeline_persistent] =====
[20:55:10] Summarizer: [Batch] No response from API (attempt 1/3)
[20:55:21] Summarizer: [Batch] No response from API (attempt 2/3)
[20:55:32] Summarizer: [Batch] No response from API (attempt 3/3)
[20:55:32] Summarizer: [Batch] Primary backend (Free Gemini Pool (Flash 2.5)) exhausted retries. Trying fallbacks...
[20:55:32] Summarizer: [Batch] Fallback attempt with Gemini Selenium
[20:55:39] Summarizer: [Batch] Fallback attempt with G4F
[20:55:41] Summarizer: [Batch] No response from API (attempt 1/3)
[20:55:45] Summarizer: [Batch] All backends (primary + fallbacks) exhausted.
[20:55:52] Summarizer: [Batch] No response from API (attempt 2/3)
[20:56:03] Summarizer: [Batch] No response from API (attempt 3/3)
[20:56:03] Summarizer: [Batch] Primary backend (Free Gemini Pool (Flash 2.5)) exhausted retries. Trying fallbacks...
[20:56:03] Summarizer: [Batch] Fallback attempt with Gemini Selenium
[20:56:09] Summarizer: [Batch] Fallback attempt with G4F
[20:56:14] Summarizer: [Batch] All backends (primary + fallbacks) exhausted.

===== PIPELINE RUN START 2026-08-20T20:58:17 [run_pipeline_persistent] =====
[21:00:09] Summarizer: [Batch] No response from API (attempt 1/3)
[21:00:19] Summarizer: [Batch] No response from API (attempt 2/3)
[21:00:30] Summarizer: [Batch] No response from API (attempt 3/3)
[21:00:30] Summarizer: [Batch] Primary backend (Free Gemini Pool (Flash 2.5)) exhausted retries. Trying fallbacks...
[21:00:30] Summarizer: [Batch] Fallback attempt with Gemini Selenium
[21:00:37] Summarizer: [Batch] Fallback attempt with G4F
[21:00:42] Summarizer: [Batch] No response from API (attempt 1/3)
[21:00:43] Summarizer: [Batch] All backends (primary + fallbacks) exhausted.
[21:00:52] Summarizer: [Batch] No response from API (attempt 2/3)
[21:01:03] Summarizer: [Batch] No response from API (attempt 3/3)
[21:01:03] Summarizer: [Batch] Primary backend (Free Gemini Pool (Flash 2.5)) exhausted retries. Trying fallbacks...
[21:01:03] Summarizer: [Batch] Fallback attempt with Gemini Selenium
[21:01:10] Summarizer: [Batch] Fallback attempt with G4F
[21:01:15] Summarizer: [Batch] All backends (primary + fallbacks) exhausted.

===== PIPELINE RUN START 2026-08-20T21:03:19 [run_pipeline_persistent] =====
[21:05:20] Summarizer: [Batch] No response from API (attempt 1/3)
[21:05:31] Summarizer: [Batch] No response from API (attempt 2/3)
[21:05:42] Summarizer: [Batch] No response from API (attempt 3/3)
[21:05:42] Summarizer: [Batch] Primary backend (Free Gemini Pool (Flash 2.5)) exhausted retries. Trying fallbacks...
[21:05:42] Summarizer: [Batch] Fallback attempt with Gemini Selenium
[21:05:48] Summarizer: [Batch] No response from API (attempt 1/3)
[21:05:48] Summarizer: [Batch] Fallback attempt with G4F
[21:05:54] Summarizer: [Batch] All backends (primary + fallbacks) exhausted.
[21:06:00] Summarizer: [Batch] No response from API (attempt 2/3)
[21:06:01] Summarizer: [Batch] No response from API (attempt 1/3)
[21:06:11] Summarizer: [Batch] No response from API (attempt 3/3)
[21:06:11] Summarizer: [Batch] Primary backend (Free Gemini Pool (Flash 2.5)) exhausted retries. Trying fallbacks...
[21:06:11] Summarizer: [Batch] Fallback attempt with Gemini Selenium
[21:06:11] Summarizer: [Batch] No response from API (attempt 2/3)
[21:06:17] Summarizer: [Batch] Fallback attempt with G4F
[21:06:22] Summarizer: [Batch] No response from API (attempt 3/3)
[21:06:22] Summarizer: [Batch] Primary backend (Free Gemini Pool (Flash 2.5)) exhausted retries. Trying fallbacks...
[21:06:22] Summarizer: [Batch] Fallback attempt with Gemini Selenium
[21:06:22] Summarizer: [Batch] All backends (primary + fallbacks) exhausted.
[21:06:29] Summarizer: [Batch] Fallback attempt with G4F
[21:06:34] Summarizer: [Batch] All backends (primary + fallbacks) exhausted.

===== PIPELINE RUN START 2026-08-20T21:08:21 [run_pipeline_persistent] =====

--- RSS Fetch Errors at 2026-08-20 21:09:56 ---
Error fetching https://sokszinuvidek.24.hu/feed/: Failed to perform, curl: (28) Connection timed out after 10003 milliseconds. See https://curl.se/libcurl/c/libcurl-errors.html first for more details.
Error fetching https://cryptofalka.hu/feed: Failed to perform, curl: (28) Connection timed out after 10003 milliseconds. See https://curl.se/libcurl/c/libcurl-errors.html first for more details.
Error fetching https://quirkofhistory.com/feed.xml: Failed to perform, curl: (28) Connection timed out after 10002 milliseconds. See https://curl.se/libcurl/c/libcurl-errors.html first for more details.
[21:10:17] Summarizer: [Batch] No response from API (attempt 1/3)
[21:10:27] Summarizer: [Batch] No response from API (attempt 2/3)
[21:10:38] Summarizer: [Batch] No response from API (attempt 3/3)
[21:10:38] Summarizer: [Batch] Primary backend (Free Gemini Pool (Flash 2.5)) exhausted retries. Trying fallbacks...
[21:10:38] Summarizer: [Batch] Fallback attempt with Gemini Selenium
[21:10:45] Summarizer: [Batch] Fallback attempt with G4F
[21:10:45] Summarizer: [Batch] No response from API (attempt 1/3)
[21:10:51] Summarizer: [Batch] All backends (primary + fallbacks) exhausted.
[21:10:56] Summarizer: [Batch] No response from API (attempt 2/3)
[21:10:57] Summarizer: [Batch] No response from API (attempt 1/3)
[21:11:07] Summarizer: [Batch] No response from API (attempt 3/3)
[21:11:07] Summarizer: [Batch] Primary backend (Free Gemini Pool (Flash 2.5)) exhausted retries. Trying fallbacks...
[21:11:07] Summarizer: [Batch] Fallback attempt with Gemini Selenium
[21:11:08] Summarizer: [Batch] No response from API (attempt 2/3)
[21:11:13] Summarizer: [Batch] Fallback attempt with G4F
[21:11:18] Summarizer: [Batch] All backends (primary + fallbacks) exhausted.
[21:11:19] Summarizer: [Batch] No response from API (attempt 3/3)
[21:11:19] Summarizer: [Batch] Primary backend (Free Gemini Pool (Flash 2.5)) exhausted retries. Trying fallbacks...
[21:11:19] Summarizer: [Batch] Fallback attempt with Gemini Selenium
[21:11:25] Summarizer: [Batch] Fallback attempt with G4F
[21:11:30] Summarizer: [Batch] All backends (primary + fallbacks) exhausted.

===== PIPELINE RUN START 2026-08-20T21:13:23 [run_pipeline_persistent] =====
[21:16:03] Summarizer: [Batch] No response from API (attempt 1/3)
[21:16:13] Summarizer: [Batch] No response from API (attempt 2/3)
[21:16:24] Summarizer: [Batch] No response from API (attempt 3/3)
[21:16:24] Summarizer: [Batch] Primary backend (Free Gemini Pool (Flash 2.5)) exhausted retries. Trying fallbacks...
[21:16:24] Summarizer: [Batch] Fallback attempt with Gemini Selenium
[21:16:31] Summarizer: [Batch] Fallback attempt with G4F
[21:16:35] Summarizer: [Batch] No response from API (attempt 1/3)
[21:16:37] Summarizer: [Batch] All backends (primary + fallbacks) exhausted.
[21:16:46] Summarizer: [Batch] No response from API (attempt 2/3)
[21:17:02] Summarizer: [Batch] No response from API (attempt 3/3)
[21:17:02] Summarizer: [Batch] Primary backend (Free Gemini Pool (Flash 2.5)) exhausted retries. Trying fallbacks...
[21:17:02] Summarizer: [Batch] Fallback attempt with Gemini Selenium
[21:17:08] Summarizer: [Batch] Fallback attempt with G4F
[21:17:13] Summarizer: [Batch] All backends (primary + fallbacks) exhausted.

===== PIPELINE RUN START 2026-08-20T21:18:23 [run_pipeline_persistent] =====

--- RSS Fetch Errors at 2026-08-20 21:20:02 ---
Error fetching https://sokszinuvidek.24.hu/feed/: Failed to perform, curl: (28) Connection timed out after 10001 milliseconds. See https://curl.se/libcurl/c/libcurl-errors.html first for more details.
[21:20:25] Summarizer: [Batch] No response from API (attempt 1/3)
[21:20:36] Summarizer: [Batch] No response from API (attempt 2/3)
[21:20:47] Summarizer: [Batch] No response from API (attempt 3/3)
[21:20:47] Summarizer: [Batch] Primary backend (Free Gemini Pool (Flash 2.5)) exhausted retries. Trying fallbacks...
[21:20:47] Summarizer: [Batch] Fallback attempt with Gemini Selenium
[21:20:53] Summarizer: [Batch] Fallback attempt with G4F
[21:20:57] Summarizer: [Batch] No response from API (attempt 1/3)
[21:20:59] Summarizer: [Batch] All backends (primary + fallbacks) exhausted.
[21:21:08] Summarizer: [Batch] No response from API (attempt 2/3)
[21:21:19] Summarizer: [Batch] No response from API (attempt 3/3)
[21:21:19] Summarizer: [Batch] Primary backend (Free Gemini Pool (Flash 2.5)) exhausted retries. Trying fallbacks...
[21:21:19] Summarizer: [Batch] Fallback attempt with Gemini Selenium
[21:21:25] Summarizer: [Batch] Fallback attempt with G4F
[21:21:30] Summarizer: [Batch] All backends (primary + fallbacks) exhausted.

===== PIPELINE RUN START 2026-08-20T21:23:24 [run_pipeline_persistent] =====

--- RSS Fetch Errors at 2026-08-20 21:25:09 ---
Error fetching https://femina.hu/24ora/rss.xml: Failed to perform, curl: (28) Connection timed out after 10002 milliseconds. See https://curl.se/libcurl/c/libcurl-errors.html first for more details.
[21:25:34] Summarizer: [Batch] No response from API (attempt 1/3)
[21:25:45] Summarizer: [Batch] No response from API (attempt 2/3)
[21:25:55] Summarizer: [Batch] No response from API (attempt 3/3)
[21:25:55] Summarizer: [Batch] Primary backend (Free Gemini Pool (Flash 2.5)) exhausted retries. Trying fallbacks...
[21:25:55] Summarizer: [Batch] Fallback attempt with Gemini Selenium
[21:26:02] Summarizer: [Batch] Fallback attempt with G4F
[21:26:04] Summarizer: [Batch] No response from API (attempt 1/3)
[21:26:08] Summarizer: [Batch] All backends (primary + fallbacks) exhausted.
[21:26:14] Summarizer: [Batch] No response from API (attempt 2/3)
[21:26:25] Summarizer: [Batch] No response from API (attempt 3/3)
[21:26:25] Summarizer: [Batch] Primary backend (Free Gemini Pool (Flash 2.5)) exhausted retries. Trying fallbacks...
[21:26:25] Summarizer: [Batch] Fallback attempt with Gemini Selenium
[21:26:31] Summarizer: [Batch] Fallback attempt with G4F
[21:26:36] Summarizer: [Batch] All backends (primary + fallbacks) exhausted.

===== PIPELINE RUN START 2026-08-20T21:28:25 [run_pipeline_persistent] =====

--- RSS Fetch Errors at 2026-08-20 21:30:14 ---
Error fetching https://aihirfolyam.hu/feed: Failed to perform, curl: (28) Operation timed out after 25002 milliseconds with 0 bytes received. See https://curl.se/libcurl/c/libcurl-errors.html first for more details.
[21:30:42] Summarizer: [Batch] No response from API (attempt 1/3)
[21:30:53] Summarizer: [Batch] No response from API (attempt 2/3)
[21:31:04] Summarizer: [Batch] No response from API (attempt 3/3)
[21:31:04] Summarizer: [Batch] Primary backend (Free Gemini Pool (Flash 2.5)) exhausted retries. Trying fallbacks...
[21:31:04] Summarizer: [Batch] Fallback attempt with Gemini Selenium
[21:31:09] Summarizer: [Batch] No response from API (attempt 1/3)
[21:31:10] Summarizer: [Batch] Fallback attempt with G4F
[21:31:16] Summarizer: [Batch] All backends (primary + fallbacks) exhausted.
[21:31:20] Summarizer: [Batch] No response from API (attempt 2/3)
[21:31:22] Summarizer: [Batch] No response from API (attempt 1/3)
[21:31:30] Summarizer: [Batch] No response from API (attempt 3/3)
[21:31:30] Summarizer: [Batch] Primary backend (Free Gemini Pool (Flash 2.5)) exhausted retries. Trying fallbacks...
[21:31:30] Summarizer: [Batch] Fallback attempt with Gemini Selenium
[21:31:33] Summarizer: [Batch] No response from API (attempt 2/3)
[21:31:37] Summarizer: [Batch] Fallback attempt with G4F
[21:31:42] Summarizer: [Batch] All backends (primary + fallbacks) exhausted.
[21:31:43] Summarizer: [Batch] No response from API (attempt 3/3)
[21:31:43] Summarizer: [Batch] Primary backend (Free Gemini Pool (Flash 2.5)) exhausted retries. Trying fallbacks...
[21:31:43] Summarizer: [Batch] Fallback attempt with Gemini Selenium
[21:31:50] Summarizer: [Batch] Fallback attempt with G4F
[21:31:53] Summarizer: [Batch] No response from API (attempt 1/3)
[21:31:55] Summarizer: [Batch] All backends (primary + fallbacks) exhausted.
[21:32:00] Summarizer: [Batch] No response from API (attempt 1/3)
[21:32:04] Summarizer: [Batch] No response from API (attempt 2/3)
[21:32:11] Summarizer: [Batch] No response from API (attempt 2/3)
[21:32:15] Summarizer: [Batch] No response from API (attempt 3/3)
[21:32:15] Summarizer: [Batch] Primary backend (Free Gemini Pool (Flash 2.5)) exhausted retries. Trying fallbacks...
[21:32:15] Summarizer: [Batch] Fallback attempt with Gemini Selenium
[21:32:21] Summarizer: [Batch] Fallback attempt with G4F
[21:32:22] Summarizer: [Batch] No response from API (attempt 3/3)
[21:32:22] Summarizer: [Batch] Primary backend (Free Gemini Pool (Flash 2.5)) exhausted retries. Trying fallbacks...
[21:32:22] Summarizer: [Batch] Fallback attempt with Gemini Selenium
[21:32:26] Summarizer: [Batch] All backends (primary + fallbacks) exhausted.
[21:32:28] Summarizer: [Batch] Fallback attempt with G4F
[21:32:33] Summarizer: [Batch] All backends (primary + fallbacks) exhausted.

===== PIPELINE RUN START 2026-08-20T21:33:26 [run_pipeline_persistent] =====

--- RSS Fetch Errors at 2026-08-20 21:35:00 ---
Error fetching https://www.hwsw.hu/xml/latest_news_rss.xml: Failed to perform, curl: (28) Connection timed out after 10002 milliseconds. See https://curl.se/libcurl/c/libcurl-errors.html first for more details.
Error fetching https://player.hu/feed: Failed to perform, curl: (28) Connection timed out after 10002 milliseconds. See https://curl.se/libcurl/c/libcurl-errors.html first for more details.
Error fetching https://sokszinuvidek.24.hu/?oembed=true&format=xml&url=https%3A%2F%2Fsokszinuvidek.24.hu%2F: Failed to perform, curl: (28) Connection timed out after 10001 milliseconds. See https://curl.se/libcurl/c/libcurl-errors.html first for more details.
[21:35:23] Summarizer: [Batch] No response from API (attempt 1/3)
[21:35:33] Summarizer: [Batch] No response from API (attempt 2/3)
[21:35:44] Summarizer: [Batch] No response from API (attempt 3/3)
[21:35:44] Summarizer: [Batch] Primary backend (Free Gemini Pool (Flash 2.5)) exhausted retries. Trying fallbacks...
[21:35:44] Summarizer: [Batch] Fallback attempt with Gemini Selenium
[21:35:51] Summarizer: [Batch] Fallback attempt with G4F
[21:35:55] Summarizer: [Batch] No response from API (attempt 1/3)
[21:35:57] Summarizer: [Batch] All backends (primary + fallbacks) exhausted.
[21:36:03] Summarizer: [Batch] No response from API (attempt 1/3)
[21:36:06] Summarizer: [Batch] No response from API (attempt 2/3)
[21:36:13] Summarizer: [Batch] No response from API (attempt 2/3)
[21:36:17] Summarizer: [Batch] No response from API (attempt 3/3)
[21:36:17] Summarizer: [Batch] Primary backend (Free Gemini Pool (Flash 2.5)) exhausted retries. Trying fallbacks...
[21:36:17] Summarizer: [Batch] Fallback attempt with Gemini Selenium
[21:36:23] Summarizer: [Batch] Fallback attempt with G4F
[21:36:24] Summarizer: [Batch] No response from API (attempt 3/3)
[21:36:24] Summarizer: [Batch] Primary backend (Free Gemini Pool (Flash 2.5)) exhausted retries. Trying fallbacks...
[21:36:24] Summarizer: [Batch] Fallback attempt with Gemini Selenium
[21:36:25] Summarizer: [Batch] No response from API (attempt 1/3)
[21:36:28] Summarizer: [Batch] All backends (primary + fallbacks) exhausted.
[21:36:30] Summarizer: [Batch] Fallback attempt with G4F
[21:36:35] Summarizer: [Batch] All backends (primary + fallbacks) exhausted.
[21:36:36] Summarizer: [Batch] No response from API (attempt 2/3)
[21:36:46] Summarizer: [Batch] No response from API (attempt 3/3)
[21:36:46] Summarizer: [Batch] Primary backend (Free Gemini Pool (Flash 2.5)) exhausted retries. Trying fallbacks...
[21:36:46] Summarizer: [Batch] Fallback attempt with Gemini Selenium
[21:36:53] Summarizer: [Batch] Fallback attempt with G4F
[21:36:58] Summarizer: [Batch] All backends (primary + fallbacks) exhausted.
[22:52:01] Summarizer: [Batch] No response from API (attempt 1/3)

===== PIPELINE RUN START 2026-08-20T22:52:43 [run_pipeline_persistent] =====

--- RSS Fetch Errors at 2026-08-20 22:54:30 ---
Error fetching https://www.vice.com/feed/: HTTP Error 404: 
Error fetching https://aihirfolyam.hu/feed: Failed to perform, curl: (28) Connection timed out after 10002 milliseconds. See https://curl.se/libcurl/c/libcurl-errors.html first for more details.
Error fetching https://sokszinuvidek.24.hu/?oembed=true&format=xml&url=https%3A%2F%2Fsokszinuvidek.24.hu%2F: Failed to perform, curl: (28) Connection timed out after 10003 milliseconds. See https://curl.se/libcurl/c/libcurl-errors.html first for more details.
[22:55:29] Summarizer: [Batch] 1 item(s) missing from response → marked for reprocessing
