
===== PIPELINE RUN START 2026-09-02T00:03:14 [run_pipeline_persistent] =====
[00:07:37] Summarizer: [DownloadWorker-6] SKIP (duplicate title): TRADING ECONOMICS...
[00:07:59] Summarizer: [MissingDetector] ⚠️ PAIRING FAIL: 'https://index.hu/bcs/2026/09/02/tetofedes-kisokos-tetofelmerer-terran/' not found. KEEPING ITEM (Fallback).
[00:07:59] Summarizer: [Batch] 1 item(s) missing from response → marked for reprocessing
[00:07:59] Summarizer: [FreeGeminiAPI_1] ⚠️ PAIRING FAIL: 'https://index.hu/bcs/2026/09/02/tetofedes-kisokos-tetofelmerer-terran/' not found. KEEPING ITEM (Fallback).
[00:08:41] Summarizer: Reprocessing 1 pairing failures from data.json
[00:08:54] Image_Downloader: Download failed (https://cms.index.hu/index/kep.jpg): HTTPSConnectionPool(host='cms.index.hu', port=443): Max retries exceeded with url: /index/kep.jpg (Caused by NameResolutionError("HTTPSConnection(host='cms.index.hu', port=443): Failed to resolve 'cms.index.hu' ([Errno 8] nodename nor servname provided, or not known)"))

===== PIPELINE RUN START 2026-09-02T00:10:26 [run_pipeline_persistent] =====
[00:12:14] Summarizer: [DownloadWorker-6] SKIP (duplicate title): Eseménynaptár - 2026. szeptember - Progr...
[00:12:17] Summarizer: [DownloadWorker-2] SKIP (duplicate title): Eseménynaptár - 2026. szeptember 16. (sz...
[00:12:22] Summarizer: [DownloadWorker-7] SKIP (duplicate title): Eseménynaptár - 2026. szeptember 21. (hé...

===== PIPELINE RUN START 2026-09-02T00:15:27 [run_pipeline_persistent] =====

===== PIPELINE RUN START 2026-09-02T00:20:29 [run_pipeline_persistent] =====

===== PIPELINE RUN START 2026-09-02T00:25:30 [run_pipeline_persistent] =====

--- RSS Fetch Errors at 2026-09-02 00:27:16 ---
Error fetching https://www.hwsw.hu/xml/latest_news_rss.xml: Failed to perform, curl: (28) Connection timed out after 10001 milliseconds. See https://curl.se/libcurl/c/libcurl-errors.html first for more details.
Error fetching https://femina.hu/24ora/rss.xml: Failed to perform, curl: (28) Operation timed out after 35003 milliseconds with 0 bytes received. See https://curl.se/libcurl/c/libcurl-errors.html first for more details.

===== PIPELINE RUN START 2026-09-02T00:30:31 [run_pipeline_persistent] =====

--- RSS Fetch Errors at 2026-09-02 00:31:53 ---
Error fetching https://www.vice.com/feed/: HTTP Error 404: 

===== PIPELINE RUN START 2026-09-02T00:35:32 [run_pipeline_persistent] =====

--- RSS Fetch Errors at 2026-09-02 00:37:13 ---
Error fetching https://player.hu/feed: Failed to perform, curl: (56) Recv failure: Connection reset by peer. See https://curl.se/libcurl/c/libcurl-errors.html first for more details.

===== PIPELINE RUN START 2026-09-02T00:40:33 [run_pipeline_persistent] =====

--- RSS Fetch Errors at 2026-09-02 00:41:55 ---
Error fetching https://www.economx.hu/feed: Failed to perform, curl: (28) Connection timed out after 10003 milliseconds. See https://curl.se/libcurl/c/libcurl-errors.html first for more details.

===== PIPELINE RUN START 2026-09-02T00:45:35 [run_pipeline_persistent] =====

===== PIPELINE RUN START 2026-09-02T00:50:36 [run_pipeline_persistent] =====

--- RSS Fetch Errors at 2026-09-02 00:52:04 ---
Error fetching https://femina.hu/24ora/rss.xml: Failed to perform, curl: (28) Connection timed out after 10004 milliseconds. See https://curl.se/libcurl/c/libcurl-errors.html first for more details.
Error fetching https://sorozatjunkie.hu/feed: Failed to perform, curl: (28) Connection timed out after 10002 milliseconds. See https://curl.se/libcurl/c/libcurl-errors.html first for more details.
Error fetching https://mafab.hu/rss: Failed to perform, curl: (28) Connection timed out after 10002 milliseconds. See https://curl.se/libcurl/c/libcurl-errors.html first for more details.

===== PIPELINE RUN START 2026-09-02T00:55:37 [run_pipeline_persistent] =====

===== PIPELINE RUN START 2026-09-02T01:00:38 [run_pipeline_persistent] =====

===== PIPELINE RUN START 2026-09-02T01:05:39 [run_pipeline_persistent] =====

--- RSS Fetch Errors at 2026-09-02 01:06:57 ---
Error fetching https://index.hu/tudomany/til/rss/: Failed to perform, curl: (28) Connection timed out after 10002 milliseconds. See https://curl.se/libcurl/c/libcurl-errors.html first for more details.

===== PIPELINE RUN START 2026-09-02T01:10:40 [run_pipeline_persistent] =====

===== PIPELINE RUN START 2026-09-02T01:15:42 [run_pipeline_persistent] =====

===== PIPELINE RUN START 2026-09-02T01:20:43 [run_pipeline_persistent] =====

--- RSS Fetch Errors at 2026-09-02 01:22:03 ---
Error fetching https://index.hu/tudomany/til/rss/: Failed to perform, curl: (28) Connection timed out after 10004 milliseconds. See https://curl.se/libcurl/c/libcurl-errors.html first for more details.
Error fetching https://www.mentalfloss.com/feed: Failed to perform, curl: (28) Connection timed out after 10003 milliseconds. See https://curl.se/libcurl/c/libcurl-errors.html first for more details.

===== PIPELINE RUN START 2026-09-02T01:25:44 [run_pipeline_persistent] =====

===== PIPELINE RUN START 2026-09-02T01:30:46 [run_pipeline_persistent] =====

===== PIPELINE RUN START 2026-09-02T01:35:47 [run_pipeline_persistent] =====

--- RSS Fetch Errors at 2026-09-02 01:37:07 ---
Error fetching https://sokszinuvidek.24.hu/feed/: Failed to perform, curl: (28) Connection timed out after 10003 milliseconds. See https://curl.se/libcurl/c/libcurl-errors.html first for more details.

===== PIPELINE RUN START 2026-09-02T01:40:48 [run_pipeline_persistent] =====

===== PIPELINE RUN START 2026-09-02T01:45:49 [run_pipeline_persistent] =====

===== PIPELINE RUN START 2026-09-02T01:50:51 [run_pipeline_persistent] =====

--- RSS Fetch Errors at 2026-09-02 01:52:06 ---
Error fetching https://www.hwsw.hu/xml/latest_news_rss.xml: Failed to perform, curl: (28) Connection timed out after 10003 milliseconds. See https://curl.se/libcurl/c/libcurl-errors.html first for more details.
Error fetching https://faroutmagazine.co.uk/film/feed: Failed to perform, curl: (28) Connection timed out after 10003 milliseconds. See https://curl.se/libcurl/c/libcurl-errors.html first for more details.

===== PIPELINE RUN START 2026-09-02T01:55:52 [run_pipeline_persistent] =====

--- RSS Fetch Errors at 2026-09-02 01:57:14 ---
Error fetching https://starity.hu/magazin/rss/: Failed to perform, curl: (28) Connection timed out after 10004 milliseconds. See https://curl.se/libcurl/c/libcurl-errors.html first for more details.

===== PIPELINE RUN START 2026-09-02T02:00:53 [run_pipeline_persistent] =====

--- RSS Fetch Errors at 2026-09-02 02:02:57 ---
Error fetching https://bankless.com/feed: Failed to perform, curl: (28) Connection timed out after 10003 milliseconds. See https://curl.se/libcurl/c/libcurl-errors.html first for more details.
Error fetching https://wmn.hu/feed/: HTTP Error 522: 
[02:03:08] Summarizer: [Batch] Minor issues fixed: 2
[02:03:55] Image_Downloader: Download failed (https://static0.xdaimages.com/wordpress/wp-content/uploads/wm/2026/08/a-laptop-screen-with-widgets-on-the-lock-screen.jpg?w=1600&h=900&fit=crop): HTTPSConnectionPool(host='static0.xdaimages.com', port=443): Read timed out. (read timeout=30)

===== PIPELINE RUN START 2026-09-02T02:05:54 [run_pipeline_persistent] =====

--- RSS Fetch Errors at 2026-09-02 02:07:38 ---
Error fetching https://www.economx.hu/feed: Failed to perform, curl: (28) Connection timed out after 10002 milliseconds. See https://curl.se/libcurl/c/libcurl-errors.html first for more details.
Error fetching https://www.maxim.com/feed: Failed to perform, curl: (28) Operation timed out after 35003 milliseconds with 0 bytes received. See https://curl.se/libcurl/c/libcurl-errors.html first for more details.
Error fetching https://azutazo.hu/feed: Failed to perform, curl: (28) Operation timed out after 35003 milliseconds with 0 bytes received. See https://curl.se/libcurl/c/libcurl-errors.html first for more details.

===== PIPELINE RUN START 2026-09-02T02:10:55 [run_pipeline_persistent] =====

--- RSS Fetch Errors at 2026-09-02 02:12:44 ---
Error fetching https://index.hu/tudomany/til/rss/: Failed to perform, curl: (28) Connection timed out after 10003 milliseconds. See https://curl.se/libcurl/c/libcurl-errors.html first for more details.

===== PIPELINE RUN START 2026-09-02T02:15:57 [run_pipeline_persistent] =====

--- RSS Fetch Errors at 2026-09-02 02:17:16 ---
Error fetching https://www.hwsw.hu/xml/latest_news_rss.xml: Failed to perform, curl: (28) Connection timed out after 10005 milliseconds. See https://curl.se/libcurl/c/libcurl-errors.html first for more details.

===== PIPELINE RUN START 2026-09-02T02:21:00 [run_pipeline_persistent] =====

--- RSS Fetch Errors at 2026-09-02 02:22:20 ---
Error fetching https://aihirfolyam.hu/feed: Failed to perform, curl: (28) Connection timed out after 10003 milliseconds. See https://curl.se/libcurl/c/libcurl-errors.html first for more details.

===== PIPELINE RUN START 2026-09-02T02:26:02 [run_pipeline_persistent] =====

--- RSS Fetch Errors at 2026-09-02 02:27:28 ---
Error fetching https://femina.hu/24ora/rss.xml: Failed to perform, curl: (28) Connection timed out after 10002 milliseconds. See https://curl.se/libcurl/c/libcurl-errors.html first for more details.
Error fetching https://www.hwsw.hu/xml/latest_news_rss.xml: Failed to perform, curl: (28) Connection timed out after 10001 milliseconds. See https://curl.se/libcurl/c/libcurl-errors.html first for more details.

===== PIPELINE RUN START 2026-09-02T02:31:03 [run_pipeline_persistent] =====

--- RSS Fetch Errors at 2026-09-02 02:32:20 ---
Error fetching https://www.theguardian.com/europe/rss: Failed to perform, curl: (28) Connection timed out after 10003 milliseconds. See https://curl.se/libcurl/c/libcurl-errors.html first for more details.

===== PIPELINE RUN START 2026-09-02T02:36:05 [run_pipeline_persistent] =====

--- RSS Fetch Errors at 2026-09-02 02:37:48 ---
Error fetching https://aihirfolyam.hu/feed: Failed to perform, curl: (28) Connection timed out after 10001 milliseconds. See https://curl.se/libcurl/c/libcurl-errors.html first for more details.
Error fetching https://index.hu/tudomany/til/rss/: Failed to perform, curl: (28) Connection timed out after 10002 milliseconds. See https://curl.se/libcurl/c/libcurl-errors.html first for more details.
Error fetching https://faroutmagazine.co.uk/film/feed: Failed to perform, curl: (28) Connection timed out after 10003 milliseconds. See https://curl.se/libcurl/c/libcurl-errors.html first for more details.
Error fetching https://prog.hu/hirek/rss: Failed to perform, curl: (28) Operation timed out after 35542 milliseconds with 0 bytes received. See https://curl.se/libcurl/c/libcurl-errors.html first for more details.

===== PIPELINE RUN START 2026-09-02T02:41:07 [run_pipeline_persistent] =====

===== PIPELINE RUN START 2026-09-02T02:46:08 [run_pipeline_persistent] =====

--- RSS Fetch Errors at 2026-09-02 02:47:29 ---
Error fetching https://index.hu/tudomany/til/rss/: Failed to perform, curl: (28) Connection timed out after 10003 milliseconds. See https://curl.se/libcurl/c/libcurl-errors.html first for more details.
Error fetching https://www.theguardian.com/europe/rss: Failed to perform, curl: (28) Connection timed out after 10003 milliseconds. See https://curl.se/libcurl/c/libcurl-errors.html first for more details.

===== PIPELINE RUN START 2026-09-02T02:51:10 [run_pipeline_persistent] =====

--- RSS Fetch Errors at 2026-09-02 02:52:27 ---
Error fetching https://www.hwsw.hu/xml/latest_news_rss.xml: Failed to perform, curl: (28) Connection timed out after 10003 milliseconds. See https://curl.se/libcurl/c/libcurl-errors.html first for more details.

===== PIPELINE RUN START 2026-09-02T02:56:11 [run_pipeline_persistent] =====

===== PIPELINE RUN START 2026-09-02T03:01:13 [run_pipeline_persistent] =====

===== PIPELINE RUN START 2026-09-02T03:06:15 [run_pipeline_persistent] =====

--- RSS Fetch Errors at 2026-09-02 03:07:38 ---
Error fetching https://www.economx.hu/feed: Failed to perform, curl: (28) Connection timed out after 10004 milliseconds. See https://curl.se/libcurl/c/libcurl-errors.html first for more details.

===== PIPELINE RUN START 2026-09-02T03:11:16 [run_pipeline_persistent] =====

===== PIPELINE RUN START 2026-09-02T03:16:18 [run_pipeline_persistent] =====

===== PIPELINE RUN START 2026-09-02T03:21:20 [run_pipeline_persistent] =====

===== PIPELINE RUN START 2026-09-02T03:26:21 [run_pipeline_persistent] =====

===== PIPELINE RUN START 2026-09-02T03:31:22 [run_pipeline_persistent] =====

--- RSS Fetch Errors at 2026-09-02 03:33:11 ---
Error fetching https://femina.hu/24ora/rss.xml: Failed to perform, curl: (28) Connection timed out after 10003 milliseconds. See https://curl.se/libcurl/c/libcurl-errors.html first for more details.
Error fetching https://sorozatjunkie.hu/feed: Failed to perform, curl: (28) Connection timed out after 10003 milliseconds. See https://curl.se/libcurl/c/libcurl-errors.html first for more details.
Error fetching https://faroutmagazine.co.uk/film/feed: Failed to perform, curl: (28) Operation timed out after 35003 milliseconds with 0 bytes received. See https://curl.se/libcurl/c/libcurl-errors.html first for more details.

===== PIPELINE RUN START 2026-09-02T03:36:24 [run_pipeline_persistent] =====

--- RSS Fetch Errors at 2026-09-02 03:38:11 ---
Error fetching https://www.playboy.com/blog/feed/: Failed to perform, curl: (28) Operation timed out after 35004 milliseconds with 0 bytes received. See https://curl.se/libcurl/c/libcurl-errors.html first for more details.

===== PIPELINE RUN START 2026-09-02T03:41:24 [run_pipeline_persistent] =====

--- RSS Fetch Errors at 2026-09-02 03:42:44 ---
Error fetching https://www.theguardian.com/europe/rss: Failed to perform, curl: (28) Connection timed out after 10002 milliseconds. See https://curl.se/libcurl/c/libcurl-errors.html first for more details.

===== PIPELINE RUN START 2026-09-02T03:46:26 [run_pipeline_persistent] =====

===== PIPELINE RUN START 2026-09-02T03:51:28 [run_pipeline_persistent] =====

--- RSS Fetch Errors at 2026-09-02 03:53:18 ---
Error fetching https://www.economx.hu/feed: Failed to perform, curl: (28) Operation timed out after 35637 milliseconds with 0 bytes received. See https://curl.se/libcurl/c/libcurl-errors.html first for more details.

===== PIPELINE RUN START 2026-09-02T03:56:29 [run_pipeline_persistent] =====

===== PIPELINE RUN START 2026-09-02T04:01:30 [run_pipeline_persistent] =====

--- RSS Fetch Errors at 2026-09-02 04:03:26 ---
Error fetching https://www.economx.hu/feed: Failed to perform, curl: (28) Connection timed out after 10001 milliseconds. See https://curl.se/libcurl/c/libcurl-errors.html first for more details.
Error fetching https://www.theguardian.com/europe/rss: Failed to perform, curl: (28) Connection timed out after 10003 milliseconds. See https://curl.se/libcurl/c/libcurl-errors.html first for more details.

===== PIPELINE RUN START 2026-09-02T04:06:31 [run_pipeline_persistent] =====

===== PIPELINE RUN START 2026-09-02T04:11:33 [run_pipeline_persistent] =====

===== PIPELINE RUN START 2026-09-02T04:16:35 [run_pipeline_persistent] =====

--- RSS Fetch Errors at 2026-09-02 04:18:22 ---
Error fetching https://femina.hu/24ora/rss.xml: HTTP Error 404: Not Found

===== PIPELINE RUN START 2026-09-02T04:21:35 [run_pipeline_persistent] =====

===== PIPELINE RUN START 2026-09-02T04:26:37 [run_pipeline_persistent] =====

--- RSS Fetch Errors at 2026-09-02 04:28:24 ---
Error fetching https://femina.hu/24ora/rss.xml: HTTP Error 404: Not Found

===== PIPELINE RUN START 2026-09-02T04:31:37 [run_pipeline_persistent] =====

===== PIPELINE RUN START 2026-09-02T04:36:38 [run_pipeline_persistent] =====

===== PIPELINE RUN START 2026-09-02T04:41:40 [run_pipeline_persistent] =====

===== PIPELINE RUN START 2026-09-02T04:46:41 [run_pipeline_persistent] =====

--- RSS Fetch Errors at 2026-09-02 04:48:24 ---
Error fetching https://femina.hu/24ora/rss.xml: HTTP Error 404: Not Found
Error fetching https://index.hu/tudomany/til/rss/: Failed to perform, curl: (28) Operation timed out after 35003 milliseconds with 0 bytes received. See https://curl.se/libcurl/c/libcurl-errors.html first for more details.

===== PIPELINE RUN START 2026-09-02T04:51:43 [run_pipeline_persistent] =====

===== PIPELINE RUN START 2026-09-02T04:56:45 [run_pipeline_persistent] =====

--- RSS Fetch Errors at 2026-09-02 04:58:11 ---
Error fetching https://mafab.hu/rss: Failed to perform, curl: (28) Connection timed out after 10002 milliseconds. See https://curl.se/libcurl/c/libcurl-errors.html first for more details.

===== PIPELINE RUN START 2026-09-02T05:01:46 [run_pipeline_persistent] =====

===== PIPELINE RUN START 2026-09-02T05:06:47 [run_pipeline_persistent] =====

===== PIPELINE RUN START 2026-09-02T05:11:48 [run_pipeline_persistent] =====
[05:16:57] Summarizer: [Batch] No response from API (attempt 1/3)
[05:17:01] Summarizer: [DownloadWorker-6] SKIP (duplicate title): Az összes premierfilm és sorozat, amit m...
[05:17:12] Image_Downloader: Download failed (https://www.mafab.hu/img/images/1(95).JPG): 404 Client Error: Not Found for url: https://www.mafab.hu/img/images/1(95).JPG
[05:18:04] Image_Downloader: Download failed (https://www.mafab.hu/img/images/1(95).JPG): 404 Client Error: Not Found for url: https://www.mafab.hu/img/images/1(95).JPG
[05:18:11] Image_Downloader: Download failed (https://www.mafab.hu/img/images/1(95).JPG): 404 Client Error: Not Found for url: https://www.mafab.hu/img/images/1(95).JPG

===== PIPELINE RUN START 2026-09-02T05:18:11 [run_pipeline_persistent] =====

--- RSS Fetch Errors at 2026-09-02 05:19:55 ---
Error fetching https://femina.hu/24ora/rss.xml: HTTP Error 404: Not Found
Error fetching https://faroutmagazine.co.uk/travel/feed: Failed to perform, curl: (28) Connection timed out after 10002 milliseconds. See https://curl.se/libcurl/c/libcurl-errors.html first for more details.
Error fetching https://index.hu/tudomany/til/rss/: Failed to perform, curl: (28) Operation timed out after 35002 milliseconds with 583 out of 7982 bytes received. See https://curl.se/libcurl/c/libcurl-errors.html first for more details.
[05:21:17] Image_Downloader: Download failed (https://www.mafab.hu/img/images/1(95).JPG): 404 Client Error: Not Found for url: https://www.mafab.hu/img/images/1(95).JPG
[05:21:24] Image_Downloader: Download failed (https://www.mafab.hu/img/images/1(95).JPG): 404 Client Error: Not Found for url: https://www.mafab.hu/img/images/1(95).JPG

===== PIPELINE RUN START 2026-09-02T05:23:13 [run_pipeline_persistent] =====

--- RSS Fetch Errors at 2026-09-02 05:25:03 ---
Error fetching https://wallstreetzen.com/blog/feed/: Failed to perform, curl: (28) Operation timed out after 35002 milliseconds with 520 bytes received. See https://curl.se/libcurl/c/libcurl-errors.html first for more details.
[05:26:27] Image_Downloader: Download failed (https://www.mafab.hu/img/images/1(95).JPG): 404 Client Error: Not Found for url: https://www.mafab.hu/img/images/1(95).JPG
[05:26:34] Image_Downloader: Download failed (https://www.mafab.hu/img/images/1(95).JPG): 404 Client Error: Not Found for url: https://www.mafab.hu/img/images/1(95).JPG

===== PIPELINE RUN START 2026-09-02T05:28:14 [run_pipeline_persistent] =====

--- RSS Fetch Errors at 2026-09-02 05:29:37 ---
Error fetching https://www.maxim.com/feed: Failed to perform, curl: (28) Connection timed out after 10002 milliseconds. See https://curl.se/libcurl/c/libcurl-errors.html first for more details.
[05:30:59] Image_Downloader: Download failed (https://www.mafab.hu/img/images/1(95).JPG): 404 Client Error: Not Found for url: https://www.mafab.hu/img/images/1(95).JPG
[05:31:06] Image_Downloader: Download failed (https://www.mafab.hu/img/images/1(95).JPG): 404 Client Error: Not Found for url: https://www.mafab.hu/img/images/1(95).JPG

===== PIPELINE RUN START 2026-09-02T05:33:15 [run_pipeline_persistent] =====
[05:36:00] Image_Downloader: Download failed (https://www.mafab.hu/img/images/1(95).JPG): 404 Client Error: Not Found for url: https://www.mafab.hu/img/images/1(95).JPG
[05:36:07] Image_Downloader: Download failed (https://www.mafab.hu/img/images/1(95).JPG): 404 Client Error: Not Found for url: https://www.mafab.hu/img/images/1(95).JPG

===== PIPELINE RUN START 2026-09-02T05:38:16 [run_pipeline_persistent] =====

--- RSS Fetch Errors at 2026-09-02 05:40:00 ---
Error fetching https://index.hu/tudomany/til/rss/: Failed to perform, curl: (28) Connection timed out after 10003 milliseconds. See https://curl.se/libcurl/c/libcurl-errors.html first for more details.
Error fetching https://player.hu/feed: Failed to perform, curl: (28) Operation timed out after 35003 milliseconds with 0 bytes received. See https://curl.se/libcurl/c/libcurl-errors.html first for more details.
[05:41:24] Image_Downloader: Download failed (https://www.mafab.hu/img/images/1(95).JPG): 404 Client Error: Not Found for url: https://www.mafab.hu/img/images/1(95).JPG
[05:41:32] Image_Downloader: Download failed (https://www.mafab.hu/img/images/1(95).JPG): 404 Client Error: Not Found for url: https://www.mafab.hu/img/images/1(95).JPG

===== PIPELINE RUN START 2026-09-02T05:43:18 [run_pipeline_persistent] =====
[05:45:59] Image_Downloader: Download failed (https://www.mafab.hu/img/images/1(95).JPG): 404 Client Error: Not Found for url: https://www.mafab.hu/img/images/1(95).JPG
[05:46:06] Image_Downloader: Download failed (https://www.mafab.hu/img/images/1(95).JPG): 404 Client Error: Not Found for url: https://www.mafab.hu/img/images/1(95).JPG

===== PIPELINE RUN START 2026-09-02T05:48:19 [run_pipeline_persistent] =====
[05:50:59] Image_Downloader: Download failed (https://www.mafab.hu/img/images/1(95).JPG): 404 Client Error: Not Found for url: https://www.mafab.hu/img/images/1(95).JPG
[05:51:06] Image_Downloader: Download failed (https://www.mafab.hu/img/images/1(95).JPG): 404 Client Error: Not Found for url: https://www.mafab.hu/img/images/1(95).JPG

===== PIPELINE RUN START 2026-09-02T05:53:20 [run_pipeline_persistent] =====
[05:56:36] Image_Downloader: Download failed (https://www.mafab.hu/img/images/1(95).JPG): 404 Client Error: Not Found for url: https://www.mafab.hu/img/images/1(95).JPG
[05:56:43] Image_Downloader: Download failed (https://www.mafab.hu/img/images/1(95).JPG): 404 Client Error: Not Found for url: https://www.mafab.hu/img/images/1(95).JPG

===== PIPELINE RUN START 2026-09-02T05:58:21 [run_pipeline_persistent] =====

--- RSS Fetch Errors at 2026-09-02 05:59:41 ---
Error fetching https://www.hwsw.hu/xml/latest_news_rss.xml: Failed to perform, curl: (28) Connection timed out after 10002 milliseconds. See https://curl.se/libcurl/c/libcurl-errors.html first for more details.
[06:01:03] Image_Downloader: Download failed (https://www.mafab.hu/img/images/1(95).JPG): 404 Client Error: Not Found for url: https://www.mafab.hu/img/images/1(95).JPG
[06:01:10] Image_Downloader: Download failed (https://www.mafab.hu/img/images/1(95).JPG): 404 Client Error: Not Found for url: https://www.mafab.hu/img/images/1(95).JPG

===== PIPELINE RUN START 2026-09-02T06:03:43 [run_pipeline_persistent] =====
[06:06:56] Image_Downloader: Download failed (https://www.mafab.hu/img/images/1(95).JPG): 404 Client Error: Not Found for url: https://www.mafab.hu/img/images/1(95).JPG
[06:07:03] Image_Downloader: Download failed (https://www.mafab.hu/img/images/1(95).JPG): 404 Client Error: Not Found for url: https://www.mafab.hu/img/images/1(95).JPG

===== PIPELINE RUN START 2026-09-02T06:08:23 [run_pipeline_persistent] =====
[06:11:08] Image_Downloader: Download failed (https://www.mafab.hu/img/images/1(95).JPG): 404 Client Error: Not Found for url: https://www.mafab.hu/img/images/1(95).JPG
[06:11:16] Image_Downloader: Download failed (https://www.mafab.hu/img/images/1(95).JPG): 404 Client Error: Not Found for url: https://www.mafab.hu/img/images/1(95).JPG

===== PIPELINE RUN START 2026-09-02T06:13:25 [run_pipeline_persistent] =====

--- RSS Fetch Errors at 2026-09-02 06:14:46 ---
Error fetching https://aihirfolyam.hu/feed: Failed to perform, curl: (28) Connection timed out after 10002 milliseconds. See https://curl.se/libcurl/c/libcurl-errors.html first for more details.
[06:16:09] Image_Downloader: Download failed (https://www.mafab.hu/img/images/1(95).JPG): 404 Client Error: Not Found for url: https://www.mafab.hu/img/images/1(95).JPG
[06:16:17] Image_Downloader: Download failed (https://www.mafab.hu/img/images/1(95).JPG): 404 Client Error: Not Found for url: https://www.mafab.hu/img/images/1(95).JPG

===== PIPELINE RUN START 2026-09-02T06:18:27 [run_pipeline_persistent] =====

--- RSS Fetch Errors at 2026-09-02 06:20:21 ---
Error fetching https://femina.hu/24ora/rss.xml: HTTP Error 404: Not Found
[06:21:44] Image_Downloader: Download failed (https://www.mafab.hu/img/images/1(95).JPG): 404 Client Error: Not Found for url: https://www.mafab.hu/img/images/1(95).JPG
[06:21:51] Image_Downloader: Download failed (https://www.mafab.hu/img/images/1(95).JPG): 404 Client Error: Not Found for url: https://www.mafab.hu/img/images/1(95).JPG

===== PIPELINE RUN START 2026-09-02T06:23:28 [run_pipeline_persistent] =====

--- RSS Fetch Errors at 2026-09-02 06:25:12 ---
Error fetching https://index.hu/tudomany/til/rss/: Failed to perform, curl: (28) Connection timed out after 10002 milliseconds. See https://curl.se/libcurl/c/libcurl-errors.html first for more details.
Error fetching https://www.economx.hu/feed: Failed to perform, curl: (28) Operation timed out after 35003 milliseconds with 0 bytes received. See https://curl.se/libcurl/c/libcurl-errors.html first for more details.
[06:26:36] Image_Downloader: Download failed (https://www.mafab.hu/img/images/1(95).JPG): 404 Client Error: Not Found for url: https://www.mafab.hu/img/images/1(95).JPG
[06:26:44] Image_Downloader: Download failed (https://www.mafab.hu/img/images/1(95).JPG): 404 Client Error: Not Found for url: https://www.mafab.hu/img/images/1(95).JPG

===== PIPELINE RUN START 2026-09-02T06:28:29 [run_pipeline_persistent] =====
[06:31:43] Image_Downloader: Download failed (https://www.mafab.hu/img/images/1(95).JPG): 404 Client Error: Not Found for url: https://www.mafab.hu/img/images/1(95).JPG
[06:31:50] Image_Downloader: Download failed (https://www.mafab.hu/img/images/1(95).JPG): 404 Client Error: Not Found for url: https://www.mafab.hu/img/images/1(95).JPG

===== PIPELINE RUN START 2026-09-02T06:33:30 [run_pipeline_persistent] =====

--- RSS Fetch Errors at 2026-09-02 06:34:47 ---
Error fetching https://www.vice.com/feed/: HTTP Error 404: 
[06:36:12] Image_Downloader: Download failed (https://www.mafab.hu/img/images/1(95).JPG): 404 Client Error: Not Found for url: https://www.mafab.hu/img/images/1(95).JPG
[06:36:19] Image_Downloader: Download failed (https://www.mafab.hu/img/images/1(95).JPG): 404 Client Error: Not Found for url: https://www.mafab.hu/img/images/1(95).JPG

===== PIPELINE RUN START 2026-09-02T06:38:31 [run_pipeline_persistent] =====
[06:41:09] Image_Downloader: Download failed (https://www.mafab.hu/img/images/1(95).JPG): 404 Client Error: Not Found for url: https://www.mafab.hu/img/images/1(95).JPG
[06:41:16] Image_Downloader: Download failed (https://www.mafab.hu/img/images/1(95).JPG): 404 Client Error: Not Found for url: https://www.mafab.hu/img/images/1(95).JPG

===== PIPELINE RUN START 2026-09-02T06:43:32 [run_pipeline_persistent] =====
[06:46:12] Image_Downloader: Download failed (https://www.mafab.hu/img/images/1(95).JPG): 404 Client Error: Not Found for url: https://www.mafab.hu/img/images/1(95).JPG
[06:46:19] Image_Downloader: Download failed (https://www.mafab.hu/img/images/1(95).JPG): 404 Client Error: Not Found for url: https://www.mafab.hu/img/images/1(95).JPG

===== PIPELINE RUN START 2026-09-02T06:48:34 [run_pipeline_persistent] =====
[06:51:18] Image_Downloader: Download failed (https://www.mafab.hu/img/images/1(95).JPG): 404 Client Error: Not Found for url: https://www.mafab.hu/img/images/1(95).JPG
[06:51:26] Image_Downloader: Download failed (https://www.mafab.hu/img/images/1(95).JPG): 404 Client Error: Not Found for url: https://www.mafab.hu/img/images/1(95).JPG

===== PIPELINE RUN START 2026-09-02T06:53:35 [run_pipeline_persistent] =====

--- RSS Fetch Errors at 2026-09-02 06:55:20 ---
Error fetching https://www.theguardian.com/europe/rss: Failed to perform, curl: (28) Connection timed out after 10003 milliseconds. See https://curl.se/libcurl/c/libcurl-errors.html first for more details.
[06:56:41] Image_Downloader: Download failed (https://www.mafab.hu/img/images/1(95).JPG): 404 Client Error: Not Found for url: https://www.mafab.hu/img/images/1(95).JPG
[06:56:48] Image_Downloader: Download failed (https://www.mafab.hu/img/images/1(95).JPG): 404 Client Error: Not Found for url: https://www.mafab.hu/img/images/1(95).JPG

===== PIPELINE RUN START 2026-09-02T06:58:36 [run_pipeline_persistent] =====
[07:01:17] Image_Downloader: Download failed (https://www.mafab.hu/img/images/1(95).JPG): 404 Client Error: Not Found for url: https://www.mafab.hu/img/images/1(95).JPG
[07:01:24] Image_Downloader: Download failed (https://www.mafab.hu/img/images/1(95).JPG): 404 Client Error: Not Found for url: https://www.mafab.hu/img/images/1(95).JPG

===== PIPELINE RUN START 2026-09-02T07:03:38 [run_pipeline_persistent] =====

--- RSS Fetch Errors at 2026-09-02 07:04:59 ---
Error fetching https://aihirfolyam.hu/feed: Failed to perform, curl: (28) Connection timed out after 10002 milliseconds. See https://curl.se/libcurl/c/libcurl-errors.html first for more details.
[07:06:22] Image_Downloader: Download failed (https://www.mafab.hu/img/images/1(95).JPG): 404 Client Error: Not Found for url: https://www.mafab.hu/img/images/1(95).JPG
[07:06:29] Image_Downloader: Download failed (https://www.mafab.hu/img/images/1(95).JPG): 404 Client Error: Not Found for url: https://www.mafab.hu/img/images/1(95).JPG

===== PIPELINE RUN START 2026-09-02T07:08:39 [run_pipeline_persistent] =====

--- RSS Fetch Errors at 2026-09-02 07:10:31 ---
Error fetching https://faroutmagazine.co.uk/art/feed: Failed to perform, curl: (28) Operation timed out after 35004 milliseconds with 0 bytes received. See https://curl.se/libcurl/c/libcurl-errors.html first for more details.
[07:10:40] Summarizer: [Batch] No response from API (attempt 1/3)
[07:10:50] Summarizer: [Batch] No response from API (attempt 2/3)
[07:11:54] Image_Downloader: Download failed (https://www.mafab.hu/img/images/1(95).JPG): 404 Client Error: Not Found for url: https://www.mafab.hu/img/images/1(95).JPG
[07:12:01] Image_Downloader: Download failed (https://www.mafab.hu/img/images/1(95).JPG): 404 Client Error: Not Found for url: https://www.mafab.hu/img/images/1(95).JPG

===== PIPELINE RUN START 2026-09-02T07:13:41 [run_pipeline_persistent] =====

--- RSS Fetch Errors at 2026-09-02 07:15:04 ---
Error fetching https://www.theguardian.com/europe/rss: Failed to perform, curl: (28) Connection timed out after 10003 milliseconds. See https://curl.se/libcurl/c/libcurl-errors.html first for more details.
[07:16:27] Image_Downloader: Download failed (https://www.mafab.hu/img/images/1(95).JPG): 404 Client Error: Not Found for url: https://www.mafab.hu/img/images/1(95).JPG
[07:16:34] Image_Downloader: Download failed (https://www.mafab.hu/img/images/1(95).JPG): 404 Client Error: Not Found for url: https://www.mafab.hu/img/images/1(95).JPG

===== PIPELINE RUN START 2026-09-02T07:18:41 [run_pipeline_persistent] =====

--- RSS Fetch Errors at 2026-09-02 07:20:01 ---
Error fetching https://www.economx.hu/feed: Failed to perform, curl: (28) Connection timed out after 10003 milliseconds. See https://curl.se/libcurl/c/libcurl-errors.html first for more details.
Error fetching https://index.hu/tudomany/til/rss/: Failed to perform, curl: (28) Connection timed out after 10003 milliseconds. See https://curl.se/libcurl/c/libcurl-errors.html first for more details.
[07:20:10] Summarizer: [Batch] No response from API (attempt 1/3)
[07:21:24] Image_Downloader: Download failed (https://www.mafab.hu/img/images/1(95).JPG): 404 Client Error: Not Found for url: https://www.mafab.hu/img/images/1(95).JPG
[07:21:32] Image_Downloader: Download failed (https://www.mafab.hu/img/images/1(95).JPG): 404 Client Error: Not Found for url: https://www.mafab.hu/img/images/1(95).JPG

===== PIPELINE RUN START 2026-09-02T07:23:43 [run_pipeline_persistent] =====

--- RSS Fetch Errors at 2026-09-02 07:25:07 ---
Error fetching https://www.hwsw.hu/xml/latest_news_rss.xml: Failed to perform, curl: (28) Connection timed out after 10002 milliseconds. See https://curl.se/libcurl/c/libcurl-errors.html first for more details.
[07:25:16] Summarizer: [Batch] No response from API (attempt 1/3)
[07:26:29] Image_Downloader: Download failed (https://www.mafab.hu/img/images/1(95).JPG): 404 Client Error: Not Found for url: https://www.mafab.hu/img/images/1(95).JPG
[07:26:36] Image_Downloader: Download failed (https://www.mafab.hu/img/images/1(95).JPG): 404 Client Error: Not Found for url: https://www.mafab.hu/img/images/1(95).JPG

===== PIPELINE RUN START 2026-09-02T07:28:44 [run_pipeline_persistent] =====
[07:31:26] Image_Downloader: Download failed (https://www.mafab.hu/img/images/1(95).JPG): 404 Client Error: Not Found for url: https://www.mafab.hu/img/images/1(95).JPG
[07:31:34] Image_Downloader: Download failed (https://www.mafab.hu/img/images/1(95).JPG): 404 Client Error: Not Found for url: https://www.mafab.hu/img/images/1(95).JPG

===== PIPELINE RUN START 2026-09-02T07:33:46 [run_pipeline_persistent] =====
[07:36:28] Image_Downloader: Download failed (https://www.mafab.hu/img/images/1(95).JPG): 404 Client Error: Not Found for url: https://www.mafab.hu/img/images/1(95).JPG
[07:36:35] Image_Downloader: Download failed (https://www.mafab.hu/img/images/1(95).JPG): 404 Client Error: Not Found for url: https://www.mafab.hu/img/images/1(95).JPG

===== PIPELINE RUN START 2026-09-02T07:38:47 [run_pipeline_persistent] =====
[07:41:33] Image_Downloader: Download failed (https://www.mafab.hu/img/images/1(95).JPG): 404 Client Error: Not Found for url: https://www.mafab.hu/img/images/1(95).JPG
[07:41:40] Image_Downloader: Download failed (https://www.mafab.hu/img/images/1(95).JPG): 404 Client Error: Not Found for url: https://www.mafab.hu/img/images/1(95).JPG

===== PIPELINE RUN START 2026-09-02T07:43:49 [run_pipeline_persistent] =====
[07:46:36] Image_Downloader: Download failed (https://www.mafab.hu/img/images/1(95).JPG): 404 Client Error: Not Found for url: https://www.mafab.hu/img/images/1(95).JPG
[07:46:43] Image_Downloader: Download failed (https://www.mafab.hu/img/images/1(95).JPG): 404 Client Error: Not Found for url: https://www.mafab.hu/img/images/1(95).JPG

===== PIPELINE RUN START 2026-09-02T07:48:50 [run_pipeline_persistent] =====
[07:51:24] Image_Downloader: Download failed (https://www.mafab.hu/img/images/1(95).JPG): 404 Client Error: Not Found for url: https://www.mafab.hu/img/images/1(95).JPG
[07:51:31] Image_Downloader: Download failed (https://www.mafab.hu/img/images/1(95).JPG): 404 Client Error: Not Found for url: https://www.mafab.hu/img/images/1(95).JPG

===== PIPELINE RUN START 2026-09-02T07:53:51 [run_pipeline_persistent] =====
[07:57:00] Image_Downloader: Download failed (https://www.mafab.hu/img/images/1(95).JPG): 404 Client Error: Not Found for url: https://www.mafab.hu/img/images/1(95).JPG
[07:57:07] Image_Downloader: Download failed (https://www.mafab.hu/img/images/1(95).JPG): 404 Client Error: Not Found for url: https://www.mafab.hu/img/images/1(95).JPG

===== PIPELINE RUN START 2026-09-02T07:58:52 [run_pipeline_persistent] =====

--- RSS Fetch Errors at 2026-09-02 08:00:28 ---
Error fetching https://index.hu/tudomany/til/rss/: Failed to perform, curl: (28) Connection timed out after 10002 milliseconds. See https://curl.se/libcurl/c/libcurl-errors.html first for more details.
[08:01:53] Image_Downloader: Download failed (https://www.mafab.hu/img/images/1(95).JPG): 404 Client Error: Not Found for url: https://www.mafab.hu/img/images/1(95).JPG
[08:02:00] Image_Downloader: Download failed (https://www.mafab.hu/img/images/1(95).JPG): 404 Client Error: Not Found for url: https://www.mafab.hu/img/images/1(95).JPG

===== PIPELINE RUN START 2026-09-02T08:03:53 [run_pipeline_persistent] =====
[08:07:07] Summarizer: [Batch] No response from API (attempt 1/3)
[08:08:27] Image_Downloader: Download failed (https://www.mafab.hu/img/images/1(95).JPG): 404 Client Error: Not Found for url: https://www.mafab.hu/img/images/1(95).JPG
[08:08:36] Image_Downloader: Download failed (https://www.mafab.hu/img/images/1(95).JPG): 404 Client Error: Not Found for url: https://www.mafab.hu/img/images/1(95).JPG

===== PIPELINE RUN START 2026-09-02T08:10:07 [run_pipeline_persistent] =====

--- RSS Fetch Errors at 2026-09-02 08:25:25 ---
Error fetching https://hu.ign.com/feed.xml: Failed to perform, curl: (6) Could not resolve host: hu.ign.com. See https://curl.se/libcurl/c/libcurl-errors.html first for more details.
Error fetching https://totalcar.hu/24ora/rss/: Failed to perform, curl: (6) Could not resolve host: totalcar.hu. See https://curl.se/libcurl/c/libcurl-errors.html first for more details.
Error fetching https://index.hu/24ora/rss: Failed to perform, curl: (6) Could not resolve host: index.hu. See https://curl.se/libcurl/c/libcurl-errors.html first for more details.
Error fetching https://www.penzcentrum.hu/rss: Failed to perform, curl: (6) Could not resolve host: www.penzcentrum.hu. See https://curl.se/libcurl/c/libcurl-errors.html first for more details.
Error fetching https://444.hu/category/tudomany/feed: Failed to perform, curl: (6) Could not resolve host: 444.hu. See https://curl.se/libcurl/c/libcurl-errors.html first for more details.
Error fetching https://forbes.hu/feed/: Failed to perform, curl: (6) Could not resolve host: forbes.hu. See https://curl.se/libcurl/c/libcurl-errors.html first for more details.
Error fetching https://www.pcwplus.hu/site/rss/rss.xml: Failed to perform, curl: (6) Could not resolve host: www.pcwplus.hu. See https://curl.se/libcurl/c/libcurl-errors.html first for more details.
Error fetching https://qubit.hu/feed: Failed to perform, curl: (6) Could not resolve host: qubit.hu. See https://curl.se/libcurl/c/libcurl-errors.html first for more details.
Error fetching https://www.cnet.com/rss/all/: Failed to perform, curl: (6) Could not resolve host: www.cnet.com. See https://curl.se/libcurl/c/libcurl-errors.html first for more details.
Error fetching https://444.hu/category/belfold/feed: Failed to perform, curl: (6) Could not resolve host: 444.hu. See https://curl.se/libcurl/c/libcurl-errors.html first for more details.
Error fetching https://index.hu/sitemap/friss.xml: Failed to perform, curl: (6) Could not resolve host: index.hu. See https://curl.se/libcurl/c/libcurl-errors.html first for more details.
Error fetching https://index.hu/tudomany/rss/: Failed to perform, curl: (6) Could not resolve host: index.hu. See https://curl.se/libcurl/c/libcurl-errors.html first for more details.
Error fetching https://www.cnet.com/rss/news/: Failed to perform, curl: (6) Could not resolve host: www.cnet.com. See https://curl.se/libcurl/c/libcurl-errors.html first for more details.
Error fetching https://prohardver.hu/hirfolyam/anyagok/rss.xml: Failed to perform, curl: (6) Could not resolve host: prohardver.hu. See https://curl.se/libcurl/c/libcurl-errors.html first for more details.
Error fetching https://www.portfolio.hu/rss/all.xml: Failed to perform, curl: (6) Could not resolve host: www.portfolio.hu. See https://curl.se/libcurl/c/libcurl-errors.html first for more details.
Error fetching https://welovebudapest.com/feed/: Failed to perform, curl: (6) Could not resolve host: welovebudapest.com. See https://curl.se/libcurl/c/libcurl-errors.html first for more details.
Error fetching https://hwsw.hu/xml/latest_news_rss.xml: Failed to perform, curl: (6) Could not resolve host: hwsw.hu. See https://curl.se/libcurl/c/libcurl-errors.html first for more details.
Error fetching https://telex.hu/rss/archivum?filters=%7B%22superTagSlugs%22%3A%5B%22eszkombajn%22%5D%2C%22parentId%22%3A%5B%22null%22%5D%7D&perPage=10: Failed to perform, curl: (6) Could not resolve host: telex.hu. See https://curl.se/libcurl/c/libcurl-errors.html first for more details.
Error fetching https://hold.hu/holdblog/feed: Failed to perform, curl: (6) Could not resolve host: hold.hu. See https://curl.se/libcurl/c/libcurl-errors.html first for more details.
Error fetching https://media.sg.hu/rss/rss.xml: Failed to perform, curl: (6) Could not resolve host: media.sg.hu. See https://curl.se/libcurl/c/libcurl-errors.html first for more details.
Error fetching https://www.portfolio.hu/rss/: Failed to perform, curl: (6) Could not resolve host: www.portfolio.hu. See https://curl.se/libcurl/c/libcurl-errors.html first for more details.
Error fetching https://index.hu/belfold/rss/: Failed to perform, curl: (6) Could not resolve host: index.hu. See https://curl.se/libcurl/c/libcurl-errors.html first for more details.
Error fetching https://esport1.hu/rss: Failed to perform, curl: (6) Could not resolve host: esport1.hu. See https://curl.se/libcurl/c/libcurl-errors.html first for more details.
Error fetching https://index.hu/kulfold/rss/: Failed to perform, curl: (6) Could not resolve host: index.hu. See https://curl.se/libcurl/c/libcurl-errors.html first for more details.
Error fetching https://www.vezess.hu/feed/: Failed to perform, curl: (6) Could not resolve host: www.vezess.hu. See https://curl.se/libcurl/c/libcurl-errors.html first for more details.
Error fetching https://prohardver.hu/hirfolyam/hirek/rss.xml: Failed to perform, curl: (6) Could not resolve host: prohardver.hu. See https://curl.se/libcurl/c/libcurl-errors.html first for more details.
Error fetching https://sg.hu/rss: Failed to perform, curl: (6) Could not resolve host: sg.hu. See https://curl.se/libcurl/c/libcurl-errors.html first for more details.
Error fetching https://vezess.hu/rss: Failed to perform, curl: (6) Could not resolve host: vezess.hu. See https://curl.se/libcurl/c/libcurl-errors.html first for more details.
Error fetching https://telex.hu/rss: Failed to perform, curl: (6) Could not resolve host: telex.hu. See https://curl.se/libcurl/c/libcurl-errors.html first for more details.
Error fetching https://www.sciencedaily.com/rss/all.xml: Failed to perform, curl: (6) Could not resolve host: www.sciencedaily.com. See https://curl.se/libcurl/c/libcurl-errors.html first for more details.
Error fetching https://sg.hu/plain/rss.xml: Failed to perform, curl: (6) Could not resolve host: sg.hu. See https://curl.se/libcurl/c/libcurl-errors.html first for more details.
Error fetching https://rss.nytimes.com/services/xml/rss/nyt/Science.xml: Failed to perform, curl: (6) Could not resolve host: rss.nytimes.com. See https://curl.se/libcurl/c/libcurl-errors.html first for more details.
Error fetching https://444.hu/feed: Failed to perform, curl: (6) Could not resolve host: 444.hu. See https://curl.se/libcurl/c/libcurl-errors.html first for more details.
Error fetching https://techpowerup.com/rss/news: Failed to perform, curl: (6) Could not resolve host: techpowerup.com. See https://curl.se/libcurl/c/libcurl-errors.html first for more details.
Error fetching https://www.sciencedaily.com/rss/top.xml: Failed to perform, curl: (6) Could not resolve host: www.sciencedaily.com. See https://curl.se/libcurl/c/libcurl-errors.html first for more details.
Error fetching https://blog.google/rss/: Failed to perform, curl: (6) Could not resolve host: blog.google. See https://curl.se/libcurl/c/libcurl-errors.html first for more details.
Error fetching https://www.space.com/feeds/all: Failed to perform, curl: (6) Could not resolve host: www.space.com. See https://curl.se/libcurl/c/libcurl-errors.html first for more details.
Error fetching https://rss.nytimes.com/services/xml/rss/nyt/Technology.xml: Failed to perform, curl: (6) Could not resolve host: rss.nytimes.com. See https://curl.se/libcurl/c/libcurl-errors.html first for more details.
Error fetching https://electrek.co/feed/: Failed to perform, curl: (6) Could not resolve host: electrek.co. See https://curl.se/libcurl/c/libcurl-errors.html first for more details.
Error fetching https://cointelegraph.com/rss: Failed to perform, curl: (6) Could not resolve host: cointelegraph.com. See https://curl.se/libcurl/c/libcurl-errors.html first for more details.
Error fetching https://bitcoinmagazine.com/feed: Failed to perform, curl: (6) Could not resolve host: bitcoinmagazine.com. See https://curl.se/libcurl/c/libcurl-errors.html first for more details.
Error fetching https://www.livescience.com/feeds/all: Failed to perform, curl: (6) Could not resolve host: www.livescience.com. See https://curl.se/libcurl/c/libcurl-errors.html first for more details.
Error fetching https://insideevs.com/rss/articles/all: Failed to perform, curl: (6) Could not resolve host: insideevs.com. See https://curl.se/libcurl/c/libcurl-errors.html first for more details.
Error fetching https://www.gamingbible.com/index.rss: Failed to perform, curl: (6) Could not resolve host: www.gamingbible.com. See https://curl.se/libcurl/c/libcurl-errors.html first for more details.
Error fetching https://bitcoinmagazine.com/.rss/full/: Failed to perform, curl: (6) Could not resolve host: bitcoinmagazine.com. See https://curl.se/libcurl/c/libcurl-errors.html first for more details.
Error fetching https://www.pcgamer.com/rss/: Failed to perform, curl: (6) Could not resolve host: www.pcgamer.com. See https://curl.se/libcurl/c/libcurl-errors.html first for more details.
Error fetching https://raketa.hu/feed: Failed to perform, curl: (6) Could not resolve host: raketa.hu. See https://curl.se/libcurl/c/libcurl-errors.html first for more details.
Error fetching https://github.blog/feed/: Failed to perform, curl: (6) Could not resolve host: github.blog. See https://curl.se/libcurl/c/libcurl-errors.html first for more details.
Error fetching https://www.nasa.gov/rss/dyn/breaking_news.rss: Failed to perform, curl: (6) Could not resolve host: www.nasa.gov. See https://curl.se/libcurl/c/libcurl-errors.html first for more details.
Error fetching https://insideevs.com/rss/news/all/: Failed to perform, curl: (6) Could not resolve host: insideevs.com. See https://curl.se/libcurl/c/libcurl-errors.html first for more details.
Error fetching https://gsplus.hu/site/rss/rss.xml: Failed to perform, curl: (6) Could not resolve host: gsplus.hu. See https://curl.se/libcurl/c/libcurl-errors.html first for more details.
Error fetching https://futurism.com/feed: Failed to perform, curl: (6) Could not resolve host: futurism.com. See https://curl.se/libcurl/c/libcurl-errors.html first for more details.
Error fetching https://feeds.forbes.com/real-time/feed2/: Failed to perform, curl: (6) Could not resolve host: feeds.forbes.com. See https://curl.se/libcurl/c/libcurl-errors.html first for more details.
Error fetching https://techcrunch.com/feed: Failed to perform, curl: (6) Could not resolve host: techcrunch.com. See https://curl.se/libcurl/c/libcurl-errors.html first for more details.
Error fetching https://prog.hu/site/backend/proghu-rss.xml: Failed to perform, curl: (6) Could not resolve host: prog.hu. See https://curl.se/libcurl/c/libcurl-errors.html first for more details.
Error fetching https://drive.hu/rss: Failed to perform, curl: (6) Could not resolve host: drive.hu. See https://curl.se/libcurl/c/libcurl-errors.html first for more details.
Error fetching https://decrypt.co/feed: Failed to perform, curl: (6) Could not resolve host: decrypt.co. See https://curl.se/libcurl/c/libcurl-errors.html first for more details.
Error fetching https://feeds.feedburner.com/ign/movies-articles: Failed to perform, curl: (6) Could not resolve host: feeds.feedburner.com. See https://curl.se/libcurl/c/libcurl-errors.html first for more details.
Error fetching https://feeds.feedburner.com/ign/tech-articles: Failed to perform, curl: (6) Could not resolve host: feeds.feedburner.com. See https://curl.se/libcurl/c/libcurl-errors.html first for more details.
Error fetching https://feeds.feedburner.com/ign/all: Failed to perform, curl: (6) Could not resolve host: feeds.feedburner.com. See https://curl.se/libcurl/c/libcurl-errors.html first for more details.
Error fetching https://feeds.feedburner.com/ign/tv-articles: Failed to perform, curl: (6) Could not resolve host: feeds.feedburner.com. See https://curl.se/libcurl/c/libcurl-errors.html first for more details.
Error fetching https://24.hu/feed/: Failed to perform, curl: (6) Could not resolve host: 24.hu. See https://curl.se/libcurl/c/libcurl-errors.html first for more details.
Error fetching https://www.forbes.com/most-popular/feed/: Failed to perform, curl: (6) Could not resolve host: www.forbes.com. See https://curl.se/libcurl/c/libcurl-errors.html first for more details.
Error fetching https://hu.ign.com/feed.xml: Failed to perform, curl: (6) Could not resolve host: hu.ign.com. See https://curl.se/libcurl/c/libcurl-errors.html first for more details.
Error fetching https://feeds.feedburner.com/ign/games-all: Failed to perform, curl: (6) Could not resolve host: feeds.feedburner.com. See https://curl.se/libcurl/c/libcurl-errors.html first for more details.
Error fetching https://pcguru.hu/rss: Failed to perform, curl: (6) Could not resolve host: pcguru.hu. See https://curl.se/libcurl/c/libcurl-errors.html first for more details.
Error fetching https://hvg.hu/rss: Failed to perform, curl: (6) Could not resolve host: hvg.hu. See https://curl.se/libcurl/c/libcurl-errors.html first for more details.
Error fetching https://aihirfolyam.hu/feed: Failed to perform, curl: (6) Could not resolve host: aihirfolyam.hu. See https://curl.se/libcurl/c/libcurl-errors.html first for more details.
Error fetching https://totalcar.hu/feed: Failed to perform, curl: (6) Could not resolve host: totalcar.hu. See https://curl.se/libcurl/c/libcurl-errors.html first for more details.
Error fetching https://the-zone.hu/feed: Failed to perform, curl: (6) Could not resolve host: the-zone.hu. See https://curl.se/libcurl/c/libcurl-errors.html first for more details.
Error fetching https://www.economx.hu/feed: Failed to perform, curl: (6) Could not resolve host: www.economx.hu. See https://curl.se/libcurl/c/libcurl-errors.html first for more details.
Error fetching https://prog.hu/hirek/rss: Failed to perform, curl: (6) Could not resolve host: prog.hu. See https://curl.se/libcurl/c/libcurl-errors.html first for more details.
Error fetching https://fhm.com/feed: Failed to perform, curl: (6) Could not resolve host: fhm.com. See https://curl.se/libcurl/c/libcurl-errors.html first for more details.
Error fetching https://offmedia.hu/feed: Failed to perform, curl: (6) Could not resolve host: offmedia.hu. See https://curl.se/libcurl/c/libcurl-errors.html first for more details.
Error fetching https://www.hwsw.hu/xml/latest_news_rss.xml: Failed to perform, curl: (6) Could not resolve host: www.hwsw.hu. See https://curl.se/libcurl/c/libcurl-errors.html first for more details.
Error fetching https://funzine.hu/feed: Failed to perform, curl: (6) Could not resolve host: funzine.hu. See https://curl.se/libcurl/c/libcurl-errors.html first for more details.
Error fetching https://marieclaire.hu/feed: Failed to perform, curl: (6) Could not resolve host: marieclaire.hu. See https://curl.se/libcurl/c/libcurl-errors.html first for more details.
Error fetching https://sorozatjunkie.hu/feed: Failed to perform, curl: (6) Could not resolve host: sorozatjunkie.hu. See https://curl.se/libcurl/c/libcurl-errors.html first for more details.
Error fetching https://www.maxim.com/feed: Failed to perform, curl: (6) Could not resolve host: www.maxim.com. See https://curl.se/libcurl/c/libcurl-errors.html first for more details.
Error fetching https://velvet.hu/24ora/rss/: Failed to perform, curl: (6) Could not resolve host: velvet.hu. See https://curl.se/libcurl/c/libcurl-errors.html first for more details.
Error fetching https://nlc.hu/feed: Failed to perform, curl: (6) Could not resolve host: nlc.hu. See https://curl.se/libcurl/c/libcurl-errors.html first for more details.
Error fetching https://ng.24.hu/feed: Failed to perform, curl: (6) Could not resolve host: ng.24.hu. See https://curl.se/libcurl/c/libcurl-errors.html first for more details.
Error fetching https://roadster.hu/feed: Failed to perform, curl: (6) Could not resolve host: roadster.hu. See https://curl.se/libcurl/c/libcurl-errors.html first for more details.
Error fetching https://firstclass.hu/feed: Failed to perform, curl: (6) Could not resolve host: firstclass.hu. See https://curl.se/libcurl/c/libcurl-errors.html first for more details.
Error fetching https://player.hu/feed: Failed to perform, curl: (6) Could not resolve host: player.hu. See https://curl.se/libcurl/c/libcurl-errors.html first for more details.
Error fetching https://azutazo.hu/feed: Failed to perform, curl: (6) Could not resolve host: azutazo.hu. See https://curl.se/libcurl/c/libcurl-errors.html first for more details.
Error fetching https://caravantimes.co.uk/feed: Failed to perform, curl: (6) Could not resolve host: caravantimes.co.uk. See https://curl.se/libcurl/c/libcurl-errors.html first for more details.
Error fetching https://travelmagazin.hu/feed: Failed to perform, curl: (6) Could not resolve host: travelmagazin.hu. See https://curl.se/libcurl/c/libcurl-errors.html first for more details.
Error fetching https://www.penzcentrum.hu/rss/all.xml: Failed to perform, curl: (6) Could not resolve host: www.penzcentrum.hu. See https://curl.se/libcurl/c/libcurl-errors.html first for more details.
Error fetching https://9to5mac.com/feed/: Failed to perform, curl: (6) Could not resolve host: 9to5mac.com. See https://curl.se/libcurl/c/libcurl-errors.html first for more details.
[08:42:38] Image_Downloader: Download failed (https://www.mafab.hu/img/images/1(95).JPG): 404 Client Error: Not Found for url: https://www.mafab.hu/img/images/1(95).JPG
[08:42:47] Image_Downloader: Download failed (https://www.mafab.hu/img/images/1(95).JPG): 404 Client Error: Not Found for url: https://www.mafab.hu/img/images/1(95).JPG

===== PIPELINE RUN START 2026-09-02T08:44:22 [run_pipeline_persistent] =====

--- RSS Fetch Errors at 2026-09-02 08:58:10 ---
Error fetching https://www.pcwplus.hu/site/rss/rss.xml: Failed to perform, curl: (6) Could not resolve host: www.pcwplus.hu. See https://curl.se/libcurl/c/libcurl-errors.html first for more details.
Error fetching https://hwsw.hu/xml/latest_news_rss.xml: Failed to perform, curl: (6) Could not resolve host: hwsw.hu. See https://curl.se/libcurl/c/libcurl-errors.html first for more details.
Error fetching https://index.hu/kulfold/rss/: Failed to perform, curl: (6) Could not resolve host: index.hu. See https://curl.se/libcurl/c/libcurl-errors.html first for more details.
Error fetching https://index.hu/tudomany/rss/: Failed to perform, curl: (6) Could not resolve host: index.hu. See https://curl.se/libcurl/c/libcurl-errors.html first for more details.
Error fetching https://index.hu/24ora/rss: Failed to perform, curl: (6) Could not resolve host: index.hu. See https://curl.se/libcurl/c/libcurl-errors.html first for more details.
Error fetching https://hold.hu/holdblog/feed: Failed to perform, curl: (6) Could not resolve host: hold.hu. See https://curl.se/libcurl/c/libcurl-errors.html first for more details.
Error fetching https://sg.hu/rss: Failed to perform, curl: (6) Could not resolve host: sg.hu. See https://curl.se/libcurl/c/libcurl-errors.html first for more details.
Error fetching https://index.hu/belfold/rss/: Failed to perform, curl: (6) Could not resolve host: index.hu. See https://curl.se/libcurl/c/libcurl-errors.html first for more details.
Error fetching https://telex.hu/rss: Failed to perform, curl: (6) Could not resolve host: telex.hu. See https://curl.se/libcurl/c/libcurl-errors.html first for more details.
Error fetching https://telex.hu/rss/archivum?filters=%7B%22superTagSlugs%22%3A%5B%22eszkombajn%22%5D%2C%22parentId%22%3A%5B%22null%22%5D%7D&perPage=10: Failed to perform, curl: (6) Could not resolve host: telex.hu. See https://curl.se/libcurl/c/libcurl-errors.html first for more details.
Error fetching https://media.sg.hu/rss/rss.xml: Failed to perform, curl: (6) Could not resolve host: media.sg.hu. See https://curl.se/libcurl/c/libcurl-errors.html first for more details.
Error fetching https://prohardver.hu/hirfolyam/hirek/rss.xml: Failed to perform, curl: (6) Could not resolve host: prohardver.hu. See https://curl.se/libcurl/c/libcurl-errors.html first for more details.
Error fetching https://prohardver.hu/hirfolyam/anyagok/rss.xml: Failed to perform, curl: (6) Could not resolve host: prohardver.hu. See https://curl.se/libcurl/c/libcurl-errors.html first for more details.
Error fetching https://qubit.hu/feed: Failed to perform, curl: (6) Could not resolve host: qubit.hu. See https://curl.se/libcurl/c/libcurl-errors.html first for more details.
Error fetching https://444.hu/feed: Failed to perform, curl: (6) Could not resolve host: 444.hu. See https://curl.se/libcurl/c/libcurl-errors.html first for more details.
Error fetching https://444.hu/category/tudomany/feed: Failed to perform, curl: (6) Could not resolve host: 444.hu. See https://curl.se/libcurl/c/libcurl-errors.html first for more details.
Error fetching https://www.portfolio.hu/rss/: Failed to perform, curl: (6) Could not resolve host: www.portfolio.hu. See https://curl.se/libcurl/c/libcurl-errors.html first for more details.
Error fetching https://sg.hu/plain/rss.xml: Failed to perform, curl: (6) Could not resolve host: sg.hu. See https://curl.se/libcurl/c/libcurl-errors.html first for more details.
Error fetching https://index.hu/sitemap/friss.xml: Failed to perform, curl: (6) Could not resolve host: index.hu. See https://curl.se/libcurl/c/libcurl-errors.html first for more details.
Error fetching https://forbes.hu/feed/: Failed to perform, curl: (6) Could not resolve host: forbes.hu. See https://curl.se/libcurl/c/libcurl-errors.html first for more details.
Error fetching https://www.portfolio.hu/rss/all.xml: Failed to perform, curl: (6) Could not resolve host: www.portfolio.hu. See https://curl.se/libcurl/c/libcurl-errors.html first for more details.
Error fetching https://rss.nytimes.com/services/xml/rss/nyt/Science.xml: Failed to perform, curl: (6) Could not resolve host: rss.nytimes.com. See https://curl.se/libcurl/c/libcurl-errors.html first for more details.
Error fetching https://vezess.hu/rss: Failed to perform, curl: (6) Could not resolve host: vezess.hu. See https://curl.se/libcurl/c/libcurl-errors.html first for more details.
Error fetching https://raketa.hu/feed: Failed to perform, curl: (6) Could not resolve host: raketa.hu. See https://curl.se/libcurl/c/libcurl-errors.html first for more details.
Error fetching https://totalcar.hu/24ora/rss/: Failed to perform, curl: (6) Could not resolve host: totalcar.hu. See https://curl.se/libcurl/c/libcurl-errors.html first for more details.
Error fetching https://www.cnet.com/rss/all/: Failed to perform, curl: (6) Could not resolve host: www.cnet.com. See https://curl.se/libcurl/c/libcurl-errors.html first for more details.
Error fetching https://www.penzcentrum.hu/rss: Failed to perform, curl: (6) Could not resolve host: www.penzcentrum.hu. See https://curl.se/libcurl/c/libcurl-errors.html first for more details.
Error fetching https://444.hu/category/belfold/feed: Failed to perform, curl: (6) Could not resolve host: 444.hu. See https://curl.se/libcurl/c/libcurl-errors.html first for more details.
Error fetching https://esport1.hu/rss: Failed to perform, curl: (6) Could not resolve host: esport1.hu. See https://curl.se/libcurl/c/libcurl-errors.html first for more details.
Error fetching https://www.cnet.com/rss/news/: Failed to perform, curl: (6) Could not resolve host: www.cnet.com. See https://curl.se/libcurl/c/libcurl-errors.html first for more details.
Error fetching https://rss.nytimes.com/services/xml/rss/nyt/Technology.xml: Failed to perform, curl: (6) Could not resolve host: rss.nytimes.com. See https://curl.se/libcurl/c/libcurl-errors.html first for more details.
Error fetching https://www.livescience.com/feeds/all: Failed to perform, curl: (6) Could not resolve host: www.livescience.com. See https://curl.se/libcurl/c/libcurl-errors.html first for more details.
Error fetching https://www.nasa.gov/rss/dyn/breaking_news.rss: Failed to perform, curl: (6) Could not resolve host: www.nasa.gov. See https://curl.se/libcurl/c/libcurl-errors.html first for more details.
Error fetching https://blog.google/rss/: Failed to perform, curl: (6) Could not resolve host: blog.google. See https://curl.se/libcurl/c/libcurl-errors.html first for more details.
Error fetching https://techpowerup.com/rss/news: Failed to perform, curl: (6) Could not resolve host: techpowerup.com. See https://curl.se/libcurl/c/libcurl-errors.html first for more details.
Error fetching https://www.pcgamer.com/rss/: Failed to perform, curl: (6) Could not resolve host: www.pcgamer.com. See https://curl.se/libcurl/c/libcurl-errors.html first for more details.
Error fetching https://welovebudapest.com/feed/: Failed to perform, curl: (6) Could not resolve host: welovebudapest.com. See https://curl.se/libcurl/c/libcurl-errors.html first for more details.
Error fetching https://www.space.com/feeds/all: Failed to perform, curl: (6) Could not resolve host: www.space.com. See https://curl.se/libcurl/c/libcurl-errors.html first for more details.
Error fetching https://electrek.co/feed/: Failed to perform, curl: (6) Could not resolve host: electrek.co. See https://curl.se/libcurl/c/libcurl-errors.html first for more details.
Error fetching https://www.forbes.com/most-popular/feed/: Failed to perform, curl: (6) Could not resolve host: www.forbes.com. See https://curl.se/libcurl/c/libcurl-errors.html first for more details.
Error fetching https://insideevs.com/rss/news/all/: Failed to perform, curl: (6) Could not resolve host: insideevs.com. See https://curl.se/libcurl/c/libcurl-errors.html first for more details.
Error fetching https://www.sciencedaily.com/rss/top.xml: Failed to perform, curl: (6) Could not resolve host: www.sciencedaily.com. See https://curl.se/libcurl/c/libcurl-errors.html first for more details.
Error fetching https://hvg.hu/rss: Failed to perform, curl: (6) Could not resolve host: hvg.hu. See https://curl.se/libcurl/c/libcurl-errors.html first for more details.
Error fetching https://cointelegraph.com/rss: Failed to perform, curl: (6) Could not resolve host: cointelegraph.com. See https://curl.se/libcurl/c/libcurl-errors.html first for more details.
Error fetching https://feeds.feedburner.com/ign/movies-articles: Failed to perform, curl: (6) Could not resolve host: feeds.feedburner.com. See https://curl.se/libcurl/c/libcurl-errors.html first for more details.
Error fetching https://www.vezess.hu/feed/: Failed to perform, curl: (6) Could not resolve host: www.vezess.hu. See https://curl.se/libcurl/c/libcurl-errors.html first for more details.
Error fetching https://insideevs.com/rss/articles/all: Failed to perform, curl: (6) Could not resolve host: insideevs.com. See https://curl.se/libcurl/c/libcurl-errors.html first for more details.
Error fetching https://github.blog/feed/: Failed to perform, curl: (6) Could not resolve host: github.blog. See https://curl.se/libcurl/c/libcurl-errors.html first for more details.
Error fetching https://www.gamingbible.com/index.rss: Failed to perform, curl: (6) Could not resolve host: www.gamingbible.com. See https://curl.se/libcurl/c/libcurl-errors.html first for more details.
Error fetching https://feeds.feedburner.com/ign/tech-articles: Failed to perform, curl: (6) Could not resolve host: feeds.feedburner.com. See https://curl.se/libcurl/c/libcurl-errors.html first for more details.
Error fetching https://www.sciencedaily.com/rss/all.xml: Failed to perform, curl: (6) Could not resolve host: www.sciencedaily.com. See https://curl.se/libcurl/c/libcurl-errors.html first for more details.
Error fetching https://pcguru.hu/rss: Failed to perform, curl: (6) Could not resolve host: pcguru.hu. See https://curl.se/libcurl/c/libcurl-errors.html first for more details.
Error fetching https://drive.hu/rss: Failed to perform, curl: (6) Could not resolve host: drive.hu. See https://curl.se/libcurl/c/libcurl-errors.html first for more details.
Error fetching https://feeds.feedburner.com/ign/tv-articles: Failed to perform, curl: (6) Could not resolve host: feeds.feedburner.com. See https://curl.se/libcurl/c/libcurl-errors.html first for more details.
Error fetching https://24.hu/feed/: Failed to perform, curl: (6) Could not resolve host: 24.hu. See https://curl.se/libcurl/c/libcurl-errors.html first for more details.
Error fetching https://feeds.forbes.com/real-time/feed2/: Failed to perform, curl: (6) Could not resolve host: feeds.forbes.com. See https://curl.se/libcurl/c/libcurl-errors.html first for more details.
Error fetching https://prog.hu/site/backend/proghu-rss.xml: Failed to perform, curl: (6) Could not resolve host: prog.hu. See https://curl.se/libcurl/c/libcurl-errors.html first for more details.
Error fetching https://decrypt.co/feed: Failed to perform, curl: (6) Could not resolve host: decrypt.co. See https://curl.se/libcurl/c/libcurl-errors.html first for more details.
Error fetching https://bitcoinmagazine.com/.rss/full/: Failed to perform, curl: (6) Could not resolve host: bitcoinmagazine.com. See https://curl.se/libcurl/c/libcurl-errors.html first for more details.
Error fetching https://techcrunch.com/feed: Failed to perform, curl: (6) Could not resolve host: techcrunch.com. See https://curl.se/libcurl/c/libcurl-errors.html first for more details.
Error fetching https://bitcoinmagazine.com/feed: Failed to perform, curl: (6) Could not resolve host: bitcoinmagazine.com. See https://curl.se/libcurl/c/libcurl-errors.html first for more details.
Error fetching https://gsplus.hu/site/rss/rss.xml: Failed to perform, curl: (6) Could not resolve host: gsplus.hu. See https://curl.se/libcurl/c/libcurl-errors.html first for more details.
Error fetching https://feeds.feedburner.com/ign/games-all: Failed to perform, curl: (6) Could not resolve host: feeds.feedburner.com. See https://curl.se/libcurl/c/libcurl-errors.html first for more details.
Error fetching https://feeds.feedburner.com/ign/all: Failed to perform, curl: (6) Could not resolve host: feeds.feedburner.com. See https://curl.se/libcurl/c/libcurl-errors.html first for more details.
Error fetching https://futurism.com/feed: Failed to perform, curl: (6) Could not resolve host: futurism.com. See https://curl.se/libcurl/c/libcurl-errors.html first for more details.
Error fetching https://femina.hu/24ora/rss.xml: Failed to perform, curl: (6) Could not resolve host: femina.hu. See https://curl.se/libcurl/c/libcurl-errors.html first for more details.
Error fetching https://offmedia.hu/feed: Failed to perform, curl: (6) Could not resolve host: offmedia.hu. See https://curl.se/libcurl/c/libcurl-errors.html first for more details.
Error fetching https://ng.24.hu/feed: Failed to perform, curl: (6) Could not resolve host: ng.24.hu. See https://curl.se/libcurl/c/libcurl-errors.html first for more details.
Error fetching https://aihirfolyam.hu/feed: Failed to perform, curl: (6) Could not resolve host: aihirfolyam.hu. See https://curl.se/libcurl/c/libcurl-errors.html first for more details.
Error fetching https://www.economx.hu/feed: Failed to perform, curl: (6) Could not resolve host: www.economx.hu. See https://curl.se/libcurl/c/libcurl-errors.html first for more details.
Error fetching https://the-zone.hu/feed: Failed to perform, curl: (6) Could not resolve host: the-zone.hu. See https://curl.se/libcurl/c/libcurl-errors.html first for more details.
Error fetching https://prog.hu/hirek/rss: Failed to perform, curl: (6) Could not resolve host: prog.hu. See https://curl.se/libcurl/c/libcurl-errors.html first for more details.
Error fetching https://funzine.hu/feed: Failed to perform, curl: (6) Could not resolve host: funzine.hu. See https://curl.se/libcurl/c/libcurl-errors.html first for more details.
Error fetching https://marieclaire.hu/feed: Failed to perform, curl: (6) Could not resolve host: marieclaire.hu. See https://curl.se/libcurl/c/libcurl-errors.html first for more details.
Error fetching https://www.maxim.com/feed: Failed to perform, curl: (6) Could not resolve host: www.maxim.com. See https://curl.se/libcurl/c/libcurl-errors.html first for more details.
Error fetching https://nlc.hu/feed: Failed to perform, curl: (6) Could not resolve host: nlc.hu. See https://curl.se/libcurl/c/libcurl-errors.html first for more details.
Error fetching https://sorozatjunkie.hu/feed: Failed to perform, curl: (6) Could not resolve host: sorozatjunkie.hu. See https://curl.se/libcurl/c/libcurl-errors.html first for more details.
Error fetching https://www.hwsw.hu/xml/latest_news_rss.xml: Failed to perform, curl: (6) Could not resolve host: www.hwsw.hu. See https://curl.se/libcurl/c/libcurl-errors.html first for more details.
Error fetching https://fhm.com/feed: Failed to perform, curl: (6) Could not resolve host: fhm.com. See https://curl.se/libcurl/c/libcurl-errors.html first for more details.
Error fetching https://velvet.hu/24ora/rss/: Failed to perform, curl: (6) Could not resolve host: velvet.hu. See https://curl.se/libcurl/c/libcurl-errors.html first for more details.
Error fetching https://totalcar.hu/feed: Failed to perform, curl: (6) Could not resolve host: totalcar.hu. See https://curl.se/libcurl/c/libcurl-errors.html first for more details.
Error fetching https://travelmagazin.hu/feed: Failed to perform, curl: (6) Could not resolve host: travelmagazin.hu. See https://curl.se/libcurl/c/libcurl-errors.html first for more details.
Error fetching https://azutazo.hu/feed: Failed to perform, curl: (6) Could not resolve host: azutazo.hu. See https://curl.se/libcurl/c/libcurl-errors.html first for more details.
Error fetching https://player.hu/feed: Failed to perform, curl: (6) Could not resolve host: player.hu. See https://curl.se/libcurl/c/libcurl-errors.html first for more details.
Error fetching https://roadster.hu/feed: Failed to perform, curl: (6) Could not resolve host: roadster.hu. See https://curl.se/libcurl/c/libcurl-errors.html first for more details.
Error fetching https://firstclass.hu/feed: Failed to perform, curl: (6) Could not resolve host: firstclass.hu. See https://curl.se/libcurl/c/libcurl-errors.html first for more details.
Error fetching https://caravantimes.co.uk/feed: Failed to perform, curl: (6) Could not resolve host: caravantimes.co.uk. See https://curl.se/libcurl/c/libcurl-errors.html first for more details.
Error fetching https://www.penzcentrum.hu/rss/all.xml: Failed to perform, curl: (6) Could not resolve host: www.penzcentrum.hu. See https://curl.se/libcurl/c/libcurl-errors.html first for more details.
Error fetching https://9to5mac.com/feed/: Failed to perform, curl: (6) Could not resolve host: 9to5mac.com. See https://curl.se/libcurl/c/libcurl-errors.html first for more details.
[09:16:49] Image_Downloader: Download failed (https://www.mafab.hu/img/images/1(95).JPG): 404 Client Error: Not Found for url: https://www.mafab.hu/img/images/1(95).JPG
[09:16:57] Image_Downloader: Download failed (https://www.mafab.hu/img/images/1(95).JPG): 404 Client Error: Not Found for url: https://www.mafab.hu/img/images/1(95).JPG

===== PIPELINE RUN START 2026-09-02T09:17:14 [run_pipeline_persistent] =====

--- RSS Fetch Errors at 2026-09-02 09:24:25 ---
Error fetching https://hu.ign.com/feed.xml: Failed to perform, curl: (6) Could not resolve host: hu.ign.com. See https://curl.se/libcurl/c/libcurl-errors.html first for more details.
Error fetching https://hu.ign.com/feed.xml: Failed to perform, curl: (6) Could not resolve host: hu.ign.com. See https://curl.se/libcurl/c/libcurl-errors.html first for more details.
Error fetching https://aihirfolyam.hu/feed: Failed to perform, curl: (6) Could not resolve host: aihirfolyam.hu. See https://curl.se/libcurl/c/libcurl-errors.html first for more details.
Error fetching https://offmedia.hu/feed: Failed to perform, curl: (6) Could not resolve host: offmedia.hu. See https://curl.se/libcurl/c/libcurl-errors.html first for more details.
Error fetching https://prog.hu/hirek/rss: Failed to perform, curl: (6) Could not resolve host: prog.hu. See https://curl.se/libcurl/c/libcurl-errors.html first for more details.
Error fetching https://the-zone.hu/feed: Failed to perform, curl: (6) Could not resolve host: the-zone.hu. See https://curl.se/libcurl/c/libcurl-errors.html first for more details.
Error fetching https://ng.24.hu/feed: Failed to perform, curl: (6) Could not resolve host: ng.24.hu. See https://curl.se/libcurl/c/libcurl-errors.html first for more details.
Error fetching https://funzine.hu/feed: Failed to perform, curl: (6) Could not resolve host: funzine.hu. See https://curl.se/libcurl/c/libcurl-errors.html first for more details.
Error fetching https://www.economx.hu/feed: Failed to perform, curl: (6) Could not resolve host: www.economx.hu. See https://curl.se/libcurl/c/libcurl-errors.html first for more details.
Error fetching https://nlc.hu/feed: Failed to perform, curl: (6) Could not resolve host: nlc.hu. See https://curl.se/libcurl/c/libcurl-errors.html first for more details.
Error fetching https://www.hwsw.hu/xml/latest_news_rss.xml: Failed to perform, curl: (6) Could not resolve host: www.hwsw.hu. See https://curl.se/libcurl/c/libcurl-errors.html first for more details.
Error fetching https://marieclaire.hu/feed: Failed to perform, curl: (6) Could not resolve host: marieclaire.hu. See https://curl.se/libcurl/c/libcurl-errors.html first for more details.
Error fetching https://www.maxim.com/feed: Failed to perform, curl: (6) Could not resolve host: www.maxim.com. See https://curl.se/libcurl/c/libcurl-errors.html first for more details.
Error fetching https://fhm.com/feed: Failed to perform, curl: (6) Could not resolve host: fhm.com. See https://curl.se/libcurl/c/libcurl-errors.html first for more details.
Error fetching https://sorozatjunkie.hu/feed: Failed to perform, curl: (6) Could not resolve host: sorozatjunkie.hu. See https://curl.se/libcurl/c/libcurl-errors.html first for more details.
Error fetching https://velvet.hu/24ora/rss/: Failed to perform, curl: (6) Could not resolve host: velvet.hu. See https://curl.se/libcurl/c/libcurl-errors.html first for more details.
Error fetching https://totalcar.hu/feed: Failed to perform, curl: (6) Could not resolve host: totalcar.hu. See https://curl.se/libcurl/c/libcurl-errors.html first for more details.
Error fetching https://travelmagazin.hu/feed: Failed to perform, curl: (6) Could not resolve host: travelmagazin.hu. See https://curl.se/libcurl/c/libcurl-errors.html first for more details.
Error fetching https://player.hu/feed: Failed to perform, curl: (6) Could not resolve host: player.hu. See https://curl.se/libcurl/c/libcurl-errors.html first for more details.
Error fetching https://azutazo.hu/feed: Failed to perform, curl: (6) Could not resolve host: azutazo.hu. See https://curl.se/libcurl/c/libcurl-errors.html first for more details.
Error fetching https://firstclass.hu/feed: Failed to perform, curl: (6) Could not resolve host: firstclass.hu. See https://curl.se/libcurl/c/libcurl-errors.html first for more details.
Error fetching https://caravantimes.co.uk/feed: Failed to perform, curl: (6) Could not resolve host: caravantimes.co.uk. See https://curl.se/libcurl/c/libcurl-errors.html first for more details.
Error fetching https://roadster.hu/feed: Failed to perform, curl: (6) Could not resolve host: roadster.hu. See https://curl.se/libcurl/c/libcurl-errors.html first for more details.
Error fetching https://www.penzcentrum.hu/rss/all.xml: Failed to perform, curl: (6) Could not resolve host: www.penzcentrum.hu. See https://curl.se/libcurl/c/libcurl-errors.html first for more details.
Error fetching https://9to5mac.com/feed/: Failed to perform, curl: (6) Could not resolve host: 9to5mac.com. See https://curl.se/libcurl/c/libcurl-errors.html first for more details.
[09:26:44] Image_Downloader: Download failed (https://www.mafab.hu/img/images/1(95).JPG): 404 Client Error: Not Found for url: https://www.mafab.hu/img/images/1(95).JPG
[09:26:52] Image_Downloader: Download failed (https://www.mafab.hu/img/images/1(95).JPG): 404 Client Error: Not Found for url: https://www.mafab.hu/img/images/1(95).JPG

===== PIPELINE RUN START 2026-09-02T09:26:52 [run_pipeline_persistent] =====
[09:36:23] Image_Downloader: Download failed (https://www.mafab.hu/img/images/1(95).JPG): 404 Client Error: Not Found for url: https://www.mafab.hu/img/images/1(95).JPG
[09:36:30] Image_Downloader: Download failed (https://www.mafab.hu/img/images/1(95).JPG): 404 Client Error: Not Found for url: https://www.mafab.hu/img/images/1(95).JPG

===== PIPELINE RUN START 2026-09-02T09:36:43 [run_pipeline_persistent] =====
[09:46:09] Image_Downloader: Download failed (https://www.mafab.hu/img/images/1(95).JPG): 404 Client Error: Not Found for url: https://www.mafab.hu/img/images/1(95).JPG
[09:46:16] Image_Downloader: Download failed (https://www.mafab.hu/img/images/1(95).JPG): 404 Client Error: Not Found for url: https://www.mafab.hu/img/images/1(95).JPG

===== PIPELINE RUN START 2026-09-02T09:46:17 [run_pipeline_persistent] =====

--- RSS Fetch Errors at 2026-09-02 10:00:04 ---
Error fetching https://rss.nytimes.com/services/xml/rss/nyt/Science.xml: Failed to perform, curl: (6) Could not resolve host: rss.nytimes.com. See https://curl.se/libcurl/c/libcurl-errors.html first for more details.
Error fetching https://444.hu/feed: Failed to perform, curl: (6) Could not resolve host: 444.hu. See https://curl.se/libcurl/c/libcurl-errors.html first for more details.
Error fetching https://qubit.hu/feed: Failed to perform, curl: (6) Could not resolve host: qubit.hu. See https://curl.se/libcurl/c/libcurl-errors.html first for more details.
Error fetching https://444.hu/category/belfold/feed: Failed to perform, curl: (6) Could not resolve host: 444.hu. See https://curl.se/libcurl/c/libcurl-errors.html first for more details.
Error fetching https://rss.nytimes.com/services/xml/rss/nyt/Technology.xml: Failed to perform, curl: (6) Could not resolve host: rss.nytimes.com. See https://curl.se/libcurl/c/libcurl-errors.html first for more details.
Error fetching https://prohardver.hu/hirfolyam/hirek/rss.xml: Failed to perform, curl: (6) Could not resolve host: prohardver.hu. See https://curl.se/libcurl/c/libcurl-errors.html first for more details.
Error fetching https://index.hu/sitemap/friss.xml: Failed to perform, curl: (6) Could not resolve host: index.hu. See https://curl.se/libcurl/c/libcurl-errors.html first for more details.
Error fetching https://www.portfolio.hu/rss/: Failed to perform, curl: (6) Could not resolve host: www.portfolio.hu. See https://curl.se/libcurl/c/libcurl-errors.html first for more details.
Error fetching https://444.hu/category/tudomany/feed: Failed to perform, curl: (6) Could not resolve host: 444.hu. See https://curl.se/libcurl/c/libcurl-errors.html first for more details.
Error fetching https://telex.hu/rss/archivum?filters=%7B%22superTagSlugs%22%3A%5B%22eszkombajn%22%5D%2C%22parentId%22%3A%5B%22null%22%5D%7D&perPage=10: Failed to perform, curl: (6) Could not resolve host: telex.hu. See https://curl.se/libcurl/c/libcurl-errors.html first for more details.
Error fetching https://www.pcwplus.hu/site/rss/rss.xml: Failed to perform, curl: (6) Could not resolve host: www.pcwplus.hu. See https://curl.se/libcurl/c/libcurl-errors.html first for more details.
Error fetching https://www.penzcentrum.hu/rss: Failed to perform, curl: (6) Could not resolve host: www.penzcentrum.hu. See https://curl.se/libcurl/c/libcurl-errors.html first for more details.
Error fetching https://hold.hu/holdblog/feed: Failed to perform, curl: (6) Could not resolve host: hold.hu. See https://curl.se/libcurl/c/libcurl-errors.html first for more details.
Error fetching https://index.hu/tudomany/rss/: Failed to perform, curl: (6) Could not resolve host: index.hu. See https://curl.se/libcurl/c/libcurl-errors.html first for more details.
Error fetching https://index.hu/kulfold/rss/: Failed to perform, curl: (6) Could not resolve host: index.hu. See https://curl.se/libcurl/c/libcurl-errors.html first for more details.
Error fetching https://index.hu/belfold/rss/: Failed to perform, curl: (6) Could not resolve host: index.hu. See https://curl.se/libcurl/c/libcurl-errors.html first for more details.
Error fetching https://www.portfolio.hu/rss/all.xml: Failed to perform, curl: (6) Could not resolve host: www.portfolio.hu. See https://curl.se/libcurl/c/libcurl-errors.html first for more details.
Error fetching https://prohardver.hu/hirfolyam/anyagok/rss.xml: Failed to perform, curl: (6) Could not resolve host: prohardver.hu. See https://curl.se/libcurl/c/libcurl-errors.html first for more details.
Error fetching https://sg.hu/plain/rss.xml: Failed to perform, curl: (6) Could not resolve host: sg.hu. See https://curl.se/libcurl/c/libcurl-errors.html first for more details.
Error fetching https://index.hu/24ora/rss: Failed to perform, curl: (6) Could not resolve host: index.hu. See https://curl.se/libcurl/c/libcurl-errors.html first for more details.
Error fetching https://sg.hu/rss: Failed to perform, curl: (6) Could not resolve host: sg.hu. See https://curl.se/libcurl/c/libcurl-errors.html first for more details.
Error fetching https://www.cnet.com/rss/news/: Failed to perform, curl: (6) Could not resolve host: www.cnet.com. See https://curl.se/libcurl/c/libcurl-errors.html first for more details.
Error fetching https://welovebudapest.com/feed/: Failed to perform, curl: (6) Could not resolve host: welovebudapest.com. See https://curl.se/libcurl/c/libcurl-errors.html first for more details.
Error fetching https://www.livescience.com/feeds/all: Failed to perform, curl: (6) Could not resolve host: www.livescience.com. See https://curl.se/libcurl/c/libcurl-errors.html first for more details.
Error fetching https://raketa.hu/feed: Failed to perform, curl: (6) Could not resolve host: raketa.hu. See https://curl.se/libcurl/c/libcurl-errors.html first for more details.
Error fetching https://www.cnet.com/rss/all/: Failed to perform, curl: (6) Could not resolve host: www.cnet.com. See https://curl.se/libcurl/c/libcurl-errors.html first for more details.
Error fetching https://blog.google/rss/: Failed to perform, curl: (6) Could not resolve host: blog.google. See https://curl.se/libcurl/c/libcurl-errors.html first for more details.
Error fetching https://www.sciencedaily.com/rss/top.xml: Failed to perform, curl: (6) Could not resolve host: www.sciencedaily.com. See https://curl.se/libcurl/c/libcurl-errors.html first for more details.
Error fetching https://techpowerup.com/rss/news: Failed to perform, curl: (6) Could not resolve host: techpowerup.com. See https://curl.se/libcurl/c/libcurl-errors.html first for more details.
Error fetching https://www.sciencedaily.com/rss/all.xml: Failed to perform, curl: (6) Could not resolve host: www.sciencedaily.com. See https://curl.se/libcurl/c/libcurl-errors.html first for more details.
Error fetching https://vezess.hu/rss: Failed to perform, curl: (6) Could not resolve host: vezess.hu. See https://curl.se/libcurl/c/libcurl-errors.html first for more details.
Error fetching https://electrek.co/feed/: Failed to perform, curl: (6) Could not resolve host: electrek.co. See https://curl.se/libcurl/c/libcurl-errors.html first for more details.
Error fetching https://www.space.com/feeds/all: Failed to perform, curl: (6) Could not resolve host: www.space.com. See https://curl.se/libcurl/c/libcurl-errors.html first for more details.
Error fetching https://www.nasa.gov/rss/dyn/breaking_news.rss: Failed to perform, curl: (6) Could not resolve host: www.nasa.gov. See https://curl.se/libcurl/c/libcurl-errors.html first for more details.
Error fetching https://www.pcgamer.com/rss/: Failed to perform, curl: (6) Could not resolve host: www.pcgamer.com. See https://curl.se/libcurl/c/libcurl-errors.html first for more details.
Error fetching https://insideevs.com/rss/news/all/: Failed to perform, curl: (6) Could not resolve host: insideevs.com. See https://curl.se/libcurl/c/libcurl-errors.html first for more details.
Error fetching https://bitcoinmagazine.com/.rss/full/: Failed to perform, curl: (6) Could not resolve host: bitcoinmagazine.com. See https://curl.se/libcurl/c/libcurl-errors.html first for more details.
Error fetching https://insideevs.com/rss/articles/all: Failed to perform, curl: (6) Could not resolve host: insideevs.com. See https://curl.se/libcurl/c/libcurl-errors.html first for more details.
Error fetching https://github.blog/feed/: Failed to perform, curl: (6) Could not resolve host: github.blog. See https://curl.se/libcurl/c/libcurl-errors.html first for more details.
Error fetching https://decrypt.co/feed: Failed to perform, curl: (6) Could not resolve host: decrypt.co. See https://curl.se/libcurl/c/libcurl-errors.html first for more details.
Error fetching https://futurism.com/feed: Failed to perform, curl: (6) Could not resolve host: futurism.com. See https://curl.se/libcurl/c/libcurl-errors.html first for more details.
Error fetching https://pcguru.hu/rss: Failed to perform, curl: (6) Could not resolve host: pcguru.hu. See https://curl.se/libcurl/c/libcurl-errors.html first for more details.
Error fetching https://drive.hu/rss: Failed to perform, curl: (6) Could not resolve host: drive.hu. See https://curl.se/libcurl/c/libcurl-errors.html first for more details.
Error fetching https://bitcoinmagazine.com/feed: Failed to perform, curl: (6) Could not resolve host: bitcoinmagazine.com. See https://curl.se/libcurl/c/libcurl-errors.html first for more details.
Error fetching https://www.gamingbible.com/index.rss: Failed to perform, curl: (6) Could not resolve host: www.gamingbible.com. See https://curl.se/libcurl/c/libcurl-errors.html first for more details.
Error fetching https://feeds.feedburner.com/ign/movies-articles: Failed to perform, curl: (6) Could not resolve host: feeds.feedburner.com. See https://curl.se/libcurl/c/libcurl-errors.html first for more details.
Error fetching https://feeds.feedburner.com/ign/all: Failed to perform, curl: (6) Could not resolve host: feeds.feedburner.com. See https://curl.se/libcurl/c/libcurl-errors.html first for more details.
Error fetching https://hvg.hu/rss: Failed to perform, curl: (6) Could not resolve host: hvg.hu. See https://curl.se/libcurl/c/libcurl-errors.html first for more details.
Error fetching https://feeds.feedburner.com/ign/tech-articles: Failed to perform, curl: (6) Could not resolve host: feeds.feedburner.com. See https://curl.se/libcurl/c/libcurl-errors.html first for more details.
Error fetching https://www.forbes.com/most-popular/feed/: Failed to perform, curl: (6) Could not resolve host: www.forbes.com. See https://curl.se/libcurl/c/libcurl-errors.html first for more details.
Error fetching https://feeds.feedburner.com/ign/games-all: Failed to perform, curl: (6) Could not resolve host: feeds.feedburner.com. See https://curl.se/libcurl/c/libcurl-errors.html first for more details.
Error fetching https://prog.hu/site/backend/proghu-rss.xml: Failed to perform, curl: (6) Could not resolve host: prog.hu. See https://curl.se/libcurl/c/libcurl-errors.html first for more details.
Error fetching https://techcrunch.com/feed: Failed to perform, curl: (6) Could not resolve host: techcrunch.com. See https://curl.se/libcurl/c/libcurl-errors.html first for more details.
Error fetching https://feeds.feedburner.com/ign/tv-articles: Failed to perform, curl: (6) Could not resolve host: feeds.feedburner.com. See https://curl.se/libcurl/c/libcurl-errors.html first for more details.
Error fetching https://24.hu/feed/: Failed to perform, curl: (6) Could not resolve host: 24.hu. See https://curl.se/libcurl/c/libcurl-errors.html first for more details.
Error fetching https://feeds.forbes.com/real-time/feed2/: Failed to perform, curl: (6) Could not resolve host: feeds.forbes.com. See https://curl.se/libcurl/c/libcurl-errors.html first for more details.
Error fetching https://gsplus.hu/site/rss/rss.xml: Failed to perform, curl: (6) Could not resolve host: gsplus.hu. See https://curl.se/libcurl/c/libcurl-errors.html first for more details.
Error fetching https://media.sg.hu/rss/rss.xml: Failed to perform, curl: (6) Could not resolve host: media.sg.hu. See https://curl.se/libcurl/c/libcurl-errors.html first for more details.
Error fetching https://totalcar.hu/24ora/rss/: Failed to perform, curl: (6) Could not resolve host: totalcar.hu. See https://curl.se/libcurl/c/libcurl-errors.html first for more details.
Error fetching https://forbes.hu/feed/: Failed to perform, curl: (6) Could not resolve host: forbes.hu. See https://curl.se/libcurl/c/libcurl-errors.html first for more details.
Error fetching https://www.vezess.hu/feed/: Failed to perform, curl: (6) Could not resolve host: www.vezess.hu. See https://curl.se/libcurl/c/libcurl-errors.html first for more details.
Error fetching https://hwsw.hu/xml/latest_news_rss.xml: Failed to perform, curl: (6) Could not resolve host: hwsw.hu. See https://curl.se/libcurl/c/libcurl-errors.html first for more details.
Error fetching https://esport1.hu/rss: Failed to perform, curl: (6) Could not resolve host: esport1.hu. See https://curl.se/libcurl/c/libcurl-errors.html first for more details.
Error fetching https://cointelegraph.com/rss: Failed to perform, curl: (6) Could not resolve host: cointelegraph.com. See https://curl.se/libcurl/c/libcurl-errors.html first for more details.
Error fetching https://telex.hu/rss: Failed to perform, curl: (6) Could not resolve host: telex.hu. See https://curl.se/libcurl/c/libcurl-errors.html first for more details.
[10:18:39] Image_Downloader: Download failed (https://www.mafab.hu/img/images/1(95).JPG): 404 Client Error: Not Found for url: https://www.mafab.hu/img/images/1(95).JPG
[10:18:46] Image_Downloader: Download failed (https://www.mafab.hu/img/images/1(95).JPG): 404 Client Error: Not Found for url: https://www.mafab.hu/img/images/1(95).JPG

===== PIPELINE RUN START 2026-09-02T10:18:59 [run_pipeline_persistent] =====

--- RSS Fetch Errors at 2026-09-02 10:26:15 ---
Error fetching https://sorozatjunkie.hu/feed: Failed to perform, curl: (6) Could not resolve host: sorozatjunkie.hu. See https://curl.se/libcurl/c/libcurl-errors.html first for more details.
Error fetching https://funzine.hu/feed: Failed to perform, curl: (6) Could not resolve host: funzine.hu. See https://curl.se/libcurl/c/libcurl-errors.html first for more details.
Error fetching https://marieclaire.hu/feed: Failed to perform, curl: (6) Could not resolve host: marieclaire.hu. See https://curl.se/libcurl/c/libcurl-errors.html first for more details.
Error fetching https://fhm.com/feed: Failed to perform, curl: (6) Could not resolve host: fhm.com. See https://curl.se/libcurl/c/libcurl-errors.html first for more details.
Error fetching https://the-zone.hu/feed: Failed to perform, curl: (6) Could not resolve host: the-zone.hu. See https://curl.se/libcurl/c/libcurl-errors.html first for more details.
Error fetching https://totalcar.hu/feed: Failed to perform, curl: (6) Could not resolve host: totalcar.hu. See https://curl.se/libcurl/c/libcurl-errors.html first for more details.
Error fetching https://www.maxim.com/feed: Failed to perform, curl: (6) Could not resolve host: www.maxim.com. See https://curl.se/libcurl/c/libcurl-errors.html first for more details.
Error fetching https://velvet.hu/24ora/rss/: Failed to perform, curl: (6) Could not resolve host: velvet.hu. See https://curl.se/libcurl/c/libcurl-errors.html first for more details.
Error fetching https://aihirfolyam.hu/feed: Failed to perform, curl: (6) Could not resolve host: aihirfolyam.hu. See https://curl.se/libcurl/c/libcurl-errors.html first for more details.
Error fetching https://www.hwsw.hu/xml/latest_news_rss.xml: Failed to perform, curl: (6) Could not resolve host: www.hwsw.hu. See https://curl.se/libcurl/c/libcurl-errors.html first for more details.
Error fetching https://prog.hu/hirek/rss: Failed to perform, curl: (6) Could not resolve host: prog.hu. See https://curl.se/libcurl/c/libcurl-errors.html first for more details.
Error fetching https://www.economx.hu/feed: Failed to perform, curl: (6) Could not resolve host: www.economx.hu. See https://curl.se/libcurl/c/libcurl-errors.html first for more details.
Error fetching https://offmedia.hu/feed: Failed to perform, curl: (6) Could not resolve host: offmedia.hu. See https://curl.se/libcurl/c/libcurl-errors.html first for more details.
Error fetching https://ng.24.hu/feed: Failed to perform, curl: (6) Could not resolve host: ng.24.hu. See https://curl.se/libcurl/c/libcurl-errors.html first for more details.
Error fetching https://nlc.hu/feed: Failed to perform, curl: (6) Could not resolve host: nlc.hu. See https://curl.se/libcurl/c/libcurl-errors.html first for more details.
Error fetching https://firstclass.hu/feed: Failed to perform, curl: (6) Could not resolve host: firstclass.hu. See https://curl.se/libcurl/c/libcurl-errors.html first for more details.
Error fetching https://player.hu/feed: Failed to perform, curl: (6) Could not resolve host: player.hu. See https://curl.se/libcurl/c/libcurl-errors.html first for more details.
Error fetching https://roadster.hu/feed: Failed to perform, curl: (6) Could not resolve host: roadster.hu. See https://curl.se/libcurl/c/libcurl-errors.html first for more details.
Error fetching https://travelmagazin.hu/feed: Failed to perform, curl: (6) Could not resolve host: travelmagazin.hu. See https://curl.se/libcurl/c/libcurl-errors.html first for more details.
Error fetching https://caravantimes.co.uk/feed: Failed to perform, curl: (6) Could not resolve host: caravantimes.co.uk. See https://curl.se/libcurl/c/libcurl-errors.html first for more details.
Error fetching https://azutazo.hu/feed: Failed to perform, curl: (6) Could not resolve host: azutazo.hu. See https://curl.se/libcurl/c/libcurl-errors.html first for more details.
Error fetching https://www.penzcentrum.hu/rss/all.xml: Failed to perform, curl: (6) Could not resolve host: www.penzcentrum.hu. See https://curl.se/libcurl/c/libcurl-errors.html first for more details.
Error fetching https://9to5mac.com/feed/: Failed to perform, curl: (6) Could not resolve host: 9to5mac.com. See https://curl.se/libcurl/c/libcurl-errors.html first for more details.
[10:28:35] Image_Downloader: Download failed (https://www.mafab.hu/img/images/1(95).JPG): 404 Client Error: Not Found for url: https://www.mafab.hu/img/images/1(95).JPG
[10:28:43] Image_Downloader: Download failed (https://www.mafab.hu/img/images/1(95).JPG): 404 Client Error: Not Found for url: https://www.mafab.hu/img/images/1(95).JPG

===== PIPELINE RUN START 2026-09-02T10:28:43 [run_pipeline_persistent] =====
[10:38:16] Image_Downloader: Download failed (https://www.mafab.hu/img/images/1(95).JPG): 404 Client Error: Not Found for url: https://www.mafab.hu/img/images/1(95).JPG
[10:38:23] Image_Downloader: Download failed (https://www.mafab.hu/img/images/1(95).JPG): 404 Client Error: Not Found for url: https://www.mafab.hu/img/images/1(95).JPG

===== PIPELINE RUN START 2026-09-02T10:38:37 [run_pipeline_persistent] =====
[10:48:09] Image_Downloader: Download failed (https://www.mafab.hu/img/images/1(95).JPG): 404 Client Error: Not Found for url: https://www.mafab.hu/img/images/1(95).JPG
[10:48:16] Image_Downloader: Download failed (https://www.mafab.hu/img/images/1(95).JPG): 404 Client Error: Not Found for url: https://www.mafab.hu/img/images/1(95).JPG

===== PIPELINE RUN START 2026-09-02T10:48:16 [run_pipeline_persistent] =====
[10:57:45] Image_Downloader: Download failed (https://www.mafab.hu/img/images/1(95).JPG): 404 Client Error: Not Found for url: https://www.mafab.hu/img/images/1(95).JPG
[10:57:52] Image_Downloader: Download failed (https://www.mafab.hu/img/images/1(95).JPG): 404 Client Error: Not Found for url: https://www.mafab.hu/img/images/1(95).JPG

===== PIPELINE RUN START 2026-09-02T10:58:06 [run_pipeline_persistent] =====
[11:07:47] Image_Downloader: Download failed (https://www.mafab.hu/img/images/1(95).JPG): 404 Client Error: Not Found for url: https://www.mafab.hu/img/images/1(95).JPG
[11:07:54] Image_Downloader: Download failed (https://www.mafab.hu/img/images/1(95).JPG): 404 Client Error: Not Found for url: https://www.mafab.hu/img/images/1(95).JPG

===== PIPELINE RUN START 2026-09-02T11:08:08 [run_pipeline_persistent] =====
[11:17:44] Image_Downloader: Download failed (https://www.mafab.hu/img/images/1(95).JPG): 404 Client Error: Not Found for url: https://www.mafab.hu/img/images/1(95).JPG
[11:17:51] Image_Downloader: Download failed (https://www.mafab.hu/img/images/1(95).JPG): 404 Client Error: Not Found for url: https://www.mafab.hu/img/images/1(95).JPG

===== PIPELINE RUN START 2026-09-02T11:17:52 [run_pipeline_persistent] =====
[11:27:24] Image_Downloader: Download failed (https://www.mafab.hu/img/images/1(95).JPG): 404 Client Error: Not Found for url: https://www.mafab.hu/img/images/1(95).JPG
[11:27:32] Image_Downloader: Download failed (https://www.mafab.hu/img/images/1(95).JPG): 404 Client Error: Not Found for url: https://www.mafab.hu/img/images/1(95).JPG

===== PIPELINE RUN START 2026-09-02T11:27:45 [run_pipeline_persistent] =====

--- RSS Fetch Errors at 2026-09-02 11:34:56 ---
Error fetching https://prog.hu/hirek/rss: Failed to perform, curl: (6) Could not resolve host: prog.hu. See https://curl.se/libcurl/c/libcurl-errors.html first for more details.
Error fetching https://funzine.hu/feed: Failed to perform, curl: (6) Could not resolve host: funzine.hu. See https://curl.se/libcurl/c/libcurl-errors.html first for more details.
Error fetching https://the-zone.hu/feed: Failed to perform, curl: (6) Could not resolve host: the-zone.hu. See https://curl.se/libcurl/c/libcurl-errors.html first for more details.
Error fetching https://www.economx.hu/feed: Failed to perform, curl: (6) Could not resolve host: www.economx.hu. See https://curl.se/libcurl/c/libcurl-errors.html first for more details.
Error fetching https://sorozatjunkie.hu/feed: Failed to perform, curl: (6) Could not resolve host: sorozatjunkie.hu. See https://curl.se/libcurl/c/libcurl-errors.html first for more details.
Error fetching https://totalcar.hu/feed: Failed to perform, curl: (6) Could not resolve host: totalcar.hu. See https://curl.se/libcurl/c/libcurl-errors.html first for more details.
Error fetching https://aihirfolyam.hu/feed: Failed to perform, curl: (6) Could not resolve host: aihirfolyam.hu. See https://curl.se/libcurl/c/libcurl-errors.html first for more details.
Error fetching https://offmedia.hu/feed: Failed to perform, curl: (6) Could not resolve host: offmedia.hu. See https://curl.se/libcurl/c/libcurl-errors.html first for more details.
Error fetching https://nlc.hu/feed: Failed to perform, curl: (6) Could not resolve host: nlc.hu. See https://curl.se/libcurl/c/libcurl-errors.html first for more details.
Error fetching https://fhm.com/feed: Failed to perform, curl: (6) Could not resolve host: fhm.com. See https://curl.se/libcurl/c/libcurl-errors.html first for more details.
Error fetching https://www.maxim.com/feed: Failed to perform, curl: (6) Could not resolve host: www.maxim.com. See https://curl.se/libcurl/c/libcurl-errors.html first for more details.
Error fetching https://marieclaire.hu/feed: Failed to perform, curl: (6) Could not resolve host: marieclaire.hu. See https://curl.se/libcurl/c/libcurl-errors.html first for more details.
Error fetching https://velvet.hu/24ora/rss/: Failed to perform, curl: (6) Could not resolve host: velvet.hu. See https://curl.se/libcurl/c/libcurl-errors.html first for more details.
Error fetching https://www.hwsw.hu/xml/latest_news_rss.xml: Failed to perform, curl: (6) Could not resolve host: www.hwsw.hu. See https://curl.se/libcurl/c/libcurl-errors.html first for more details.
Error fetching https://ng.24.hu/feed: Failed to perform, curl: (6) Could not resolve host: ng.24.hu. See https://curl.se/libcurl/c/libcurl-errors.html first for more details.
Error fetching https://player.hu/feed: Failed to perform, curl: (6) Could not resolve host: player.hu. See https://curl.se/libcurl/c/libcurl-errors.html first for more details.
Error fetching https://roadster.hu/feed: Failed to perform, curl: (6) Could not resolve host: roadster.hu. See https://curl.se/libcurl/c/libcurl-errors.html first for more details.
Error fetching https://travelmagazin.hu/feed: Failed to perform, curl: (6) Could not resolve host: travelmagazin.hu. See https://curl.se/libcurl/c/libcurl-errors.html first for more details.
Error fetching https://caravantimes.co.uk/feed: Failed to perform, curl: (6) Could not resolve host: caravantimes.co.uk. See https://curl.se/libcurl/c/libcurl-errors.html first for more details.
Error fetching https://azutazo.hu/feed: Failed to perform, curl: (6) Could not resolve host: azutazo.hu. See https://curl.se/libcurl/c/libcurl-errors.html first for more details.
Error fetching https://firstclass.hu/feed: Failed to perform, curl: (6) Could not resolve host: firstclass.hu. See https://curl.se/libcurl/c/libcurl-errors.html first for more details.
Error fetching https://www.penzcentrum.hu/rss/all.xml: Failed to perform, curl: (6) Could not resolve host: www.penzcentrum.hu. See https://curl.se/libcurl/c/libcurl-errors.html first for more details.
Error fetching https://9to5mac.com/feed/: Failed to perform, curl: (6) Could not resolve host: 9to5mac.com. See https://curl.se/libcurl/c/libcurl-errors.html first for more details.
[11:37:15] Image_Downloader: Download failed (https://www.mafab.hu/img/images/1(95).JPG): 404 Client Error: Not Found for url: https://www.mafab.hu/img/images/1(95).JPG
[11:37:22] Image_Downloader: Download failed (https://www.mafab.hu/img/images/1(95).JPG): 404 Client Error: Not Found for url: https://www.mafab.hu/img/images/1(95).JPG

===== PIPELINE RUN START 2026-09-02T11:37:23 [run_pipeline_persistent] =====
[11:46:59] Image_Downloader: Download failed (https://www.mafab.hu/img/images/1(95).JPG): 404 Client Error: Not Found for url: https://www.mafab.hu/img/images/1(95).JPG
[11:47:06] Image_Downloader: Download failed (https://www.mafab.hu/img/images/1(95).JPG): 404 Client Error: Not Found for url: https://www.mafab.hu/img/images/1(95).JPG

===== PIPELINE RUN START 2026-09-02T11:47:20 [run_pipeline_persistent] =====
[11:56:51] Image_Downloader: Download failed (https://www.mafab.hu/img/images/1(95).JPG): 404 Client Error: Not Found for url: https://www.mafab.hu/img/images/1(95).JPG
[11:56:58] Image_Downloader: Download failed (https://www.mafab.hu/img/images/1(95).JPG): 404 Client Error: Not Found for url: https://www.mafab.hu/img/images/1(95).JPG

===== PIPELINE RUN START 2026-09-02T11:56:59 [run_pipeline_persistent] =====
[12:06:33] Image_Downloader: Download failed (https://www.mafab.hu/img/images/1(95).JPG): 404 Client Error: Not Found for url: https://www.mafab.hu/img/images/1(95).JPG
[12:06:40] Image_Downloader: Download failed (https://www.mafab.hu/img/images/1(95).JPG): 404 Client Error: Not Found for url: https://www.mafab.hu/img/images/1(95).JPG

===== PIPELINE RUN START 2026-09-02T12:06:54 [run_pipeline_persistent] =====
[12:16:28] Image_Downloader: Download failed (https://www.mafab.hu/img/images/1(95).JPG): 404 Client Error: Not Found for url: https://www.mafab.hu/img/images/1(95).JPG
[12:16:35] Image_Downloader: Download failed (https://www.mafab.hu/img/images/1(95).JPG): 404 Client Error: Not Found for url: https://www.mafab.hu/img/images/1(95).JPG

===== PIPELINE RUN START 2026-09-02T12:16:35 [run_pipeline_persistent] =====
[12:26:05] Image_Downloader: Download failed (https://www.mafab.hu/img/images/1(95).JPG): 404 Client Error: Not Found for url: https://www.mafab.hu/img/images/1(95).JPG
[12:26:13] Image_Downloader: Download failed (https://www.mafab.hu/img/images/1(95).JPG): 404 Client Error: Not Found for url: https://www.mafab.hu/img/images/1(95).JPG

===== PIPELINE RUN START 2026-09-02T12:26:26 [run_pipeline_persistent] =====
[12:35:57] Image_Downloader: Download failed (https://www.mafab.hu/img/images/1(95).JPG): 404 Client Error: Not Found for url: https://www.mafab.hu/img/images/1(95).JPG
[12:36:04] Image_Downloader: Download failed (https://www.mafab.hu/img/images/1(95).JPG): 404 Client Error: Not Found for url: https://www.mafab.hu/img/images/1(95).JPG

===== PIPELINE RUN START 2026-09-02T12:36:05 [run_pipeline_persistent] =====
[12:45:37] Image_Downloader: Download failed (https://www.mafab.hu/img/images/1(95).JPG): 404 Client Error: Not Found for url: https://www.mafab.hu/img/images/1(95).JPG
[12:45:44] Image_Downloader: Download failed (https://www.mafab.hu/img/images/1(95).JPG): 404 Client Error: Not Found for url: https://www.mafab.hu/img/images/1(95).JPG

===== PIPELINE RUN START 2026-09-02T12:45:58 [run_pipeline_persistent] =====
[12:55:26] Image_Downloader: Download failed (https://www.mafab.hu/img/images/1(95).JPG): 404 Client Error: Not Found for url: https://www.mafab.hu/img/images/1(95).JPG
[12:55:33] Image_Downloader: Download failed (https://www.mafab.hu/img/images/1(95).JPG): 404 Client Error: Not Found for url: https://www.mafab.hu/img/images/1(95).JPG

===== PIPELINE RUN START 2026-09-02T12:55:34 [run_pipeline_persistent] =====
[13:05:05] Image_Downloader: Download failed (https://www.mafab.hu/img/images/1(95).JPG): 404 Client Error: Not Found for url: https://www.mafab.hu/img/images/1(95).JPG
[13:05:12] Image_Downloader: Download failed (https://www.mafab.hu/img/images/1(95).JPG): 404 Client Error: Not Found for url: https://www.mafab.hu/img/images/1(95).JPG

===== PIPELINE RUN START 2026-09-02T13:05:26 [run_pipeline_persistent] =====
[13:15:01] Image_Downloader: Download failed (https://www.mafab.hu/img/images/1(95).JPG): 404 Client Error: Not Found for url: https://www.mafab.hu/img/images/1(95).JPG
[13:15:08] Image_Downloader: Download failed (https://www.mafab.hu/img/images/1(95).JPG): 404 Client Error: Not Found for url: https://www.mafab.hu/img/images/1(95).JPG

===== PIPELINE RUN START 2026-09-02T13:15:08 [run_pipeline_persistent] =====
[13:24:39] Image_Downloader: Download failed (https://www.mafab.hu/img/images/1(95).JPG): 404 Client Error: Not Found for url: https://www.mafab.hu/img/images/1(95).JPG
[13:24:47] Image_Downloader: Download failed (https://www.mafab.hu/img/images/1(95).JPG): 404 Client Error: Not Found for url: https://www.mafab.hu/img/images/1(95).JPG

===== PIPELINE RUN START 2026-09-02T13:25:00 [run_pipeline_persistent] =====
[13:34:32] Image_Downloader: Download failed (https://www.mafab.hu/img/images/1(95).JPG): 404 Client Error: Not Found for url: https://www.mafab.hu/img/images/1(95).JPG
[13:34:40] Image_Downloader: Download failed (https://www.mafab.hu/img/images/1(95).JPG): 404 Client Error: Not Found for url: https://www.mafab.hu/img/images/1(95).JPG

===== PIPELINE RUN START 2026-09-02T13:34:40 [run_pipeline_persistent] =====

--- RSS Fetch Errors at 2026-09-02 13:41:55 ---
Error fetching https://www.economx.hu/feed: Failed to perform, curl: (6) Could not resolve host: www.economx.hu. See https://curl.se/libcurl/c/libcurl-errors.html first for more details.
Error fetching https://funzine.hu/feed: Failed to perform, curl: (6) Could not resolve host: funzine.hu. See https://curl.se/libcurl/c/libcurl-errors.html first for more details.
Error fetching https://prog.hu/hirek/rss: Failed to perform, curl: (6) Could not resolve host: prog.hu. See https://curl.se/libcurl/c/libcurl-errors.html first for more details.
Error fetching https://nlc.hu/feed: Failed to perform, curl: (6) Could not resolve host: nlc.hu. See https://curl.se/libcurl/c/libcurl-errors.html first for more details.
Error fetching https://aihirfolyam.hu/feed: Failed to perform, curl: (6) Could not resolve host: aihirfolyam.hu. See https://curl.se/libcurl/c/libcurl-errors.html first for more details.
Error fetching https://totalcar.hu/feed: Failed to perform, curl: (6) Could not resolve host: totalcar.hu. See https://curl.se/libcurl/c/libcurl-errors.html first for more details.
Error fetching https://marieclaire.hu/feed: Failed to perform, curl: (6) Could not resolve host: marieclaire.hu. See https://curl.se/libcurl/c/libcurl-errors.html first for more details.
Error fetching https://ng.24.hu/feed: Failed to perform, curl: (6) Could not resolve host: ng.24.hu. See https://curl.se/libcurl/c/libcurl-errors.html first for more details.
Error fetching https://fhm.com/feed: Failed to perform, curl: (6) Could not resolve host: fhm.com. See https://curl.se/libcurl/c/libcurl-errors.html first for more details.
Error fetching https://www.hwsw.hu/xml/latest_news_rss.xml: Failed to perform, curl: (6) Could not resolve host: www.hwsw.hu. See https://curl.se/libcurl/c/libcurl-errors.html first for more details.
Error fetching https://the-zone.hu/feed: Failed to perform, curl: (6) Could not resolve host: the-zone.hu. See https://curl.se/libcurl/c/libcurl-errors.html first for more details.
Error fetching https://sorozatjunkie.hu/feed: Failed to perform, curl: (6) Could not resolve host: sorozatjunkie.hu. See https://curl.se/libcurl/c/libcurl-errors.html first for more details.
Error fetching https://www.maxim.com/feed: Failed to perform, curl: (6) Could not resolve host: www.maxim.com. See https://curl.se/libcurl/c/libcurl-errors.html first for more details.
Error fetching https://velvet.hu/24ora/rss/: Failed to perform, curl: (6) Could not resolve host: velvet.hu. See https://curl.se/libcurl/c/libcurl-errors.html first for more details.
Error fetching https://offmedia.hu/feed: Failed to perform, curl: (6) Could not resolve host: offmedia.hu. See https://curl.se/libcurl/c/libcurl-errors.html first for more details.
Error fetching https://player.hu/feed: Failed to perform, curl: (6) Could not resolve host: player.hu. See https://curl.se/libcurl/c/libcurl-errors.html first for more details.
Error fetching https://roadster.hu/feed: Failed to perform, curl: (6) Could not resolve host: roadster.hu. See https://curl.se/libcurl/c/libcurl-errors.html first for more details.
Error fetching https://firstclass.hu/feed: Failed to perform, curl: (6) Could not resolve host: firstclass.hu. See https://curl.se/libcurl/c/libcurl-errors.html first for more details.
Error fetching https://azutazo.hu/feed: Failed to perform, curl: (6) Could not resolve host: azutazo.hu. See https://curl.se/libcurl/c/libcurl-errors.html first for more details.
Error fetching https://caravantimes.co.uk/feed: Failed to perform, curl: (6) Could not resolve host: caravantimes.co.uk. See https://curl.se/libcurl/c/libcurl-errors.html first for more details.
Error fetching https://travelmagazin.hu/feed: Failed to perform, curl: (6) Could not resolve host: travelmagazin.hu. See https://curl.se/libcurl/c/libcurl-errors.html first for more details.
Error fetching https://www.penzcentrum.hu/rss/all.xml: Failed to perform, curl: (6) Could not resolve host: www.penzcentrum.hu. See https://curl.se/libcurl/c/libcurl-errors.html first for more details.
Error fetching https://9to5mac.com/feed/: Failed to perform, curl: (6) Could not resolve host: 9to5mac.com. See https://curl.se/libcurl/c/libcurl-errors.html first for more details.
[13:44:15] Image_Downloader: Download failed (https://www.mafab.hu/img/images/1(95).JPG): 404 Client Error: Not Found for url: https://www.mafab.hu/img/images/1(95).JPG
[13:44:22] Image_Downloader: Download failed (https://www.mafab.hu/img/images/1(95).JPG): 404 Client Error: Not Found for url: https://www.mafab.hu/img/images/1(95).JPG

===== PIPELINE RUN START 2026-09-02T13:44:36 [run_pipeline_persistent] =====
[13:54:15] Image_Downloader: Download failed (https://www.mafab.hu/img/images/1(95).JPG): 404 Client Error: Not Found for url: https://www.mafab.hu/img/images/1(95).JPG
[13:54:22] Image_Downloader: Download failed (https://www.mafab.hu/img/images/1(95).JPG): 404 Client Error: Not Found for url: https://www.mafab.hu/img/images/1(95).JPG

===== PIPELINE RUN START 2026-09-02T13:54:22 [run_pipeline_persistent] =====
[14:03:56] Image_Downloader: Download failed (https://www.mafab.hu/img/images/1(95).JPG): 404 Client Error: Not Found for url: https://www.mafab.hu/img/images/1(95).JPG
[14:04:04] Image_Downloader: Download failed (https://www.mafab.hu/img/images/1(95).JPG): 404 Client Error: Not Found for url: https://www.mafab.hu/img/images/1(95).JPG

===== PIPELINE RUN START 2026-09-02T14:04:17 [run_pipeline_persistent] =====
[14:13:51] Image_Downloader: Download failed (https://www.mafab.hu/img/images/1(95).JPG): 404 Client Error: Not Found for url: https://www.mafab.hu/img/images/1(95).JPG
[14:13:59] Image_Downloader: Download failed (https://www.mafab.hu/img/images/1(95).JPG): 404 Client Error: Not Found for url: https://www.mafab.hu/img/images/1(95).JPG

===== PIPELINE RUN START 2026-09-02T14:13:59 [run_pipeline_persistent] =====
[14:23:31] Image_Downloader: Download failed (https://www.mafab.hu/img/images/1(95).JPG): 404 Client Error: Not Found for url: https://www.mafab.hu/img/images/1(95).JPG
[14:23:39] Image_Downloader: Download failed (https://www.mafab.hu/img/images/1(95).JPG): 404 Client Error: Not Found for url: https://www.mafab.hu/img/images/1(95).JPG

===== PIPELINE RUN START 2026-09-02T14:23:52 [run_pipeline_persistent] =====
[14:33:27] Image_Downloader: Download failed (https://www.mafab.hu/img/images/1(95).JPG): 404 Client Error: Not Found for url: https://www.mafab.hu/img/images/1(95).JPG
[14:33:34] Image_Downloader: Download failed (https://www.mafab.hu/img/images/1(95).JPG): 404 Client Error: Not Found for url: https://www.mafab.hu/img/images/1(95).JPG

===== PIPELINE RUN START 2026-09-02T14:33:35 [run_pipeline_persistent] =====
[14:43:13] Image_Downloader: Download failed (https://www.mafab.hu/img/images/1(95).JPG): 404 Client Error: Not Found for url: https://www.mafab.hu/img/images/1(95).JPG
[14:43:20] Image_Downloader: Download failed (https://www.mafab.hu/img/images/1(95).JPG): 404 Client Error: Not Found for url: https://www.mafab.hu/img/images/1(95).JPG

===== PIPELINE RUN START 2026-09-02T14:43:34 [run_pipeline_persistent] =====
[14:53:17] Image_Downloader: Download failed (https://www.mafab.hu/img/images/1(95).JPG): 404 Client Error: Not Found for url: https://www.mafab.hu/img/images/1(95).JPG
[14:53:24] Image_Downloader: Download failed (https://www.mafab.hu/img/images/1(95).JPG): 404 Client Error: Not Found for url: https://www.mafab.hu/img/images/1(95).JPG

===== PIPELINE RUN START 2026-09-02T14:53:38 [run_pipeline_persistent] =====

--- RSS Fetch Errors at 2026-09-02 15:00:56 ---
Error fetching https://femina.hu/24ora/rss.xml: Failed to perform, curl: (6) Could not resolve host: femina.hu. See https://curl.se/libcurl/c/libcurl-errors.html first for more details.
[15:03:16] Image_Downloader: Download failed (https://www.mafab.hu/img/images/1(95).JPG): 404 Client Error: Not Found for url: https://www.mafab.hu/img/images/1(95).JPG
[15:03:23] Image_Downloader: Download failed (https://www.mafab.hu/img/images/1(95).JPG): 404 Client Error: Not Found for url: https://www.mafab.hu/img/images/1(95).JPG

===== PIPELINE RUN START 2026-09-02T15:03:23 [run_pipeline_persistent] =====
[15:13:02] Image_Downloader: Download failed (https://www.mafab.hu/img/images/1(95).JPG): 404 Client Error: Not Found for url: https://www.mafab.hu/img/images/1(95).JPG
[15:13:09] Image_Downloader: Download failed (https://www.mafab.hu/img/images/1(95).JPG): 404 Client Error: Not Found for url: https://www.mafab.hu/img/images/1(95).JPG

===== PIPELINE RUN START 2026-09-02T15:13:23 [run_pipeline_persistent] =====
[15:22:53] Image_Downloader: Download failed (https://www.mafab.hu/img/images/1(95).JPG): 404 Client Error: Not Found for url: https://www.mafab.hu/img/images/1(95).JPG
[15:23:00] Image_Downloader: Download failed (https://www.mafab.hu/img/images/1(95).JPG): 404 Client Error: Not Found for url: https://www.mafab.hu/img/images/1(95).JPG

===== PIPELINE RUN START 2026-09-02T15:23:00 [run_pipeline_persistent] =====

--- RSS Fetch Errors at 2026-09-02 15:30:20 ---
Error fetching https://hu.ign.com/feed.xml: Failed to perform, curl: (6) Could not resolve host: hu.ign.com. See https://curl.se/libcurl/c/libcurl-errors.html first for more details.
Error fetching https://hu.ign.com/feed.xml: Failed to perform, curl: (6) Could not resolve host: hu.ign.com. See https://curl.se/libcurl/c/libcurl-errors.html first for more details.
[15:32:40] Image_Downloader: Download failed (https://www.mafab.hu/img/images/1(95).JPG): 404 Client Error: Not Found for url: https://www.mafab.hu/img/images/1(95).JPG
[15:32:47] Image_Downloader: Download failed (https://www.mafab.hu/img/images/1(95).JPG): 404 Client Error: Not Found for url: https://www.mafab.hu/img/images/1(95).JPG

===== PIPELINE RUN START 2026-09-02T15:33:01 [run_pipeline_persistent] =====
[15:42:43] Image_Downloader: Download failed (https://www.mafab.hu/img/images/1(95).JPG): 404 Client Error: Not Found for url: https://www.mafab.hu/img/images/1(95).JPG
[15:42:50] Image_Downloader: Download failed (https://www.mafab.hu/img/images/1(95).JPG): 404 Client Error: Not Found for url: https://www.mafab.hu/img/images/1(95).JPG

===== PIPELINE RUN START 2026-09-02T15:43:04 [run_pipeline_persistent] =====
[15:52:40] Image_Downloader: Download failed (https://www.mafab.hu/img/images/1(95).JPG): 404 Client Error: Not Found for url: https://www.mafab.hu/img/images/1(95).JPG
[15:52:47] Image_Downloader: Download failed (https://www.mafab.hu/img/images/1(95).JPG): 404 Client Error: Not Found for url: https://www.mafab.hu/img/images/1(95).JPG

===== PIPELINE RUN START 2026-09-02T15:52:47 [run_pipeline_persistent] =====

--- RSS Fetch Errors at 2026-09-02 16:06:36 ---
Error fetching https://sg.hu/plain/rss.xml: Failed to perform, curl: (6) Could not resolve host: sg.hu. See https://curl.se/libcurl/c/libcurl-errors.html first for more details.
Error fetching https://444.hu/feed: Failed to perform, curl: (6) Could not resolve host: 444.hu. See https://curl.se/libcurl/c/libcurl-errors.html first for more details.
Error fetching https://qubit.hu/feed: Failed to perform, curl: (6) Could not resolve host: qubit.hu. See https://curl.se/libcurl/c/libcurl-errors.html first for more details.
Error fetching https://444.hu/category/tudomany/feed: Failed to perform, curl: (6) Could not resolve host: 444.hu. See https://curl.se/libcurl/c/libcurl-errors.html first for more details.
Error fetching https://prohardver.hu/hirfolyam/anyagok/rss.xml: Failed to perform, curl: (6) Could not resolve host: prohardver.hu. See https://curl.se/libcurl/c/libcurl-errors.html first for more details.
Error fetching https://esport1.hu/rss: Failed to perform, curl: (6) Could not resolve host: esport1.hu. See https://curl.se/libcurl/c/libcurl-errors.html first for more details.
Error fetching https://www.penzcentrum.hu/rss: Failed to perform, curl: (6) Could not resolve host: www.penzcentrum.hu. See https://curl.se/libcurl/c/libcurl-errors.html first for more details.
Error fetching https://hwsw.hu/xml/latest_news_rss.xml: Failed to perform, curl: (6) Could not resolve host: hwsw.hu. See https://curl.se/libcurl/c/libcurl-errors.html first for more details.
Error fetching https://www.portfolio.hu/rss/: Failed to perform, curl: (6) Could not resolve host: www.portfolio.hu. See https://curl.se/libcurl/c/libcurl-errors.html first for more details.
Error fetching https://index.hu/sitemap/friss.xml: Failed to perform, curl: (6) Could not resolve host: index.hu. See https://curl.se/libcurl/c/libcurl-errors.html first for more details.
Error fetching https://raketa.hu/feed: Failed to perform, curl: (6) Could not resolve host: raketa.hu. See https://curl.se/libcurl/c/libcurl-errors.html first for more details.
Error fetching https://www.portfolio.hu/rss/all.xml: Failed to perform, curl: (6) Could not resolve host: www.portfolio.hu. See https://curl.se/libcurl/c/libcurl-errors.html first for more details.
Error fetching https://telex.hu/rss: Failed to perform, curl: (6) Could not resolve host: telex.hu. See https://curl.se/libcurl/c/libcurl-errors.html first for more details.
Error fetching https://media.sg.hu/rss/rss.xml: Failed to perform, curl: (6) Could not resolve host: media.sg.hu. See https://curl.se/libcurl/c/libcurl-errors.html first for more details.
Error fetching https://telex.hu/rss/archivum?filters=%7B%22superTagSlugs%22%3A%5B%22eszkombajn%22%5D%2C%22parentId%22%3A%5B%22null%22%5D%7D&perPage=10: Failed to perform, curl: (6) Could not resolve host: telex.hu. See https://curl.se/libcurl/c/libcurl-errors.html first for more details.
Error fetching https://index.hu/tudomany/rss/: Failed to perform, curl: (6) Could not resolve host: index.hu. See https://curl.se/libcurl/c/libcurl-errors.html first for more details.
Error fetching https://welovebudapest.com/feed/: Failed to perform, curl: (6) Could not resolve host: welovebudapest.com. See https://curl.se/libcurl/c/libcurl-errors.html first for more details.
Error fetching https://prohardver.hu/hirfolyam/hirek/rss.xml: Failed to perform, curl: (6) Could not resolve host: prohardver.hu. See https://curl.se/libcurl/c/libcurl-errors.html first for more details.
Error fetching https://totalcar.hu/24ora/rss/: Failed to perform, curl: (6) Could not resolve host: totalcar.hu. See https://curl.se/libcurl/c/libcurl-errors.html first for more details.
Error fetching https://index.hu/kulfold/rss/: Failed to perform, curl: (6) Could not resolve host: index.hu. See https://curl.se/libcurl/c/libcurl-errors.html first for more details.
Error fetching https://sg.hu/rss: Failed to perform, curl: (6) Could not resolve host: sg.hu. See https://curl.se/libcurl/c/libcurl-errors.html first for more details.
Error fetching https://444.hu/category/belfold/feed: Failed to perform, curl: (6) Could not resolve host: 444.hu. See https://curl.se/libcurl/c/libcurl-errors.html first for more details.
Error fetching https://forbes.hu/feed/: Failed to perform, curl: (6) Could not resolve host: forbes.hu. See https://curl.se/libcurl/c/libcurl-errors.html first for more details.
Error fetching https://index.hu/24ora/rss: Failed to perform, curl: (6) Could not resolve host: index.hu. See https://curl.se/libcurl/c/libcurl-errors.html first for more details.
Error fetching https://www.gamingbible.com/index.rss: Failed to perform, curl: (6) Could not resolve host: www.gamingbible.com. See https://curl.se/libcurl/c/libcurl-errors.html first for more details.
Error fetching https://github.blog/feed/: Failed to perform, curl: (6) Could not resolve host: github.blog. See https://curl.se/libcurl/c/libcurl-errors.html first for more details.
Error fetching https://www.livescience.com/feeds/all: Failed to perform, curl: (6) Could not resolve host: www.livescience.com. See https://curl.se/libcurl/c/libcurl-errors.html first for more details.
Error fetching https://www.sciencedaily.com/rss/top.xml: Failed to perform, curl: (6) Could not resolve host: www.sciencedaily.com. See https://curl.se/libcurl/c/libcurl-errors.html first for more details.
Error fetching https://blog.google/rss/: Failed to perform, curl: (6) Could not resolve host: blog.google. See https://curl.se/libcurl/c/libcurl-errors.html first for more details.
Error fetching https://insideevs.com/rss/articles/all: Failed to perform, curl: (6) Could not resolve host: insideevs.com. See https://curl.se/libcurl/c/libcurl-errors.html first for more details.
Error fetching https://www.nasa.gov/rss/dyn/breaking_news.rss: Failed to perform, curl: (6) Could not resolve host: www.nasa.gov. See https://curl.se/libcurl/c/libcurl-errors.html first for more details.
Error fetching https://insideevs.com/rss/news/all/: Failed to perform, curl: (6) Could not resolve host: insideevs.com. See https://curl.se/libcurl/c/libcurl-errors.html first for more details.
Error fetching https://www.space.com/feeds/all: Failed to perform, curl: (6) Could not resolve host: www.space.com. See https://curl.se/libcurl/c/libcurl-errors.html first for more details.
Error fetching https://feeds.forbes.com/real-time/feed2/: Failed to perform, curl: (6) Could not resolve host: feeds.forbes.com. See https://curl.se/libcurl/c/libcurl-errors.html first for more details.
Error fetching https://cointelegraph.com/rss: Failed to perform, curl: (6) Could not resolve host: cointelegraph.com. See https://curl.se/libcurl/c/libcurl-errors.html first for more details.
Error fetching https://bitcoinmagazine.com/feed: Failed to perform, curl: (6) Could not resolve host: bitcoinmagazine.com. See https://curl.se/libcurl/c/libcurl-errors.html first for more details.
Error fetching https://decrypt.co/feed: Failed to perform, curl: (6) Could not resolve host: decrypt.co. See https://curl.se/libcurl/c/libcurl-errors.html first for more details.
Error fetching https://pcguru.hu/rss: Failed to perform, curl: (6) Could not resolve host: pcguru.hu. See https://curl.se/libcurl/c/libcurl-errors.html first for more details.
Error fetching https://www.forbes.com/most-popular/feed/: Failed to perform, curl: (6) Could not resolve host: www.forbes.com. See https://curl.se/libcurl/c/libcurl-errors.html first for more details.
Error fetching https://hvg.hu/rss: Failed to perform, curl: (6) Could not resolve host: hvg.hu. See https://curl.se/libcurl/c/libcurl-errors.html first for more details.
Error fetching https://drive.hu/rss: Failed to perform, curl: (6) Could not resolve host: drive.hu. See https://curl.se/libcurl/c/libcurl-errors.html first for more details.
Error fetching https://bitcoinmagazine.com/.rss/full/: Failed to perform, curl: (6) Could not resolve host: bitcoinmagazine.com. See https://curl.se/libcurl/c/libcurl-errors.html first for more details.
Error fetching https://feeds.feedburner.com/ign/all: Failed to perform, curl: (6) Could not resolve host: feeds.feedburner.com. See https://curl.se/libcurl/c/libcurl-errors.html first for more details.
Error fetching https://techcrunch.com/feed: Failed to perform, curl: (6) Could not resolve host: techcrunch.com. See https://curl.se/libcurl/c/libcurl-errors.html first for more details.
Error fetching https://feeds.feedburner.com/ign/movies-articles: Failed to perform, curl: (6) Could not resolve host: feeds.feedburner.com. See https://curl.se/libcurl/c/libcurl-errors.html first for more details.
Error fetching https://gsplus.hu/site/rss/rss.xml: Failed to perform, curl: (6) Could not resolve host: gsplus.hu. See https://curl.se/libcurl/c/libcurl-errors.html first for more details.
Error fetching https://feeds.feedburner.com/ign/tv-articles: Failed to perform, curl: (6) Could not resolve host: feeds.feedburner.com. See https://curl.se/libcurl/c/libcurl-errors.html first for more details.
Error fetching https://24.hu/feed/: Failed to perform, curl: (6) Could not resolve host: 24.hu. See https://curl.se/libcurl/c/libcurl-errors.html first for more details.
Error fetching https://feeds.feedburner.com/ign/tech-articles: Failed to perform, curl: (6) Could not resolve host: feeds.feedburner.com. See https://curl.se/libcurl/c/libcurl-errors.html first for more details.
Error fetching https://feeds.feedburner.com/ign/games-all: Failed to perform, curl: (6) Could not resolve host: feeds.feedburner.com. See https://curl.se/libcurl/c/libcurl-errors.html first for more details.
Error fetching https://prog.hu/site/backend/proghu-rss.xml: Failed to perform, curl: (6) Could not resolve host: prog.hu. See https://curl.se/libcurl/c/libcurl-errors.html first for more details.
Error fetching https://rss.nytimes.com/services/xml/rss/nyt/Technology.xml: Failed to perform, curl: (6) Could not resolve host: rss.nytimes.com. See https://curl.se/libcurl/c/libcurl-errors.html first for more details.
Error fetching https://www.vezess.hu/feed/: Failed to perform, curl: (6) Could not resolve host: www.vezess.hu. See https://curl.se/libcurl/c/libcurl-errors.html first for more details.
Error fetching https://electrek.co/feed/: Failed to perform, curl: (6) Could not resolve host: electrek.co. See https://curl.se/libcurl/c/libcurl-errors.html first for more details.
Error fetching https://www.pcgamer.com/rss/: Failed to perform, curl: (6) Could not resolve host: www.pcgamer.com. See https://curl.se/libcurl/c/libcurl-errors.html first for more details.
Error fetching https://futurism.com/feed: Failed to perform, curl: (6) Could not resolve host: futurism.com. See https://curl.se/libcurl/c/libcurl-errors.html first for more details.
Error fetching https://www.sciencedaily.com/rss/all.xml: Failed to perform, curl: (6) Could not resolve host: www.sciencedaily.com. See https://curl.se/libcurl/c/libcurl-errors.html first for more details.
Error fetching https://techpowerup.com/rss/news: Failed to perform, curl: (6) Could not resolve host: techpowerup.com. See https://curl.se/libcurl/c/libcurl-errors.html first for more details.
Error fetching https://vezess.hu/rss: Failed to perform, curl: (6) Could not resolve host: vezess.hu. See https://curl.se/libcurl/c/libcurl-errors.html first for more details.
Error fetching https://rss.nytimes.com/services/xml/rss/nyt/Science.xml: Failed to perform, curl: (6) Could not resolve host: rss.nytimes.com. See https://curl.se/libcurl/c/libcurl-errors.html first for more details.
Error fetching https://index.hu/belfold/rss/: Failed to perform, curl: (6) Could not resolve host: index.hu. See https://curl.se/libcurl/c/libcurl-errors.html first for more details.
Error fetching https://www.pcwplus.hu/site/rss/rss.xml: Failed to perform, curl: (6) Could not resolve host: www.pcwplus.hu. See https://curl.se/libcurl/c/libcurl-errors.html first for more details.
Error fetching https://www.cnet.com/rss/all/: Failed to perform, curl: (6) Could not resolve host: www.cnet.com. See https://curl.se/libcurl/c/libcurl-errors.html first for more details.
Error fetching https://www.cnet.com/rss/news/: Failed to perform, curl: (6) Could not resolve host: www.cnet.com. See https://curl.se/libcurl/c/libcurl-errors.html first for more details.
Error fetching https://hold.hu/holdblog/feed: Failed to perform, curl: (6) Could not resolve host: hold.hu. See https://curl.se/libcurl/c/libcurl-errors.html first for more details.
[16:26:19] Image_Downloader: Download failed (https://www.mafab.hu/img/images/1(95).JPG): 404 Client Error: Not Found for url: https://www.mafab.hu/img/images/1(95).JPG
[16:26:26] Image_Downloader: Download failed (https://www.mafab.hu/img/images/1(95).JPG): 404 Client Error: Not Found for url: https://www.mafab.hu/img/images/1(95).JPG

===== PIPELINE RUN START 2026-09-02T16:26:40 [run_pipeline_persistent] =====
[16:36:16] Image_Downloader: Download failed (https://www.mafab.hu/img/images/1(95).JPG): 404 Client Error: Not Found for url: https://www.mafab.hu/img/images/1(95).JPG
[16:36:23] Image_Downloader: Download failed (https://www.mafab.hu/img/images/1(95).JPG): 404 Client Error: Not Found for url: https://www.mafab.hu/img/images/1(95).JPG

===== PIPELINE RUN START 2026-09-02T16:36:24 [run_pipeline_persistent] =====
[16:45:55] Image_Downloader: Download failed (https://www.mafab.hu/img/images/1(95).JPG): 404 Client Error: Not Found for url: https://www.mafab.hu/img/images/1(95).JPG
[16:46:02] Image_Downloader: Download failed (https://www.mafab.hu/img/images/1(95).JPG): 404 Client Error: Not Found for url: https://www.mafab.hu/img/images/1(95).JPG

===== PIPELINE RUN START 2026-09-02T16:46:16 [run_pipeline_persistent] =====
[16:55:51] Image_Downloader: Download failed (https://www.mafab.hu/img/images/1(95).JPG): 404 Client Error: Not Found for url: https://www.mafab.hu/img/images/1(95).JPG
[16:55:58] Image_Downloader: Download failed (https://www.mafab.hu/img/images/1(95).JPG): 404 Client Error: Not Found for url: https://www.mafab.hu/img/images/1(95).JPG

===== PIPELINE RUN START 2026-09-02T16:55:58 [run_pipeline_persistent] =====
[17:05:35] Image_Downloader: Download failed (https://www.mafab.hu/img/images/1(95).JPG): 404 Client Error: Not Found for url: https://www.mafab.hu/img/images/1(95).JPG
[17:05:43] Image_Downloader: Download failed (https://www.mafab.hu/img/images/1(95).JPG): 404 Client Error: Not Found for url: https://www.mafab.hu/img/images/1(95).JPG

===== PIPELINE RUN START 2026-09-02T17:05:56 [run_pipeline_persistent] =====
[17:15:35] Image_Downloader: Download failed (https://www.mafab.hu/img/images/1(95).JPG): 404 Client Error: Not Found for url: https://www.mafab.hu/img/images/1(95).JPG
[17:15:42] Image_Downloader: Download failed (https://www.mafab.hu/img/images/1(95).JPG): 404 Client Error: Not Found for url: https://www.mafab.hu/img/images/1(95).JPG

===== PIPELINE RUN START 2026-09-02T17:15:43 [run_pipeline_persistent] =====
[17:25:17] Image_Downloader: Download failed (https://www.mafab.hu/img/images/1(95).JPG): 404 Client Error: Not Found for url: https://www.mafab.hu/img/images/1(95).JPG
[17:25:24] Image_Downloader: Download failed (https://www.mafab.hu/img/images/1(95).JPG): 404 Client Error: Not Found for url: https://www.mafab.hu/img/images/1(95).JPG

===== PIPELINE RUN START 2026-09-02T17:25:38 [run_pipeline_persistent] =====
[17:35:09] Image_Downloader: Download failed (https://www.mafab.hu/img/images/1(95).JPG): 404 Client Error: Not Found for url: https://www.mafab.hu/img/images/1(95).JPG
[17:35:16] Image_Downloader: Download failed (https://www.mafab.hu/img/images/1(95).JPG): 404 Client Error: Not Found for url: https://www.mafab.hu/img/images/1(95).JPG

===== PIPELINE RUN START 2026-09-02T17:35:17 [run_pipeline_persistent] =====
[17:44:50] Image_Downloader: Download failed (https://www.mafab.hu/img/images/1(95).JPG): 404 Client Error: Not Found for url: https://www.mafab.hu/img/images/1(95).JPG
[17:44:57] Image_Downloader: Download failed (https://www.mafab.hu/img/images/1(95).JPG): 404 Client Error: Not Found for url: https://www.mafab.hu/img/images/1(95).JPG

===== PIPELINE RUN START 2026-09-02T17:45:11 [run_pipeline_persistent] =====
[17:54:49] Image_Downloader: Download failed (https://www.mafab.hu/img/images/1(95).JPG): 404 Client Error: Not Found for url: https://www.mafab.hu/img/images/1(95).JPG
[17:54:56] Image_Downloader: Download failed (https://www.mafab.hu/img/images/1(95).JPG): 404 Client Error: Not Found for url: https://www.mafab.hu/img/images/1(95).JPG

===== PIPELINE RUN START 2026-09-02T17:54:56 [run_pipeline_persistent] =====
[18:04:35] Image_Downloader: Download failed (https://www.mafab.hu/img/images/1(95).JPG): 404 Client Error: Not Found for url: https://www.mafab.hu/img/images/1(95).JPG
[18:04:42] Image_Downloader: Download failed (https://www.mafab.hu/img/images/1(95).JPG): 404 Client Error: Not Found for url: https://www.mafab.hu/img/images/1(95).JPG

===== PIPELINE RUN START 2026-09-02T18:04:55 [run_pipeline_persistent] =====
[18:14:32] Image_Downloader: Download failed (https://www.mafab.hu/img/images/1(95).JPG): 404 Client Error: Not Found for url: https://www.mafab.hu/img/images/1(95).JPG
[18:14:40] Image_Downloader: Download failed (https://www.mafab.hu/img/images/1(95).JPG): 404 Client Error: Not Found for url: https://www.mafab.hu/img/images/1(95).JPG

===== PIPELINE RUN START 2026-09-02T18:14:40 [run_pipeline_persistent] =====
[18:23:54] Image_Downloader: Download failed (https://www.mafab.hu/img/images/1(95).JPG): 404 Client Error: Not Found for url: https://www.mafab.hu/img/images/1(95).JPG
[18:24:01] Image_Downloader: Download failed (https://www.mafab.hu/img/images/1(95).JPG): 404 Client Error: Not Found for url: https://www.mafab.hu/img/images/1(95).JPG

===== PIPELINE RUN START 2026-09-02T18:24:15 [run_pipeline_persistent] =====
[18:32:52] Image_Downloader: Download failed (https://www.mafab.hu/img/images/1(95).JPG): 404 Client Error: Not Found for url: https://www.mafab.hu/img/images/1(95).JPG
[18:32:59] Image_Downloader: Download failed (https://www.mafab.hu/img/images/1(95).JPG): 404 Client Error: Not Found for url: https://www.mafab.hu/img/images/1(95).JPG

===== PIPELINE RUN START 2026-09-02T18:32:59 [run_pipeline_persistent] =====
[18:41:42] Image_Downloader: Download failed (https://www.mafab.hu/img/images/1(95).JPG): 404 Client Error: Not Found for url: https://www.mafab.hu/img/images/1(95).JPG
[18:41:49] Image_Downloader: Download failed (https://www.mafab.hu/img/images/1(95).JPG): 404 Client Error: Not Found for url: https://www.mafab.hu/img/images/1(95).JPG

===== PIPELINE RUN START 2026-09-02T18:42:03 [run_pipeline_persistent] =====
[18:50:35] Image_Downloader: Download failed (https://www.mafab.hu/img/images/1(95).JPG): 404 Client Error: Not Found for url: https://www.mafab.hu/img/images/1(95).JPG
[18:50:42] Image_Downloader: Download failed (https://www.mafab.hu/img/images/1(95).JPG): 404 Client Error: Not Found for url: https://www.mafab.hu/img/images/1(95).JPG

===== PIPELINE RUN START 2026-09-02T18:50:43 [run_pipeline_persistent] =====
[18:59:20] Image_Downloader: Download failed (https://www.mafab.hu/img/images/1(95).JPG): 404 Client Error: Not Found for url: https://www.mafab.hu/img/images/1(95).JPG
[18:59:27] Image_Downloader: Download failed (https://www.mafab.hu/img/images/1(95).JPG): 404 Client Error: Not Found for url: https://www.mafab.hu/img/images/1(95).JPG

===== PIPELINE RUN START 2026-09-02T18:59:40 [run_pipeline_persistent] =====
[19:08:15] Image_Downloader: Download failed (https://www.mafab.hu/img/images/1(95).JPG): 404 Client Error: Not Found for url: https://www.mafab.hu/img/images/1(95).JPG
[19:08:22] Image_Downloader: Download failed (https://www.mafab.hu/img/images/1(95).JPG): 404 Client Error: Not Found for url: https://www.mafab.hu/img/images/1(95).JPG

===== PIPELINE RUN START 2026-09-02T19:08:22 [run_pipeline_persistent] =====
[19:16:53] Image_Downloader: Download failed (https://www.mafab.hu/img/images/1(95).JPG): 404 Client Error: Not Found for url: https://www.mafab.hu/img/images/1(95).JPG
[19:17:01] Image_Downloader: Download failed (https://www.mafab.hu/img/images/1(95).JPG): 404 Client Error: Not Found for url: https://www.mafab.hu/img/images/1(95).JPG

===== PIPELINE RUN START 2026-09-02T19:17:15 [run_pipeline_persistent] =====
[19:25:58] Image_Downloader: Download failed (https://www.mafab.hu/img/images/1(95).JPG): 404 Client Error: Not Found for url: https://www.mafab.hu/img/images/1(95).JPG
[19:26:05] Image_Downloader: Download failed (https://www.mafab.hu/img/images/1(95).JPG): 404 Client Error: Not Found for url: https://www.mafab.hu/img/images/1(95).JPG

===== PIPELINE RUN START 2026-09-02T19:26:05 [run_pipeline_persistent] =====
[19:34:37] Image_Downloader: Download failed (https://www.mafab.hu/img/images/1(95).JPG): 404 Client Error: Not Found for url: https://www.mafab.hu/img/images/1(95).JPG
[19:34:44] Image_Downloader: Download failed (https://www.mafab.hu/img/images/1(95).JPG): 404 Client Error: Not Found for url: https://www.mafab.hu/img/images/1(95).JPG

===== PIPELINE RUN START 2026-09-02T19:34:58 [run_pipeline_persistent] =====

--- RSS Fetch Errors at 2026-09-02 19:42:11 ---
Error fetching https://offmedia.hu/feed: Failed to perform, curl: (6) Could not resolve host: offmedia.hu. See https://curl.se/libcurl/c/libcurl-errors.html first for more details.
Error fetching https://the-zone.hu/feed: Failed to perform, curl: (6) Could not resolve host: the-zone.hu. See https://curl.se/libcurl/c/libcurl-errors.html first for more details.
Error fetching https://www.economx.hu/feed: Failed to perform, curl: (6) Could not resolve host: www.economx.hu. See https://curl.se/libcurl/c/libcurl-errors.html first for more details.
Error fetching https://fhm.com/feed: Failed to perform, curl: (6) Could not resolve host: fhm.com. See https://curl.se/libcurl/c/libcurl-errors.html first for more details.
Error fetching https://totalcar.hu/feed: Failed to perform, curl: (6) Could not resolve host: totalcar.hu. See https://curl.se/libcurl/c/libcurl-errors.html first for more details.
Error fetching https://aihirfolyam.hu/feed: Failed to perform, curl: (6) Could not resolve host: aihirfolyam.hu. See https://curl.se/libcurl/c/libcurl-errors.html first for more details.
Error fetching https://ng.24.hu/feed: Failed to perform, curl: (6) Could not resolve host: ng.24.hu. See https://curl.se/libcurl/c/libcurl-errors.html first for more details.
Error fetching https://prog.hu/hirek/rss: Failed to perform, curl: (6) Could not resolve host: prog.hu. See https://curl.se/libcurl/c/libcurl-errors.html first for more details.
Error fetching https://marieclaire.hu/feed: Failed to perform, curl: (6) Could not resolve host: marieclaire.hu. See https://curl.se/libcurl/c/libcurl-errors.html first for more details.
Error fetching https://nlc.hu/feed: Failed to perform, curl: (6) Could not resolve host: nlc.hu. See https://curl.se/libcurl/c/libcurl-errors.html first for more details.
Error fetching https://www.maxim.com/feed: Failed to perform, curl: (6) Could not resolve host: www.maxim.com. See https://curl.se/libcurl/c/libcurl-errors.html first for more details.
Error fetching https://sorozatjunkie.hu/feed: Failed to perform, curl: (6) Could not resolve host: sorozatjunkie.hu. See https://curl.se/libcurl/c/libcurl-errors.html first for more details.
Error fetching https://www.hwsw.hu/xml/latest_news_rss.xml: Failed to perform, curl: (6) Could not resolve host: www.hwsw.hu. See https://curl.se/libcurl/c/libcurl-errors.html first for more details.
Error fetching https://funzine.hu/feed: Failed to perform, curl: (6) Could not resolve host: funzine.hu. See https://curl.se/libcurl/c/libcurl-errors.html first for more details.
Error fetching https://velvet.hu/24ora/rss/: Failed to perform, curl: (6) Could not resolve host: velvet.hu. See https://curl.se/libcurl/c/libcurl-errors.html first for more details.
Error fetching https://player.hu/feed: Failed to perform, curl: (6) Could not resolve host: player.hu. See https://curl.se/libcurl/c/libcurl-errors.html first for more details.
Error fetching https://roadster.hu/feed: Failed to perform, curl: (6) Could not resolve host: roadster.hu. See https://curl.se/libcurl/c/libcurl-errors.html first for more details.
Error fetching https://firstclass.hu/feed: Failed to perform, curl: (6) Could not resolve host: firstclass.hu. See https://curl.se/libcurl/c/libcurl-errors.html first for more details.
Error fetching https://travelmagazin.hu/feed: Failed to perform, curl: (6) Could not resolve host: travelmagazin.hu. See https://curl.se/libcurl/c/libcurl-errors.html first for more details.
Error fetching https://caravantimes.co.uk/feed: Failed to perform, curl: (6) Could not resolve host: caravantimes.co.uk. See https://curl.se/libcurl/c/libcurl-errors.html first for more details.
Error fetching https://azutazo.hu/feed: Failed to perform, curl: (6) Could not resolve host: azutazo.hu. See https://curl.se/libcurl/c/libcurl-errors.html first for more details.
Error fetching https://www.penzcentrum.hu/rss/all.xml: Failed to perform, curl: (6) Could not resolve host: www.penzcentrum.hu. See https://curl.se/libcurl/c/libcurl-errors.html first for more details.
Error fetching https://9to5mac.com/feed/: Failed to perform, curl: (6) Could not resolve host: 9to5mac.com. See https://curl.se/libcurl/c/libcurl-errors.html first for more details.
[19:43:30] Image_Downloader: Download failed (https://www.mafab.hu/img/images/1(95).JPG): 404 Client Error: Not Found for url: https://www.mafab.hu/img/images/1(95).JPG
[19:43:38] Image_Downloader: Download failed (https://www.mafab.hu/img/images/1(95).JPG): 404 Client Error: Not Found for url: https://www.mafab.hu/img/images/1(95).JPG

===== PIPELINE RUN START 2026-09-02T19:43:38 [run_pipeline_persistent] =====
[19:52:18] Image_Downloader: Download failed (https://www.mafab.hu/img/images/1(95).JPG): 404 Client Error: Not Found for url: https://www.mafab.hu/img/images/1(95).JPG
[19:52:25] Image_Downloader: Download failed (https://www.mafab.hu/img/images/1(95).JPG): 404 Client Error: Not Found for url: https://www.mafab.hu/img/images/1(95).JPG

===== PIPELINE RUN START 2026-09-02T19:52:39 [run_pipeline_persistent] =====
[20:01:26] Image_Downloader: Download failed (https://www.mafab.hu/img/images/1(95).JPG): 404 Client Error: Not Found for url: https://www.mafab.hu/img/images/1(95).JPG
[20:01:33] Image_Downloader: Download failed (https://www.mafab.hu/img/images/1(95).JPG): 404 Client Error: Not Found for url: https://www.mafab.hu/img/images/1(95).JPG

===== PIPELINE RUN START 2026-09-02T20:01:33 [run_pipeline_persistent] =====
[20:10:06] Image_Downloader: Download failed (https://www.mafab.hu/img/images/1(95).JPG): 404 Client Error: Not Found for url: https://www.mafab.hu/img/images/1(95).JPG
[20:10:13] Image_Downloader: Download failed (https://www.mafab.hu/img/images/1(95).JPG): 404 Client Error: Not Found for url: https://www.mafab.hu/img/images/1(95).JPG

===== PIPELINE RUN START 2026-09-02T20:10:27 [run_pipeline_persistent] =====
[20:18:57] Image_Downloader: Download failed (https://www.mafab.hu/img/images/1(95).JPG): 404 Client Error: Not Found for url: https://www.mafab.hu/img/images/1(95).JPG
[20:19:04] Image_Downloader: Download failed (https://www.mafab.hu/img/images/1(95).JPG): 404 Client Error: Not Found for url: https://www.mafab.hu/img/images/1(95).JPG

===== PIPELINE RUN START 2026-09-02T20:19:04 [run_pipeline_persistent] =====
[20:27:38] Image_Downloader: Download failed (https://www.mafab.hu/img/images/1(95).JPG): 404 Client Error: Not Found for url: https://www.mafab.hu/img/images/1(95).JPG
[20:27:45] Image_Downloader: Download failed (https://www.mafab.hu/img/images/1(95).JPG): 404 Client Error: Not Found for url: https://www.mafab.hu/img/images/1(95).JPG

===== PIPELINE RUN START 2026-09-02T20:27:59 [run_pipeline_persistent] =====
[20:36:39] Image_Downloader: Download failed (https://www.mafab.hu/img/images/1(95).JPG): 404 Client Error: Not Found for url: https://www.mafab.hu/img/images/1(95).JPG
[20:36:47] Image_Downloader: Download failed (https://www.mafab.hu/img/images/1(95).JPG): 404 Client Error: Not Found for url: https://www.mafab.hu/img/images/1(95).JPG

===== PIPELINE RUN START 2026-09-02T20:36:47 [run_pipeline_persistent] =====
[20:45:20] Image_Downloader: Download failed (https://www.mafab.hu/img/images/1(95).JPG): 404 Client Error: Not Found for url: https://www.mafab.hu/img/images/1(95).JPG
[20:45:27] Image_Downloader: Download failed (https://www.mafab.hu/img/images/1(95).JPG): 404 Client Error: Not Found for url: https://www.mafab.hu/img/images/1(95).JPG

===== PIPELINE RUN START 2026-09-02T20:45:41 [run_pipeline_persistent] =====
[20:54:18] Image_Downloader: Download failed (https://www.mafab.hu/img/images/1(95).JPG): 404 Client Error: Not Found for url: https://www.mafab.hu/img/images/1(95).JPG
[20:54:25] Image_Downloader: Download failed (https://www.mafab.hu/img/images/1(95).JPG): 404 Client Error: Not Found for url: https://www.mafab.hu/img/images/1(95).JPG

===== PIPELINE RUN START 2026-09-02T20:54:26 [run_pipeline_persistent] =====

--- RSS Fetch Errors at 2026-09-02 21:01:41 ---
Error fetching https://femina.hu/24ora/rss.xml: Failed to perform, curl: (6) Could not resolve host: femina.hu. See https://curl.se/libcurl/c/libcurl-errors.html first for more details.
[21:02:59] Image_Downloader: Download failed (https://www.mafab.hu/img/images/1(95).JPG): 404 Client Error: Not Found for url: https://www.mafab.hu/img/images/1(95).JPG
[21:03:07] Image_Downloader: Download failed (https://www.mafab.hu/img/images/1(95).JPG): 404 Client Error: Not Found for url: https://www.mafab.hu/img/images/1(95).JPG

===== PIPELINE RUN START 2026-09-02T21:03:20 [run_pipeline_persistent] =====
[21:11:52] Image_Downloader: Download failed (https://www.mafab.hu/img/images/1(95).JPG): 404 Client Error: Not Found for url: https://www.mafab.hu/img/images/1(95).JPG
[21:11:59] Image_Downloader: Download failed (https://www.mafab.hu/img/images/1(95).JPG): 404 Client Error: Not Found for url: https://www.mafab.hu/img/images/1(95).JPG

===== PIPELINE RUN START 2026-09-02T21:12:00 [run_pipeline_persistent] =====
[21:20:36] Image_Downloader: Download failed (https://www.mafab.hu/img/images/1(95).JPG): 404 Client Error: Not Found for url: https://www.mafab.hu/img/images/1(95).JPG
[21:20:43] Image_Downloader: Download failed (https://www.mafab.hu/img/images/1(95).JPG): 404 Client Error: Not Found for url: https://www.mafab.hu/img/images/1(95).JPG

===== PIPELINE RUN START 2026-09-02T21:20:57 [run_pipeline_persistent] =====
[21:29:30] Image_Downloader: Download failed (https://www.mafab.hu/img/images/1(95).JPG): 404 Client Error: Not Found for url: https://www.mafab.hu/img/images/1(95).JPG
[21:29:38] Image_Downloader: Download failed (https://www.mafab.hu/img/images/1(95).JPG): 404 Client Error: Not Found for url: https://www.mafab.hu/img/images/1(95).JPG

===== PIPELINE RUN START 2026-09-02T21:29:38 [run_pipeline_persistent] =====

--- RSS Fetch Errors at 2026-09-02 21:36:52 ---
Error fetching https://hu.ign.com/feed.xml: Failed to perform, curl: (6) Could not resolve host: hu.ign.com. See https://curl.se/libcurl/c/libcurl-errors.html first for more details.
Error fetching https://hu.ign.com/feed.xml: Failed to perform, curl: (6) Could not resolve host: hu.ign.com. See https://curl.se/libcurl/c/libcurl-errors.html first for more details.
[21:38:11] Image_Downloader: Download failed (https://www.mafab.hu/img/images/1(95).JPG): 404 Client Error: Not Found for url: https://www.mafab.hu/img/images/1(95).JPG
[21:38:18] Image_Downloader: Download failed (https://www.mafab.hu/img/images/1(95).JPG): 404 Client Error: Not Found for url: https://www.mafab.hu/img/images/1(95).JPG

===== PIPELINE RUN START 2026-09-02T21:38:32 [run_pipeline_persistent] =====
[21:47:04] Image_Downloader: Download failed (https://www.mafab.hu/img/images/1(95).JPG): 404 Client Error: Not Found for url: https://www.mafab.hu/img/images/1(95).JPG
[21:47:11] Image_Downloader: Download failed (https://www.mafab.hu/img/images/1(95).JPG): 404 Client Error: Not Found for url: https://www.mafab.hu/img/images/1(95).JPG

===== PIPELINE RUN START 2026-09-02T21:47:11 [run_pipeline_persistent] =====
[21:55:55] Image_Downloader: Download failed (https://www.mafab.hu/img/images/1(95).JPG): 404 Client Error: Not Found for url: https://www.mafab.hu/img/images/1(95).JPG
[21:56:02] Image_Downloader: Download failed (https://www.mafab.hu/img/images/1(95).JPG): 404 Client Error: Not Found for url: https://www.mafab.hu/img/images/1(95).JPG

===== PIPELINE RUN START 2026-09-02T21:56:16 [run_pipeline_persistent] =====

--- RSS Fetch Errors at 2026-09-02 22:10:00 ---
Error fetching https://prohardver.hu/hirfolyam/anyagok/rss.xml: Failed to perform, curl: (6) Could not resolve host: prohardver.hu. See https://curl.se/libcurl/c/libcurl-errors.html first for more details.
Error fetching https://www.portfolio.hu/rss/: Failed to perform, curl: (6) Could not resolve host: www.portfolio.hu. See https://curl.se/libcurl/c/libcurl-errors.html first for more details.
Error fetching https://444.hu/feed: Failed to perform, curl: (6) Could not resolve host: 444.hu. See https://curl.se/libcurl/c/libcurl-errors.html first for more details.
Error fetching https://prohardver.hu/hirfolyam/hirek/rss.xml: Failed to perform, curl: (6) Could not resolve host: prohardver.hu. See https://curl.se/libcurl/c/libcurl-errors.html first for more details.
Error fetching https://telex.hu/rss: Failed to perform, curl: (6) Could not resolve host: telex.hu. See https://curl.se/libcurl/c/libcurl-errors.html first for more details.
Error fetching https://www.pcwplus.hu/site/rss/rss.xml: Failed to perform, curl: (6) Could not resolve host: www.pcwplus.hu. See https://curl.se/libcurl/c/libcurl-errors.html first for more details.
Error fetching https://index.hu/belfold/rss/: Failed to perform, curl: (6) Could not resolve host: index.hu. See https://curl.se/libcurl/c/libcurl-errors.html first for more details.
Error fetching https://telex.hu/rss/archivum?filters=%7B%22superTagSlugs%22%3A%5B%22eszkombajn%22%5D%2C%22parentId%22%3A%5B%22null%22%5D%7D&perPage=10: Failed to perform, curl: (6) Could not resolve host: telex.hu. See https://curl.se/libcurl/c/libcurl-errors.html first for more details.
Error fetching https://444.hu/category/belfold/feed: Failed to perform, curl: (6) Could not resolve host: 444.hu. See https://curl.se/libcurl/c/libcurl-errors.html first for more details.
Error fetching https://index.hu/sitemap/friss.xml: Failed to perform, curl: (6) Could not resolve host: index.hu. See https://curl.se/libcurl/c/libcurl-errors.html first for more details.
Error fetching https://444.hu/category/tudomany/feed: Failed to perform, curl: (6) Could not resolve host: 444.hu. See https://curl.se/libcurl/c/libcurl-errors.html first for more details.
Error fetching https://qubit.hu/feed: Failed to perform, curl: (6) Could not resolve host: qubit.hu. See https://curl.se/libcurl/c/libcurl-errors.html first for more details.
Error fetching https://index.hu/tudomany/rss/: Failed to perform, curl: (6) Could not resolve host: index.hu. See https://curl.se/libcurl/c/libcurl-errors.html first for more details.
Error fetching https://forbes.hu/feed/: Failed to perform, curl: (6) Could not resolve host: forbes.hu. See https://curl.se/libcurl/c/libcurl-errors.html first for more details.
Error fetching https://index.hu/24ora/rss: Failed to perform, curl: (6) Could not resolve host: index.hu. See https://curl.se/libcurl/c/libcurl-errors.html first for more details.
Error fetching https://sg.hu/plain/rss.xml: Failed to perform, curl: (6) Could not resolve host: sg.hu. See https://curl.se/libcurl/c/libcurl-errors.html first for more details.
Error fetching https://hold.hu/holdblog/feed: Failed to perform, curl: (6) Could not resolve host: hold.hu. See https://curl.se/libcurl/c/libcurl-errors.html first for more details.
Error fetching https://welovebudapest.com/feed/: Failed to perform, curl: (6) Could not resolve host: welovebudapest.com. See https://curl.se/libcurl/c/libcurl-errors.html first for more details.
Error fetching https://vezess.hu/rss: Failed to perform, curl: (6) Could not resolve host: vezess.hu. See https://curl.se/libcurl/c/libcurl-errors.html first for more details.
Error fetching https://rss.nytimes.com/services/xml/rss/nyt/Technology.xml: Failed to perform, curl: (6) Could not resolve host: rss.nytimes.com. See https://curl.se/libcurl/c/libcurl-errors.html first for more details.
Error fetching https://www.portfolio.hu/rss/all.xml: Failed to perform, curl: (6) Could not resolve host: www.portfolio.hu. See https://curl.se/libcurl/c/libcurl-errors.html first for more details.
Error fetching https://www.cnet.com/rss/all/: Failed to perform, curl: (6) Could not resolve host: www.cnet.com. See https://curl.se/libcurl/c/libcurl-errors.html first for more details.
Error fetching https://totalcar.hu/24ora/rss/: Failed to perform, curl: (6) Could not resolve host: totalcar.hu. See https://curl.se/libcurl/c/libcurl-errors.html first for more details.
Error fetching https://rss.nytimes.com/services/xml/rss/nyt/Science.xml: Failed to perform, curl: (6) Could not resolve host: rss.nytimes.com. See https://curl.se/libcurl/c/libcurl-errors.html first for more details.
Error fetching https://raketa.hu/feed: Failed to perform, curl: (6) Could not resolve host: raketa.hu. See https://curl.se/libcurl/c/libcurl-errors.html first for more details.
Error fetching https://www.vezess.hu/feed/: Failed to perform, curl: (6) Could not resolve host: www.vezess.hu. See https://curl.se/libcurl/c/libcurl-errors.html first for more details.
Error fetching https://www.sciencedaily.com/rss/top.xml: Failed to perform, curl: (6) Could not resolve host: www.sciencedaily.com. See https://curl.se/libcurl/c/libcurl-errors.html first for more details.
Error fetching https://www.sciencedaily.com/rss/all.xml: Failed to perform, curl: (6) Could not resolve host: www.sciencedaily.com. See https://curl.se/libcurl/c/libcurl-errors.html first for more details.
Error fetching https://www.nasa.gov/rss/dyn/breaking_news.rss: Failed to perform, curl: (6) Could not resolve host: www.nasa.gov. See https://curl.se/libcurl/c/libcurl-errors.html first for more details.
Error fetching https://futurism.com/feed: Failed to perform, curl: (6) Could not resolve host: futurism.com. See https://curl.se/libcurl/c/libcurl-errors.html first for more details.
Error fetching https://techpowerup.com/rss/news: Failed to perform, curl: (6) Could not resolve host: techpowerup.com. See https://curl.se/libcurl/c/libcurl-errors.html first for more details.
Error fetching https://github.blog/feed/: Failed to perform, curl: (6) Could not resolve host: github.blog. See https://curl.se/libcurl/c/libcurl-errors.html first for more details.
Error fetching https://www.gamingbible.com/index.rss: Failed to perform, curl: (6) Could not resolve host: www.gamingbible.com. See https://curl.se/libcurl/c/libcurl-errors.html first for more details.
Error fetching https://insideevs.com/rss/news/all/: Failed to perform, curl: (6) Could not resolve host: insideevs.com. See https://curl.se/libcurl/c/libcurl-errors.html first for more details.
Error fetching https://electrek.co/feed/: Failed to perform, curl: (6) Could not resolve host: electrek.co. See https://curl.se/libcurl/c/libcurl-errors.html first for more details.
Error fetching https://bitcoinmagazine.com/feed: Failed to perform, curl: (6) Could not resolve host: bitcoinmagazine.com. See https://curl.se/libcurl/c/libcurl-errors.html first for more details.
Error fetching https://www.pcgamer.com/rss/: Failed to perform, curl: (6) Could not resolve host: www.pcgamer.com. See https://curl.se/libcurl/c/libcurl-errors.html first for more details.
Error fetching https://decrypt.co/feed: Failed to perform, curl: (6) Could not resolve host: decrypt.co. See https://curl.se/libcurl/c/libcurl-errors.html first for more details.
Error fetching https://cointelegraph.com/rss: Failed to perform, curl: (6) Could not resolve host: cointelegraph.com. See https://curl.se/libcurl/c/libcurl-errors.html first for more details.
Error fetching https://bitcoinmagazine.com/.rss/full/: Failed to perform, curl: (6) Could not resolve host: bitcoinmagazine.com. See https://curl.se/libcurl/c/libcurl-errors.html first for more details.
Error fetching https://www.space.com/feeds/all: Failed to perform, curl: (6) Could not resolve host: www.space.com. See https://curl.se/libcurl/c/libcurl-errors.html first for more details.
Error fetching https://www.forbes.com/most-popular/feed/: Failed to perform, curl: (6) Could not resolve host: www.forbes.com. See https://curl.se/libcurl/c/libcurl-errors.html first for more details.
Error fetching https://pcguru.hu/rss: Failed to perform, curl: (6) Could not resolve host: pcguru.hu. See https://curl.se/libcurl/c/libcurl-errors.html first for more details.
Error fetching https://blog.google/rss/: Failed to perform, curl: (6) Could not resolve host: blog.google. See https://curl.se/libcurl/c/libcurl-errors.html first for more details.
Error fetching https://drive.hu/rss: Failed to perform, curl: (6) Could not resolve host: drive.hu. See https://curl.se/libcurl/c/libcurl-errors.html first for more details.
Error fetching https://feeds.feedburner.com/ign/tech-articles: Failed to perform, curl: (6) Could not resolve host: feeds.feedburner.com. See https://curl.se/libcurl/c/libcurl-errors.html first for more details.
Error fetching https://gsplus.hu/site/rss/rss.xml: Failed to perform, curl: (6) Could not resolve host: gsplus.hu. See https://curl.se/libcurl/c/libcurl-errors.html first for more details.
Error fetching https://techcrunch.com/feed: Failed to perform, curl: (6) Could not resolve host: techcrunch.com. See https://curl.se/libcurl/c/libcurl-errors.html first for more details.
Error fetching https://feeds.feedburner.com/ign/games-all: Failed to perform, curl: (6) Could not resolve host: feeds.feedburner.com. See https://curl.se/libcurl/c/libcurl-errors.html first for more details.
Error fetching https://feeds.forbes.com/real-time/feed2/: Failed to perform, curl: (6) Could not resolve host: feeds.forbes.com. See https://curl.se/libcurl/c/libcurl-errors.html first for more details.
Error fetching https://hvg.hu/rss: Failed to perform, curl: (6) Could not resolve host: hvg.hu. See https://curl.se/libcurl/c/libcurl-errors.html first for more details.
Error fetching https://feeds.feedburner.com/ign/movies-articles: Failed to perform, curl: (6) Could not resolve host: feeds.feedburner.com. See https://curl.se/libcurl/c/libcurl-errors.html first for more details.
Error fetching https://feeds.feedburner.com/ign/all: Failed to perform, curl: (6) Could not resolve host: feeds.feedburner.com. See https://curl.se/libcurl/c/libcurl-errors.html first for more details.
Error fetching https://prog.hu/site/backend/proghu-rss.xml: Failed to perform, curl: (6) Could not resolve host: prog.hu. See https://curl.se/libcurl/c/libcurl-errors.html first for more details.
Error fetching https://feeds.feedburner.com/ign/tv-articles: Failed to perform, curl: (6) Could not resolve host: feeds.feedburner.com. See https://curl.se/libcurl/c/libcurl-errors.html first for more details.
Error fetching https://24.hu/feed/: Failed to perform, curl: (6) Could not resolve host: 24.hu. See https://curl.se/libcurl/c/libcurl-errors.html first for more details.
Error fetching https://index.hu/kulfold/rss/: Failed to perform, curl: (6) Could not resolve host: index.hu. See https://curl.se/libcurl/c/libcurl-errors.html first for more details.
Error fetching https://www.livescience.com/feeds/all: Failed to perform, curl: (6) Could not resolve host: www.livescience.com. See https://curl.se/libcurl/c/libcurl-errors.html first for more details.
Error fetching https://insideevs.com/rss/articles/all: Failed to perform, curl: (6) Could not resolve host: insideevs.com. See https://curl.se/libcurl/c/libcurl-errors.html first for more details.
Error fetching https://www.penzcentrum.hu/rss: Failed to perform, curl: (6) Could not resolve host: www.penzcentrum.hu. See https://curl.se/libcurl/c/libcurl-errors.html first for more details.
Error fetching https://sg.hu/rss: Failed to perform, curl: (6) Could not resolve host: sg.hu. See https://curl.se/libcurl/c/libcurl-errors.html first for more details.
Error fetching https://www.cnet.com/rss/news/: Failed to perform, curl: (6) Could not resolve host: www.cnet.com. See https://curl.se/libcurl/c/libcurl-errors.html first for more details.
Error fetching https://esport1.hu/rss: Failed to perform, curl: (6) Could not resolve host: esport1.hu. See https://curl.se/libcurl/c/libcurl-errors.html first for more details.
Error fetching https://hwsw.hu/xml/latest_news_rss.xml: Failed to perform, curl: (6) Could not resolve host: hwsw.hu. See https://curl.se/libcurl/c/libcurl-errors.html first for more details.
Error fetching https://media.sg.hu/rss/rss.xml: Failed to perform, curl: (6) Could not resolve host: media.sg.hu. See https://curl.se/libcurl/c/libcurl-errors.html first for more details.
[22:27:34] Image_Downloader: Download failed (https://www.mafab.hu/img/images/1(95).JPG): 404 Client Error: Not Found for url: https://www.mafab.hu/img/images/1(95).JPG
[22:27:41] Image_Downloader: Download failed (https://www.mafab.hu/img/images/1(95).JPG): 404 Client Error: Not Found for url: https://www.mafab.hu/img/images/1(95).JPG

===== PIPELINE RUN START 2026-09-02T22:27:55 [run_pipeline_persistent] =====
[22:36:32] Image_Downloader: Download failed (https://www.mafab.hu/img/images/1(95).JPG): 404 Client Error: Not Found for url: https://www.mafab.hu/img/images/1(95).JPG
[22:36:39] Image_Downloader: Download failed (https://www.mafab.hu/img/images/1(95).JPG): 404 Client Error: Not Found for url: https://www.mafab.hu/img/images/1(95).JPG

===== PIPELINE RUN START 2026-09-02T22:36:40 [run_pipeline_persistent] =====
[22:45:12] Image_Downloader: Download failed (https://www.mafab.hu/img/images/1(95).JPG): 404 Client Error: Not Found for url: https://www.mafab.hu/img/images/1(95).JPG
[22:45:19] Image_Downloader: Download failed (https://www.mafab.hu/img/images/1(95).JPG): 404 Client Error: Not Found for url: https://www.mafab.hu/img/images/1(95).JPG

===== PIPELINE RUN START 2026-09-02T22:45:33 [run_pipeline_persistent] =====
[22:54:12] Image_Downloader: Download failed (https://www.mafab.hu/img/images/1(95).JPG): 404 Client Error: Not Found for url: https://www.mafab.hu/img/images/1(95).JPG
[22:54:19] Image_Downloader: Download failed (https://www.mafab.hu/img/images/1(95).JPG): 404 Client Error: Not Found for url: https://www.mafab.hu/img/images/1(95).JPG

===== PIPELINE RUN START 2026-09-02T22:54:20 [run_pipeline_persistent] =====
[23:03:07] Image_Downloader: Download failed (https://www.mafab.hu/img/images/1(95).JPG): 404 Client Error: Not Found for url: https://www.mafab.hu/img/images/1(95).JPG
[23:03:14] Image_Downloader: Download failed (https://www.mafab.hu/img/images/1(95).JPG): 404 Client Error: Not Found for url: https://www.mafab.hu/img/images/1(95).JPG

===== PIPELINE RUN START 2026-09-02T23:03:28 [run_pipeline_persistent] =====
[23:12:01] Image_Downloader: Download failed (https://www.mafab.hu/img/images/1(95).JPG): 404 Client Error: Not Found for url: https://www.mafab.hu/img/images/1(95).JPG
[23:12:09] Image_Downloader: Download failed (https://www.mafab.hu/img/images/1(95).JPG): 404 Client Error: Not Found for url: https://www.mafab.hu/img/images/1(95).JPG

===== PIPELINE RUN START 2026-09-02T23:12:09 [run_pipeline_persistent] =====
[23:20:40] Image_Downloader: Download failed (https://www.mafab.hu/img/images/1(95).JPG): 404 Client Error: Not Found for url: https://www.mafab.hu/img/images/1(95).JPG
[23:20:47] Image_Downloader: Download failed (https://www.mafab.hu/img/images/1(95).JPG): 404 Client Error: Not Found for url: https://www.mafab.hu/img/images/1(95).JPG

===== PIPELINE RUN START 2026-09-02T23:21:01 [run_pipeline_persistent] =====
[23:29:42] Image_Downloader: Download failed (https://www.mafab.hu/img/images/1(95).JPG): 404 Client Error: Not Found for url: https://www.mafab.hu/img/images/1(95).JPG
[23:29:49] Image_Downloader: Download failed (https://www.mafab.hu/img/images/1(95).JPG): 404 Client Error: Not Found for url: https://www.mafab.hu/img/images/1(95).JPG

===== PIPELINE RUN START 2026-09-02T23:29:49 [run_pipeline_persistent] =====
[23:38:25] Image_Downloader: Download failed (https://www.mafab.hu/img/images/1(95).JPG): 404 Client Error: Not Found for url: https://www.mafab.hu/img/images/1(95).JPG
[23:38:32] Image_Downloader: Download failed (https://www.mafab.hu/img/images/1(95).JPG): 404 Client Error: Not Found for url: https://www.mafab.hu/img/images/1(95).JPG

===== PIPELINE RUN START 2026-09-02T23:38:46 [run_pipeline_persistent] =====
[23:47:19] Image_Downloader: Download failed (https://www.mafab.hu/img/images/1(95).JPG): 404 Client Error: Not Found for url: https://www.mafab.hu/img/images/1(95).JPG
[23:47:26] Image_Downloader: Download failed (https://www.mafab.hu/img/images/1(95).JPG): 404 Client Error: Not Found for url: https://www.mafab.hu/img/images/1(95).JPG

===== PIPELINE RUN START 2026-09-02T23:47:26 [run_pipeline_persistent] =====
[23:56:01] Image_Downloader: Download failed (https://www.mafab.hu/img/images/1(95).JPG): 404 Client Error: Not Found for url: https://www.mafab.hu/img/images/1(95).JPG
[23:56:08] Image_Downloader: Download failed (https://www.mafab.hu/img/images/1(95).JPG): 404 Client Error: Not Found for url: https://www.mafab.hu/img/images/1(95).JPG

===== PIPELINE RUN START 2026-09-02T23:56:22 [run_pipeline_persistent] =====
[00:04:59] Image_Downloader: Download failed (https://www.mafab.hu/img/images/1(95).JPG): 404 Client Error: Not Found for url: https://www.mafab.hu/img/images/1(95).JPG
[00:05:06] Image_Downloader: Download failed (https://www.mafab.hu/img/images/1(95).JPG): 404 Client Error: Not Found for url: https://www.mafab.hu/img/images/1(95).JPG
